POI_ID,名称,经度,纬度,地址,电话,类型,类型编码,省份,城市,区县,商圈,邮编,数据来源关键词,数据来源区县
B0FFLELBAE,BMW公共充电桩,116.418592,39.914689,励骏酒店停车场(灯市口地铁站C东南口步行340米),[],汽车服务;充电站;充电站,011100,北京市,北京市,东城区,东单,[],充电站,东城区
B0L2T61XDU,PP充电汽车充电站(北京和平里宾馆),116.414390,39.960087,和平里兴化路化工大院4号楼北京和平里宾馆,4006370518,汽车服务;充电站;充电站,011100,北京市,北京市,东城区,安贞,[],充电站,东城区
B0HKFO3NDH,bp pulse汽车充电站(bp pulse快充站北京百荣嘉园大厦),116.394792,39.866642,百荣嘉园大厦停车场,4006644086,汽车服务;充电站;充电站,011100,北京市,北京市,东城区,马家堡村,[],充电站,东城区
B0H3DCRN75,一瓦充电充电站(和平里医院),116.413036,39.958644,和平里医院(靠近西门处),[],汽车服务;充电站;充电站,011100,北京市,北京市,东城区,和平里,[],充电站,东城区
B0J2SPJRPT,万城万充汽车充电站(歌华大厦),116.425040,39.949034,歌华大厦停车场,4008083392,汽车服务;充电站;充电站,011100,北京市,北京市,东城区,东直门,[],充电站,东城区
B0LUUKPTRR,万马爱充汽车充电站(万马爱充金宝大厦站),116.419960,39.916035,建国门街道金宝街89号金宝大厦地下车库,4000850006,汽车服务;充电站;充电站,011100,北京市,北京市,东城区,东四,[],充电站,东城区
B0MD1LV0WW,东四小区南门电动自行车充电桩,116.427017,39.925332,朝阳门内大街148号,[],汽车服务;充电站;充电站,011100,北京市,北京市,东城区,东四,[],充电站,东城区
B0MATLXH92,中国化学大厦充电站(东直门内大街),116.431825,39.940375,仓夹道与北新仓胡同交叉口北40米,[],汽车服务;充电站;充电站,011100,北京市,北京市,东城区,东直门,[],充电站,东城区
B0MAX4K8WQ,中国石化汽车充电站(出版社充电站内部充电站),116.408844,39.963657,安定门外大街58号,95105888,汽车服务;充电站;专用充电站,011103,北京市,北京市,东城区,和平里,[],充电站,东城区
B0K0JB9GO3,中国石化汽车充电站(幸福路全季酒店充电站),116.387260,39.870296,永定门外街道彭庄甲58号全季酒店停车场,95105888,汽车服务;充电站;充电站,011100,北京市,北京市,东城区,右安门,[],充电站,东城区
B0KKDB0WBD,中国石化汽车充电站(鼎新大厦充电站),116.435804,39.894440,东花市街道广渠门内大街29号鼎新大厦西门地上停车场,95105888,汽车服务;充电站;充电站,011100,北京市,北京市,东城区,广渠门,[],充电站,北京市
B0L02UO1V8,丹途骏胜汽车充电站(沙子口),116.407980,39.859170,北京市东城区沙子口路沙子口路78号院,15510120805;4000826699,汽车服务;充电站;充电站,011100,北京市,北京市,东城区,赵公口,[],充电站,北京市
B0LUX9PIMQ,云快充充电站(大磨坊文创园站),116.397610,39.869257,三元街与永定门桥交叉口南180米,[],汽车服务;充电站;充电站,011100,北京市,北京市,东城区,[],[],充电站,东城区
B0J1Z7JTIY,云快充汽车充电站(万国城MOMA淘淘充充电站),116.437132,39.949229,香河园路1号万国城MOMA8号楼北1门外地面停车场,13318415103;4008288517,汽车服务;充电站;充电站,011100,北京市,北京市,东城区,柳芳,[],充电站,东城区
B0KUPUEM5Z,云快充目的地充电站(北京泓慧能源),116.416336,39.928360,时代凌宇,4008288517,汽车服务;充电站;个人充电站,011104,北京市,北京市,东城区,东四,[],充电站,东城区
B0JRPKCJ4B,云快充目的地充电站(港澳中心瑞士酒店),116.435750,39.932777,朝阳门北大街2号东门(东四十条地铁站C东南口步行180米),4008288517,汽车服务;充电站;充电站,011100,北京市,北京市,东城区,东四,[],充电站,东城区
B0MDO7WIAT,仓4-10电动自行车充电桩,116.428095,39.928511,南门仓胡同4号,[],汽车服务;充电站;充电站,011100,北京市,北京市,东城区,东四,[],充电站,东城区
B0HA3R4TNO,优易充charge汽车充电站(东城区安定门10166充电扬招站),116.402181,39.943440,华丰胡同与北锣鼓巷交叉口西南80米,[],汽车服务;充电站;专用充电站,011103,北京市,北京市,东城区,安定门,[],充电站,东城区
B0MBZABUZO,优易充充电站(北京市东城区远东仪表厂公共充电站),116.429534,39.959116,和平里北街与东土城路交叉口西200米,[],汽车服务;充电站;充电站,011100,北京市,北京市,东城区,和平里,[],充电站,东城区
B0JAX53JO9,依威能源汽车充电站(尼奥大厦),116.435644,39.895870,南里东区8号尼奥大厦地下停车场B3-32,4001800910,汽车服务;充电站;充电站,011100,北京市,北京市,东城区,花市,[],充电站,东城区
B0FFL2IQU9,依威能源汽车充电站(当代MOMA),116.438224,39.950623,北京市香河园路1号(近奥克伍德公寓)当代MOMA,4001800910,汽车服务;充电站;充电站,011100,北京市,北京市,东城区,柳芳,[],充电站,东城区
B0FFHNXSR7,依威能源汽车充电站(新成文化大厦),116.418018,39.893932,北京市东城区崇外大街11号新成文化大厦B座(东门),4001800910,汽车服务;充电站;充电站,011100,北京市,北京市,东城区,花市,[],充电站,东城区
B0FFHNXSR5,依威能源汽车充电站(新裕商务大厦),116.422503,39.892856,广渠门内大街90号新裕家园西区地下停车场008,4001800910,汽车服务;充电站;充电站,011100,北京市,北京市,东城区,[],[],充电站,东城区
B0FFL82I1F,依威能源汽车充电站(新裕家园东区),116.425994,39.893125,南河漕胡同与广渠门内大街交叉口东南50米广渠门内大街86号楼地下停车场,4001800910,汽车服务;充电站;充电站,011100,北京市,北京市,东城区,[],[],充电站,东城区
B0FFL6BVBZ,依威能源汽车充电站(明阳国际中心),116.423432,39.911460,西总布胡同46号明阳国际中心地下停车场B2层A1区B2-027,4001800910,汽车服务;充电站;充电站,011100,北京市,北京市,东城区,东单,[],充电站,东城区
B0LDCNHK1P,依威能源汽车充电站(王府77),116.410446,39.920227,北京市东华门街道王府井大街75号,4001800910,汽车服务;充电站;充电站,011100,北京市,北京市,东城区,灯市口,[],充电站,东城区
B0FFJY9FRQ,依威能源汽车充电站(远洋德邑),116.447054,39.894898,忠实里南街6号地面停车场(广渠门外地铁站A西北口步行450米),4001800910,汽车服务;充电站;个人充电站,011104,北京市,北京市,东城区,广渠门,[],充电站,东城区
B0IU3RFTA2,保时捷汽车充电站(北京王府中环保时捷超级充电站),116.410250,39.912525,王府井大街269号地下停车库B4层4250、4251车位,4006910911,汽车服务;充电站;充电站,011100,北京市,北京市,东城区,王府井,[],充电站,东城区
B0MU61WIUR,公牛充电汽车充电站(-北京市东城区交道口街道景阳胡同南锣鼓巷),116.400905,39.937380,交道口街道景阳胡同南锣鼓巷,[],汽车服务;充电站;充电站,011100,北京市,北京市,东城区,安定门,[],充电站,东城区
B0MAMO79TN,北京中央歌剧院极充站,116.435825,39.930175,富华大厦南路与东中街交叉口西80米,[],汽车服务;充电站;充电站,011100,北京市,北京市,东城区,东四,[],充电站,东城区
B0FFHQ2VCK,北京华侨大厦充电站,116.411587,39.923567,王府井大街与翠花胡同交叉口东北80米,[],商务住宅;楼宇;楼宇相关,120200,北京市,北京市,东城区,灯市口,[],充电站,东城区
B0HK1LBPF0,北京嘉德艺术中心(简单冲),116.409942,39.923639,王府井大街1号(中国美术馆地铁站D1西南口步行60米),4001660606,汽车服务;充电站;充电站,011100,北京市,北京市,东城区,王府井,[],充电站,东城区
B0HK1LC39K,北京天坛西里(简单冲),116.400878,39.873536,永定门内大街160号,4001660606,汽车服务;充电站;充电站,011100,北京市,北京市,东城区,天桥,[],充电站,东城区
B0L0SPHQFY,北京天坛西里充电站,116.400953,39.873584,永定门内大街辅路与永定门东街辅路交叉口北80米,[],汽车服务;充电站;充电站,011100,北京市,北京市,东城区,天桥,[],充电站,东城区
B0IASHKTNK,北京恩宜汽车充电站(北京国际饭店站),116.427256,39.909974,北京国际饭店地面停车场,010-63968266;4000826699,汽车服务;充电站;充电站,011100,北京市,北京市,东城区,朝阳门,[],充电站,东城区
B0JKOUNFAN,北京车联网汽车充电站(中央歌剧院),116.435792,39.930039,东直门街道东中街115号停车场B2,18301081505,汽车服务;充电站;充电站,011100,北京市,北京市,东城区,东四,[],充电站,东城区
B0MGBCTXQD,北京静交超级充电站(华通北京站地上停车场充电站·华为超充技术支持),116.430740,39.904644,毛家湾胡同甲13号北京站,[],汽车服务;充电站;充电站,011100,北京市,北京市,东城区,北京站,[],充电站,东城区
B0MBBOX7PV,北京首兴智行停车场管理有限公司汽车充电站(隆福寺南坊),116.414985,39.924591,隆福寺前街1号隆福寺南坊地下夹层,4000400697,汽车服务;充电站;充电站,011100,北京市,北京市,东城区,东四,[],充电站,东城区
B0MD1LUS9B,北小街4-12单元门口电动自行车充电桩,116.426597,39.929002,朝阳门北小街4-1号,[],汽车服务;充电站;充电站,011100,北京市,北京市,东城区,东四,[],充电站,东城区
B0HR6N4LWC,北汽新能源汽车充电站,116.431520,39.937145,仓夹道与海运仓胡同交叉口北60米,[],汽车服务;充电站;充电站,011100,北京市,北京市,东城区,东四,[],充电站,东城区
B0FFGZMI0K,北汽新能源汽车充电站(和平里南街),116.420577,39.954531,和平里五区甲12号楼北京市东城区质量技术监督局附近,[],汽车服务;充电站;充电站,011100,北京市,北京市,东城区,地坛,[],充电站,东城区
B0FFMEP2JW,华商三优充电站(安定门外大街10002充电扬招站),116.408440,39.953629,"安定门外大街道路东侧,地坛公园西门前",[],汽车服务;充电站;专用充电站,011103,北京市,北京市,东城区,安定门,[],充电站,东城区
B0G14XGDYQ,华商三优汽车充电站(东城区东四西大街10036充电扬招站),116.416877,39.924562,"东四路口向西约100米,地铁6号线东四站西南口处",[],汽车服务;充电站;专用充电站,011103,北京市,北京市,东城区,东四,[],充电站,东城区
B0FFMEOTQ2,华商三优汽车充电站(东城区东四西大街10038充电扬招站),116.417165,39.924656,"朝阳门内大街道路南侧,东四路口东南角,地铁5号线东四站C口门前",[],汽车服务;充电站;专用充电站,011103,北京市,北京市,东城区,东四,[],充电站,东城区
B0FFMEDF6Y,华商三优汽车充电站(东城区体育馆路10092充电扬招站),116.430129,39.884320,体育馆路-道路停车位,[],汽车服务;充电站;专用充电站,011103,北京市,北京市,东城区,龙潭湖,[],充电站,东城区
B0FFMEOTPD,华商三优汽车充电站(东城区体育馆路北侧10065充电扬招站),116.422564,39.884123,"体育馆路道路北侧,靠近体育馆路西口处,雅迪电动车前",[],汽车服务;充电站;专用充电站,011103,北京市,北京市,东城区,[],[],充电站,东城区
B0FFMEP2IW,华商三优汽车充电站(东城区安定门10166充电扬招站),116.408548,39.949782,"安定门桥东北角,地铁安定门站B东北口",[],汽车服务;充电站;专用充电站,011103,北京市,北京市,东城区,安定门,[],充电站,东城区
B0I63R07S9,华商三优汽车充电站(东城区崇文门外大街东侧10018充电扬招站),116.420872,39.885402,"崇文门外大街道路东侧,红桥路口南侧天桥",[],汽车服务;充电站;专用充电站,011103,北京市,北京市,东城区,[],[],充电站,东城区
B0FFMEOTQE,华商三优汽车充电站(东城区朝阳门内大街北侧10131充电扬招站),116.425501,39.924649,朝阳门内大街-道路停车位,[],汽车服务;充电站;专用充电站,011103,北京市,北京市,东城区,东四,[],充电站,东城区
B0FFMEDLCU,华商三优汽车充电站(崇文门外大街东侧),116.419684,39.887432,东大地街1号西南方向60米崇文门外大街辅路-道路停车位,[],汽车服务;充电站;专用充电站,011103,北京市,北京市,东城区,[],[],充电站,东城区
B0FFH1403N,友诚商务楼-停车场电动汽车充电站,116.421990,39.930300,东四六条45号,[],汽车服务;充电站;充电站,011100,北京市,北京市,东城区,东四,[],充电站,东城区
B0MBT4AC3U,国家电网充电站(北京市东城区贡院充电站),116.434075,39.910425,北顺城街与南牌坊胡同交叉口东南40米,[],汽车服务;充电站;充电站,011100,北京市,北京市,东城区,建国门,[],充电站,东城区
B0FFHZZOO6,国家电网充电站(崇文科技大厦),116.412822,39.900024,东打磨厂街7号崇文科技大厦停车场,18601376118,汽车服务;充电站;充电站,011100,北京市,北京市,东城区,[],[],充电站,东城区
B0L24KNEPW,国家电网汽车充电站(北京市东城区东总布胡同公共充电站SDK),116.430096,39.912107,建国门街道东总布胡同小羊宜宾胡同小区,18601376118,汽车服务;充电站;充电站,011100,北京市,北京市,东城区,朝阳门,[],充电站,东城区
B0G07Z11YF,国家电网汽车充电站(北京市东城区东环广场),116.435442,39.937557,东中街19号东环广场A座西侧地面停车场035,[],汽车服务;充电站;充电站,011100,北京市,北京市,东城区,东四,[],充电站,东城区
B0LD5ZUASO,国家电网汽车充电站(北京市东城区哈德门广场B2停车场),116.421295,39.900011,崇文门外大街8号哈德门广场地下二层停车场,[],汽车服务;充电站;充电站,011100,北京市,北京市,东城区,花市,[],充电站,东城区
B0L24PMHXH,国家电网汽车充电站(北京市东城区哈德门广场B4停车场公共充电站),116.421295,39.900010,哈德门广场地下四层停车场(崇文门地铁站G东南口步行250米),18601376118,汽车服务;充电站;充电站,011100,北京市,北京市,东城区,花市,[],充电站,东城区
B0LULD9FIQ,国家电网汽车充电站(北京市东城区国家体育总局训练局有序公共充电站),116.426970,39.881290,国家体育总局训练局,18601376118,汽车服务;充电站;充电站,011100,北京市,北京市,东城区,左安门,[],充电站,东城区
B0HA710NKD,国家电网汽车充电站(北京市东城区地坛体育中心东侧公共充电站SDK),116.410160,39.953872,安定门外大街地坛公园13号北京地坛体育中心停车场(煤机大厦东),[],汽车服务;充电站;充电站,011100,北京市,北京市,东城区,安定门,[],充电站,东城区
B0FFLAMA3R,国家电网汽车充电站(北京市东城区天坛体育中心东侧公共充电站),116.419460,39.880314,天坛东路13号地面停车场(天坛东门地铁站C东南口步行300米),18601376118,汽车服务;充电站;充电站,011100,北京市,北京市,东城区,[],[],充电站,东城区
B000AA1435,国家电网汽车充电站(北京市东城区天坛体育中心西侧公共充电站),116.418043,39.880125,天坛体育活动中心地面停车场,[],汽车服务;充电站;充电站,011100,北京市,北京市,东城区,[],[],充电站,东城区
B0JGY5VVND,国家电网汽车充电站(北京市东城区天坛公园南门公共充电站),116.414310,39.874310,天坛街道永定门东街东里天坛南里东区,18601376118,汽车服务;充电站;充电站,011100,北京市,北京市,东城区,蒲黄榆,[],充电站,东城区
B0FFI1BXWE,国家电网汽车充电站(北京市东城区工美大厦),116.411751,39.910633,王府井大街200号工美大厦地下停车场,[],汽车服务;充电站;充电站,011100,北京市,北京市,东城区,王府井,[],充电站,东城区
B0FFHXNDUB,国家电网汽车充电站(北京市东城区承发包公司公共充电站),116.412796,39.898440,祈年大街承发包有限公司,18601376118,汽车服务;充电站;充电站,011100,北京市,北京市,东城区,[],[],充电站,东城区
B0L24KMKTV,国家电网汽车充电站(北京市东城区正仁大厦公共充电站),116.417790,39.895416,崇文门外大街9号正仁大厦停车场,18601376118,汽车服务;充电站;充电站,011100,北京市,北京市,东城区,珠市口,[],充电站,东城区
B0JGY5XKYF,国家电网汽车充电站(北京市东城区永定门东街公共充电站),116.410961,39.874018,天坛街道永定门东街东里天坛公园地面停车场,18601376118,汽车服务;充电站;充电站,011100,北京市,北京市,东城区,蒲黄榆,[],充电站,东城区
B0FFGG5X0C,国家电网汽车充电站(北京市东城区王府井霞公府公共充电站),116.407720,39.909496,霞公府街3号地下停车场2层西侧,[],汽车服务;充电站;充电站,011100,北京市,北京市,东城区,东单,[],充电站,东城区
B0IG1CGYWN,国家电网汽车充电站(北京市东城区环球贸易中心C座B2停车场),116.409856,39.967265,北三环东路36号环球贸易中心C座B2停车场,95598,汽车服务;充电站;充电站,011100,北京市,北京市,东城区,和平里,[],充电站,东城区
B0I1AHF7Y4,国家电网汽车充电站(北京市东城区环球贸易中心D座B2停车场公共充电站),116.410911,39.966999,北三环东路36号环球贸易中心D座地下停车场D5-002,95598,汽车服务;充电站;充电站,011100,北京市,北京市,东城区,和平里,[],充电站,东城区
B0I1AHCEE3,国家电网汽车充电站(北京市东城区环球贸易中心E座B2停车场公共充电站),116.410471,39.965904,北京城区北三环东路36号环球贸易中心地下停车场E1-010,18601376118,汽车服务;充电站;充电站,011100,北京市,北京市,东城区,和平里,[],充电站,东城区
B0HBLS9TRF,国家电网汽车充电站(珠市口东大街辅路店),116.412783,39.892479,珠市口东大街与祈年大街交叉口东南50米地面停车场,18601376118,汽车服务;充电站;充电站,011100,北京市,北京市,东城区,崇文门,[],充电站,东城区
B0FFGCIVX3,国家电网汽车充电站(银河SOHO),116.432194,39.920562,朝阳门银河SOHO地下停车场3205,[],汽车服务;充电站;充电站,011100,北京市,北京市,东城区,东四,[],充电站,东城区
B0FFK7XFJU,地坛公园停车点充电点,116.413770,39.951431,地坛公园南门路外公共停车场,[],汽车服务;充电站;充电站,011100,北京市,北京市,东城区,安定门,[],充电站,东城区
B0M66B9CRO,壳牌充电汽车充电站(壳牌充电北京东城安贞苑50号院地面充电站),116.408134,39.971287,安定路28号(安贞桥地铁站B口步行240米),4007160699,汽车服务;充电站;充电站,011100,北京市,北京市,东城区,小关,[],充电站,东城区
B0K36B3YVM,壳牌充电汽车充电站(壳牌充电北京东城居然大厦地下充电站),116.432430,39.938656,东直门南大街甲3号居然大厦停车场B3,4007160699,汽车服务;充电站;充电站,011100,北京市,北京市,东城区,东四,[],充电站,东城区
B0M66B97EV,壳牌充电汽车充电站(壳牌充电北京东城搜宝崇文大厦地面充电站),116.420170,39.894173,广渠门内大街121号搜宝崇文大厦,4007160699,汽车服务;充电站;充电站,011100,北京市,北京市,东城区,花市,[],充电站,东城区
B0M66B8ZPR,壳牌充电汽车充电站(壳牌充电北京东城首开广场安定门地下充电站),116.406680,39.952060,安定门外大街189号(安定门地铁站A西北口步行360米),4007160699,汽车服务;充电站;充电站,011100,北京市,北京市,东城区,安定门,[],充电站,东城区
B0MG3B8VEL,壳牌充电汽车充电站(壳牌充电北京东城首开广场安定门地下快充站),116.406680,39.952060,安定门外大街189号B1层和B2C层之间的夹层,4007160699,汽车服务;充电站;充电站,011100,北京市,北京市,东城区,安定门,[],充电站,东城区
B0LAFBRNXZ,壳牌充电超级充电站(壳牌充电北京东城区金霖酒店地面超充站),116.403495,39.889864,北京金霖酒店停车场,4007160699,汽车服务;充电站;充电站,011100,北京市,北京市,东城区,珠市口,[],充电站,东城区
B0JK3HC558,壳牌汽车充电站(壳牌白桥大街充电站),116.439590,39.894356,东花市街道白桥大街32号如家精选酒店,4000610999,汽车服务;充电站;充电站,011100,北京市,北京市,东城区,广渠门,[],充电站,东城区
B0HRV7WG06,宝马充电站(宝马站王府井银泰百货),116.411993,39.916768,王府井大街88号(地下)(金鱼胡同地铁站B东口步行240米),[],汽车服务;充电站;充电站,011100,北京市,北京市,东城区,东四,[],充电站,东城区
B0IBADGY52,富电易充汽车充电站(崇文门新怡商务楼),116.416893,39.897449,"崇文门新怡商务楼地下三层,临停车位",[],汽车服务;充电站;充电站,011100,北京市,北京市,东城区,崇文门,[],充电站,东城区
B0LG4PB5DB,小桔充电汽车充电站(东城玖安广场充电站),116.408970,39.952385,安定门外大街208号玖安广场地下停车场B2层,4000610999,汽车服务;充电站;充电站,011100,北京市,北京市,东城区,安定门,[],充电站,东城区
B0LULY3X91,小桔充电汽车充电站(中海地产广场快充站),116.389130,39.870182,永定门外街道中海地产广场B1,4000610999,汽车服务;充电站;充电站,011100,北京市,北京市,东城区,东花园,[],充电站,东城区
B0JG0PBE3Y,小桔充电汽车充电站(北京东城东方花园饭店),116.435189,39.938604,东直门街道东直门南大街4号楼东方花园饭店楼后地面停车场1B,4000610999,汽车服务;充电站;充电站,011100,北京市,北京市,东城区,东直门,[],充电站,东城区
B0J2ZR7FWX,小桔充电汽车充电站(北京东城区雍和宫桥停车场充电站),116.417053,39.949018,雍和宫桥地面停车场(雍和宫地铁站C西南口旁),[],汽车服务;充电站;充电站,011100,北京市,北京市,东城区,安定门,[],充电站,东城区
B0L2B4J5GM,小桔充电汽车充电站(北京静态交通北京站地面停车场超充站),116.432206,39.904657,信通大厦(北京站地铁站C东南出口步行380米),18911020988,汽车服务;充电站;充电站,011100,北京市,北京市,东城区,北京站,[],充电站,东城区
B0L6CDCNUO,小桔充电汽车充电站(北京静态交通天坛北门南充电站),116.412897,39.891433,天坛街道祈年大街水道子胡同15号院,4000610999,汽车服务;充电站;充电站,011100,北京市,北京市,东城区,崇文门,[],充电站,东城区
B0FFK7I0X5,小鹏超级充电站(信德京汇中心站),116.439014,39.948702,香河园街1号11号楼信德京汇中心负2层停车场,4007836688,汽车服务;充电站;充电站,011100,北京市,北京市,东城区,柳芳,[],充电站,东城区
B0K2U6VJAM,小鹏超级充电站(小鹏S4超快充北京中央歌剧院站),116.435725,39.930150,东中街115号中央歌剧院(入口富华大厦南路),4007836688,汽车服务;充电站;充电站,011100,北京市,北京市,东城区,东四,[],充电站,东城区
B0K1K6DXL4,小鹏超级充电站(小鹏S4超快充北京居然之家总部大厦站),116.432030,39.938671,东直门南大街甲3号居然大厦地面停车场(入口仓夹道),4007836688,汽车服务;充电站;充电站,011100,北京市,北京市,东城区,东直门,[],充电站,东城区
B0MBHBHSTX,岚图超级充电站(北京王府井喜悦岚图汽车智慧超充站),116.407684,39.909344,王府井大街301号(王府井地铁站F1东口步行370米),4008888488,汽车服务;充电站;充电站,011100,北京市,北京市,东城区,王府井,[],充电站,东城区
B0L0ZXGELB,平高智联汽车充电站(首创大厦快充站),116.436404,39.931812,东直门街道东中街75号首创大厦A座出口北侧,4000217008,汽车服务;充电站;充电站,011100,北京市,北京市,东城区,东四,[],充电站,东城区
B0L3DB4HFM,广汽能源北京王府井银泰超充站,116.411710,39.916299,王府井银泰in88购物中心地下3层(金鱼胡同地铁站出入口旁),[],汽车服务;充电站;充电站,011100,北京市,北京市,东城区,东四,[],充电站,东城区
B0KAN4YXPT,广汽能源汽车充电站(广汽昊铂北京朝阳门SOHO超充站),116.432291,39.922823,朝阳门街道虾饺妹(朝阳门店)朝阳门SOHO地下停车场B3层,4006665330,汽车服务;充电站;充电站,011100,北京市,北京市,东城区,东四,[],充电站,东城区
B0L3OZXQ39,开迈斯汽车充电站(不对外-北京市东城区神华国华投资大厦地上站),116.431946,39.939354,东直门南大街3号投资大厦地面停车场,4006657666,汽车服务;充电站;充电站,011100,北京市,北京市,东城区,东四,[],充电站,东城区
B0JA2CAFEI,开迈斯汽车充电站(北京市东城区神华国华投资大厦地下站非写字楼员工无法进入),116.432920,39.939095,东直门南大街3号神华国华投资大厦负4层停车场,4006657666,汽车服务;充电站;充电站,011100,北京市,北京市,东城区,东四,[],充电站,东城区
B0JGGUQ2F0,开迈斯汽车充电站(北京市合景摩方站),116.417055,39.899383,崇文门外大街1号合景摩方购物中心B3层,4006657666,汽车服务;充电站;充电站,011100,北京市,北京市,东城区,崇文门,[],充电站,东城区
B0J0CY5F8K,开迈斯汽车充电站(北京市金宝汇购物中心地下站),116.420957,39.915059,金宝街88号金宝汇购物中心B2层(地下二层)停车场,4006657666,汽车服务;充电站;充电站,011100,北京市,北京市,东城区,东单,[],充电站,东城区
B0I0HLUX25,开迈斯汽车充电站(北京市雍贵中心站),116.429414,39.893945,广渠门内大街45号地下停车场3143,4006657666,汽车服务;充电站;充电站,011100,北京市,北京市,东城区,花市,[],充电站,东城区
B0FFJJI4W1,循道新能源电动汽车充电桩,116.427667,39.934090,北门仓胡同与扁旦胡同交叉口西120米,[],汽车服务;充电站;充电站,011100,北京市,北京市,东城区,东四,[],充电站,东城区
B0LDKMNLFN,新电途汽车充电站(华为智能生活馆·北京国瑞城超充站),116.419846,39.898280,崇文门外街道国瑞大厦国瑞购物中心,4001100835,汽车服务;充电站;充电站,011100,北京市,北京市,东城区,花市,[],充电站,东城区
B0K3Y9L85I,昆仑网电充电站(中国石油天坛饭店充电站),116.430575,39.884725,幸福大街与光明路交叉口西北80米,[],汽车服务;充电站;充电站,011100,北京市,北京市,东城区,龙潭湖,[],充电站,东城区
B0K35CJIFD,昆仑网电充电站(澳门中心),116.413593,39.915266,校尉胡同与金鱼胡同交叉口西南40米,[],汽车服务;充电站;充电站,011100,北京市,北京市,东城区,东单,[],充电站,东城区
B0K0LKGFNV,昆仑网电汽车充电站(中国石油北京东城天雅珠宝城超充站),116.422270,39.886100,法华寺街136号地面停车场南侧区域,956100,汽车服务;充电站;充电站,011100,北京市,北京市,东城区,[],[],充电站,北京市
B0KK5P2P1B,昆仑网电汽车充电站(中国石油北京安贞桥北充电站),116.409631,39.969752,北三环中路17号对面停车场(安贞桥地铁站B口步行200米),956100,汽车服务;充电站;充电站,011100,北京市,北京市,东城区,小关,[],充电站,北京市
B0K32P7K9M,昆仑网电汽车充电站(中国石油工体西门充电站),116.439840,39.931522,新中街东直门城市生态岛旁北京静态,956100,汽车服务;充电站;充电站,011100,北京市,北京市,东城区,东四,[],充电站,北京市
B0LDU9HHW1,昆仑网电汽车充电站(昆仑网电北京东城区来福士中心充电站),116.432050,39.940252,东直门南大街1号停车场入口下B1层入口处右侧,956100,汽车服务;充电站;充电站,011100,北京市,北京市,东城区,东四,[],充电站,东城区
B0IR65QHKN,昆仑网电汽车充电站(王府井银泰百货),116.411860,39.916260,王府井大街88号东门地库入口进入地库B4-046车位,[],汽车服务;充电站;充电站,011100,北京市,北京市,东城区,东四,[],充电站,东城区
B0H17U5KA1,星星充电汽车充电站(东城-王府井百货大楼),116.409243,39.913626,王府井大街255号王府井百货大楼B3停车场,[],汽车服务;充电站;充电站,011100,北京市,北京市,东城区,王府井,[],充电站,东城区
B0M69UC5JT,星星充电汽车充电站(内部专用星星充电-东城-少年宫充电站)(暂停营业),116.428440,39.930160,北京市少年宫院内地上停车场,4008280768,汽车服务;充电站;充电站,011100,北京市,北京市,东城区,东四,[],充电站,东城区
B0JALCE6DC,星星充电汽车充电站(暂不对外开放东城-天润财富中心),116.427716,39.911576,朝阳门南小街26号院天润财富中心B3层,4008280768,汽车服务;充电站;专用充电站,011103,北京市,北京市,东城区,建国门,[],充电站,东城区
B0L1DYT180,星星充电汽车充电站(米东区委员会党校新疆万帮星星充电站),116.407000,39.904600,三道坝南路156号,15099070416,汽车服务;充电站;充电站,011100,北京市,北京市,东城区,[],[],充电站,东城区
B0FFJ4QHYR,普天新能源充电站(普天站人保部),116.424941,39.958062,和平里东街3号,[],汽车服务;充电站;充电站,011100,北京市,北京市,东城区,和平里,[],充电站,东城区
B0L22MZP3C,智汇充汽车充电站(百工坊小熊超充站),116.434480,39.883553,左安门内大街与光明路交叉口东南80米,[],汽车服务;充电站;充电站,011100,北京市,北京市,东城区,左安门,[],充电站,东城区
B0MD1LU704,朝阳门北小街2号楼电动自行车充电桩,116.427120,39.927057,朝阳门北小街8-2号,[],汽车服务;充电站;充电站,011100,北京市,北京市,东城区,东四,[],充电站,东城区
B0K0FOO84U,极氪能源汽车充电站(北京中央歌剧院极充站),116.436670,39.929230,东中街115号中央歌剧院地下停车场负二层048-051号车位,[],汽车服务;充电站;充电站,011100,北京市,北京市,东城区,东四,[],充电站,东城区
B0IR5KQZ7M,极氪能源超级充电站(北京天润财富极充站),116.428320,39.911640,东总布胡同58号天润财富中心地下停车场负三层3070-3077号车位,4000036036,汽车服务;充电站;充电站,011100,北京市,北京市,东城区,建国门,[],充电站,东城区
B0JU5CFHIU,极狐汽车充电站(环球贸易中心快充站),116.409912,39.968158,北三环中路36号环球贸易中心A座B2、B3层,4000008899,汽车服务;充电站;充电站,011100,北京市,北京市,东城区,和平里,[],充电站,东城区
B0J1X6R0V1,汽车充电站(北京卡丘百富怡大酒店站),116.443911,39.942648,北京市东城区南二里庄19号百富怡大酒店南侧,4006085900,汽车服务;充电站;充电站,011100,北京市,北京市,东城区,三里屯,[],充电站,东城区
B0JAV600WR,汽车充电站(卡丘充电-首开广场),116.406714,39.952212,和平里街道安定门外大街189号地下车库,[],汽车服务;充电站;充电站,011100,北京市,北京市,东城区,地坛,[],充电站,东城区
B0LKZOGTJN,汽车充电站(壳牌白桥大街充电站),116.439442,39.894350,立体停车场(广渠门内地铁站B东北口步行370米),[],汽车服务;充电站;充电站,011100,北京市,北京市,东城区,广渠门,[],充电站,东城区
B0IUDLGP7U,汽车充电站(小鹏S4超充北京合景摩方站),116.417046,39.899664,崇文门外街道东打磨厂街1号合景摩方地下停车场,4007836688,汽车服务;充电站;充电站,011100,北京市,北京市,东城区,崇文门,[],充电站,东城区
B0IDZK2RME,汽车充电站(开迈斯充电站北京市金城建国5号直流站),116.433549,39.914286,建国门街道建国门北大街5号金成建国5号地下停车场,4006657666,汽车服务;充电站;充电站,011100,北京市,北京市,东城区,建国门,[],充电站,东城区
B0MU5OV6UW,汽车充电站(扬招站东城区东四西大街10036优易充小站),116.416275,39.924152,"东四路口向西约100米,地铁6号线东四站西南口处",4006556620,汽车服务;充电站;充电站,011100,北京市,北京市,东城区,东四,[],充电站,东城区
B0FFMEP3YF,汽车充电站(扬招站东城区东四西大街10038优易充小站),116.417244,39.924657,东四南大街-道路停车位(东四地铁站F东北口旁),4006556620,汽车服务;充电站;充电站,011100,北京市,北京市,东城区,东四,[],充电站,东城区
B0MU7U5WB4,汽车充电站(扬招站东城区体育馆路10092优易充小站),116.430447,39.884385,天坛饭店门前东侧10米处路北,4006556620,汽车服务;充电站;充电站,011100,北京市,北京市,东城区,[],[],充电站,东城区
B0MU7R6619,汽车充电站(扬招站东城区体育馆路北侧10065优易充小站),116.422470,39.884155,"体育馆路道路北侧,靠近体育馆路西口处,雅迪电动车前",4006556620,汽车服务;充电站;充电站,011100,北京市,北京市,东城区,[],[],充电站,东城区
B0MUR676RK,汽车充电站(扬招站东城区安定门10166优易充小站),116.408550,39.949783,"安定门桥东北角,地铁安定门站B东北口",4006556620,汽车服务;充电站;充电站,011100,北京市,北京市,东城区,安定门,[],充电站,东城区
B0MU7U5VIW,汽车充电站(扬招站东城区安定门外大街10002优易充小站),116.408350,39.953550,"安定门外大街道路东侧,地坛公园西门前",4006556620,汽车服务;充电站;充电站,011100,北京市,北京市,东城区,地坛,[],充电站,东城区
B0MU7C5XF5,汽车充电站(扬招站东城区崇文门外大街东侧10018优易充小站),116.420932,39.885201,"崇文门外大街道路东侧,红桥路口南侧天桥",4006556620,汽车服务;充电站;充电站,011100,北京市,北京市,东城区,[],[],充电站,东城区
B0MU7R6HZ0,汽车充电站(扬招站东城区崇文门外大街东侧10019优易充小站),116.419680,39.887417,"崇文门外大街道路东侧,红桥路口北侧天桥",4006556620,汽车服务;充电站;充电站,011100,北京市,北京市,东城区,[],[],充电站,东城区
B0MU7R66C5,汽车充电站(扬招站东城区朝阳门内大街北侧10131优易充小站),116.425563,39.924133,"朝阳门内大街道路北侧,朝内北小街路口向西20米",4006556620,汽车服务;充电站;充电站,011100,北京市,北京市,东城区,东四,[],充电站,东城区
B0MUZ46835,汽车充电站(扬招站东城区朝阳门内大街南侧10016优易充小站),116.418021,39.924121,"朝阳门内大街道路南侧,东四路口东南角,地铁5号线东四站C口门前",4006556620,汽车服务;充电站;充电站,011100,北京市,北京市,东城区,东四,[],充电站,东城区
B0LDZHPYP6,汽车充电站(鸿蒙智行超级充电站),116.420373,39.899249,崇文门外大街18号国瑞城购物中心地下停车场B3层,13810773002,汽车服务;充电站;充电站,011100,北京市,北京市,东城区,花市,[],充电站,东城区
B0MAJN2FC6,海尔汽车充电站(北仑电厂大食堂站)(暂停营业),116.426640,39.946500,北仑电厂大食堂站,13958305629,汽车服务;充电站;充电站,011100,北京市,北京市,东城区,东直门,[],充电站,东城区
B0IAYHXG4F,淘淘充汽车充电站(北京华侨大厦睿士酒店),116.411995,39.923546,王府井大街2号华侨大厦地面停车场029(北口进入直行60米大厦东侧),4008288517,汽车服务;充电站;充电站,011100,北京市,北京市,东城区,灯市口,[],充电站,东城区
B0L1HCXEQW,滴滴充电充电站(东城区东四十条10116充电扬招站),116.426535,39.933391,东四十条与朝阳门北小街交叉口东60米,[],汽车服务;充电站;充电站,011100,北京市,北京市,东城区,东四,[],充电站,东城区
B0L21LTRGK,滴滴充电充电站(东玖大厦站),116.440425,39.889683,夕照寺街与夕照寺中街交叉口东北40米,[],汽车服务;充电站;充电站,011100,北京市,北京市,东城区,广渠门,[],充电站,东城区
B0M6N6DF9Z,滴滴充电充电站(北京静态交通中绦胡同20号北侧地块充电站),116.395776,39.948382,中绦胡同与玉阁二巷交叉口西北20米,[],汽车服务;充电站;充电站,011100,北京市,北京市,东城区,安定门,[],充电站,东城区
B0MBYG4CSV,滴滴充电充电站(能+超充朝阳门南小街超充站),116.426975,39.913625,朝阳门南小街与赵堂子胡同交叉口南80米,[],汽车服务;充电站;充电站,011100,北京市,北京市,东城区,建国门,[],充电站,东城区
B0MGPY0AVL,滴滴充电汽车充电站(BP快速充电站北京东城东方花园饭店),116.434960,39.938900,东直门街道东直门南大街4号楼东方花园饭店饭店楼后,4000610999,汽车服务;充电站;充电站,011100,北京市,北京市,东城区,东四,[],充电站,东城区
B0LB3P7QW0,滴滴充电汽车充电站(万马爱充金宝大厦站),116.419960,39.916035,建国门街道金宝大厦地下车库,4000610999,汽车服务;充电站;充电站,011100,北京市,北京市,东城区,东四,[],充电站,东城区
B0LKPH0221,滴滴充电汽车充电站(东四十四条93号C座充电站),116.417520,39.937874,东四十四条93号C座,4000610999,汽车服务;充电站;充电站,011100,北京市,北京市,东城区,东直门,[],充电站,东城区
B0L2NOIIL7,滴滴充电汽车充电站(中石化龙禹领行国际中心充电站),116.442176,39.893460,龙潭街道广渠门南小街1号领行国际中心,4000610999,汽车服务;充电站;充电站,011100,北京市,北京市,东城区,广渠门,[],充电站,东城区
B0MBH4HFVB,滴滴充电汽车充电站(北京王府井喜悦超充站),116.407654,39.909315,东华门街道霞公府街王府井步行街直接到B2层后直行50米左转,4000610999,汽车服务;充电站;充电站,011100,北京市,北京市,东城区,王府井,[],充电站,东城区
B0K60GV1AC,特斯拉目的地充电站(北京王府半岛酒店目的地充电站),116.416340,39.915024,金鱼胡同8号王府半岛酒店地下2层,4009100707,汽车服务;充电站;充电站,011100,北京市,北京市,东城区,东单,[],充电站,东城区
B0FFKCJAEY,特斯拉目的地充电站(王府中环),116.409740,39.912520,王府井大街269号B4层4246-4249停车位,4009100707,汽车服务;充电站;充电站,011100,北京市,北京市,东城区,东单,[],充电站,东城区
B0G0C7Y4GU,特斯拉超级充电站(北京合景摩方购物中心),116.416965,39.899768,崇文门外大街1号合景摩方购物中心B3层62-70,[],汽车服务;充电站;充电站,011100,北京市,北京市,东城区,崇文门,[],充电站,东城区
B0FFJ34OUQ,特斯拉超级充电站(北京市东方广场),116.412636,39.910045,东长安街1号东方广场停车场地下3层,[],汽车服务;充电站;充电站,011100,北京市,北京市,东城区,王府井,[],充电站,东城区
B0J247607B,特斯拉超级充电站(北京市百货大楼),116.409247,39.913668,王府井大街255号地下停车场B3层154-156车位/入口王府井西街,[],汽车服务;充电站;专用充电站,011103,北京市,北京市,东城区,东单,[],充电站,东城区
B0G3A48FJ5,特斯拉超级充电站(北京来福士中心),116.432106,39.940341,东直门南大街来福士中心地下停车场B3层C区,[],汽车服务;充电站;充电站,011100,北京市,北京市,东城区,东直门,[],充电站,东城区
B0FFI0H8JO,特斯拉超级充电站(北京永定门中海地产广场),116.390212,39.870502,永定门西滨河路8号院7号楼地下B2层-原B2063车位/入口马家堡路,4009100707,汽车服务;充电站;充电站,011100,北京市,北京市,东城区,[],[],充电站,东城区
B0HGZA3N8W,特斯拉超级充电站(北京飞天大厦),116.445757,39.891247,广渠门外南街5号(广渠门外地铁站D西南口步行470米),[],汽车服务;充电站;充电站,011100,北京市,北京市,东城区,劲松,[],充电站,东城区
B0FFIV5Q1H,特来电充电站(北京励骏酒店),116.418537,39.914697,金宝街90-92号励骏酒店地面停车场2,4001300001,汽车服务;充电站;充电站,011100,北京市,北京市,东城区,东单,[],充电站,东城区
B0G1S6664T,特来电充电站(北京王府中环),116.409617,39.912892,东华门街道王府井大街269号地下4层,4001300001,汽车服务;充电站;充电站,011100,北京市,北京市,东城区,东单,[],充电站,东城区
B0FFLC1FFO,特来电汽车充电站(北京金台夕照酒店充电站),116.438839,39.889435,金台夕照酒店停车场,[],汽车服务;充电站;充电站,011100,北京市,北京市,东城区,广渠门,[],充电站,东城区
B0IR2D5TQQ,特来电汽车充电站(安贞大厦充电站),116.408625,39.968268,中诚安贞大厦地面停车场90(安贞桥地铁站C口步行160米),13910891939,汽车服务;充电站;充电站,011100,北京市,北京市,东城区,安定门,[],充电站,东城区
B0FFL2Y1PE,特来电汽车充电站(特来电中关村雍和航星园充电站),116.419480,39.953004,和平里东街11号创新楼A座B2地下停车场,[],汽车服务;充电站;充电站,011100,北京市,北京市,东城区,地坛,[],充电站,东城区
B0LA67CKBT,特来电汽车充电站(特来电北京市东城区银座MALL充电站),116.436134,39.940370,东直门街道东直门外大街22号东方银座C公寓银座百货B3,4001300001,汽车服务;充电站;充电站,011100,北京市,北京市,东城区,东四,[],充电站,东城区
B0LRUXDUPX,特来电汽车充电站(特来电龙潭中湖公园停车设施东南门充电站),116.435610,39.875960,龙潭中湖公园配套停车场,4001300001,汽车服务;充电站;充电站,011100,北京市,北京市,东城区,左安门,[],充电站,东城区
B0IDCRIYJI,特来电汽车充电站(特来电龙潭中湖公园停车设施充电站),116.435610,39.875961,左安门内大街19号龙潭中湖公园立体停车场F2-058,4001300001,汽车服务;充电站;充电站,011100,北京市,北京市,东城区,左安门,[],充电站,东城区
B0LUFL43TZ,特来电汽车充电站(特来电龙潭中湖公园配套停车设施西南门充电站),116.425964,39.873386,龙潭街道左安门西街龙潭中湖公园西南门外西侧,4001300001,汽车服务;充电站;充电站,011100,北京市,北京市,东城区,左安门,[],充电站,东城区
B0GUZ5EYZM,特来电目的地充电站(北京王府半岛酒店充电站),116.416259,39.915160,金鱼胡同8号LL2-13号,13910884662,汽车服务;充电站;充电站,011100,北京市,北京市,东城区,王府井,[],充电站,东城区
B0LA9X4AGT,特来电目的地充电站(青年沟充电桩),116.408140,39.963257,和平里街道安定门外大街60号,010-64024068,汽车服务;充电站;充电站,011100,北京市,北京市,东城区,安定门,[],充电站,东城区
B0L0HUQC7N,特来电超级充电站(特来电北京东城前门大街地下停车场充电站),116.401147,39.893716,前门街道得丰西巷前门大街地下停车场,4001300001,汽车服务;充电站;充电站,011100,北京市,北京市,东城区,珠市口,[],充电站,东城区
B0L1O9PITI,理想超级充电站(理想超充站北京中谷酒店),116.433432,39.904843,中谷酒店停车场,4006860400,汽车服务;充电站;充电站,011100,北京市,北京市,东城区,北京站,[],充电站,东城区
B0MAXXNBCO,百工坊小熊超充站,116.434475,39.883575,左安门内大街与光明路交叉口东南80米,[],汽车服务;充电站;充电站,011100,北京市,北京市,东城区,左安门,[],充电站,东城区
B0LKJA1QKE,科科魔方汽车充电站(天心区中建偶寓车库入口处),116.408394,39.905586,中建芙蓉嘉苑偶寓23,18932424689,汽车服务;充电站;充电站,011100,北京市,北京市,东城区,[],[],充电站,东城区
B0LD9HWRP8,简单充充电站(天坛南里西区站),116.400862,39.873574,永定门内大街160号,[],汽车服务;充电站;充电站,011100,北京市,北京市,东城区,天桥,[],充电站,东城区
B0K2HPA9QF,绿洲高科新能源汽车充电站(珠市口大街155号美洁华延站)(内部专用),116.410550,39.893642,东城区-珠市口东大街155号北京国龙中医医院,0797966999,汽车服务;充电站;专用充电站,011103,北京市,北京市,东城区,珠市口,[],充电站,东城区
B0FFGZN7GQ,绿狗汽车充电站(香河园中街),116.437485,39.949053,万国城MOMA8号楼(左家庄地铁站A口步行420米),[],汽车服务;充电站;充电站,011100,北京市,北京市,东城区,柳芳,[],充电站,东城区
B0L14U1OJJ,能加超充超级充电站(天玉大厦超充站·华为超充技术支持),116.437302,39.884582,天玉大厦,4001100835,汽车服务;充电站;充电站,011100,北京市,北京市,东城区,广渠门,[],充电站,东城区
B0L2BNJ4T5,能加超充超级充电站(朝阳门南小街超充站·华为超充技术支持),116.426689,39.917474,朝阳门南小街道路停车位,4001100835,汽车服务;充电站;充电站,011100,北京市,北京市,东城区,朝阳门,[],充电站,东城区
B0LKVS4NMX,蒙来电汽车充电站(合和佳苑售楼部单独一台自营),116.420000,39.930000,合和佳苑售楼部,4008987778,汽车服务;充电站;充电站,011100,北京市,北京市,东城区,东四,[],充电站,东城区
B0I67HPZ4I,蔚来换电站(金宝街站),116.430631,39.915351,金宝街,[],汽车服务;换电站;换电站,011101,北京市,北京市,东城区,建国门,[],充电站,东城区
B0JBTU91QY,蔚来能源目的地充电站(内部使用北京安定路小区),116.408030,39.970383,汤泉良子(安贞桥店),[],汽车服务;充电站;充电站,011100,北京市,北京市,东城区,小关,[],充电站,东城区
B0JB1UC3IS,蔚来能源目的地充电站(内部使用北京紫金宾馆),116.412623,39.901728,崇文门西大街9号(紫金宾馆内),[],汽车服务;充电站;充电站,011100,北京市,北京市,东城区,崇文门,[],充电站,东城区
B0KGT49WBU,超翔汽车充电站(电表32916-左安浦园-6号楼),116.438110,39.873367,左安浦园-6号楼,4008319299,汽车服务;充电站;充电站,011100,北京市,北京市,东城区,左安门,[],充电站,东城区
B0L2BKJ4LK,逸安启超级充电站(北京东方广场),116.412930,39.909330,"东长安街1号东方新天地P3层西区停车区,靠近商场客梯",4000010780,汽车服务;充电站;充电站,011100,北京市,北京市,东城区,东单,[],充电站,东城区
B0HBN5XGLD,隆瑞三优北官厅44路汽车充电站,116.429993,39.949343,安定门东滨河路与民旺南胡同交叉口南120米,[],汽车服务;充电站;充电站,011100,北京市,北京市,东城区,东直门,[],充电站,东城区
B0JUFUNQJU,隆瑞三优木樨园超级汽车充电站,116.397816,39.858579,南三环中路79号(木樨园地铁站C西南口步行280米),[],汽车服务;汽车服务相关;汽车服务相关,010000,北京市,北京市,东城区,木樨园,[],充电站,北京市
B0G0XZYF5T,隆瑞三优站东街403路充电站,116.434140,39.906139,建国门南大街1号(建国门地铁站C西南口步行470米),[],汽车服务;汽车服务相关;汽车服务相关,010000,北京市,北京市,东城区,建国门,[],充电站,东城区
B0LRBSN8V2,隆福寺东院充电站,116.415088,39.924805,东城区东四路口西北角隆福寺东院地下三层停车场,[],汽车服务;充电站;充电站,011100,北京市,北京市,东城区,东四,[],充电站,东城区
B0LRBSNT2Z,隆福寺南坊充电站,116.415082,39.924519,隆福寺前街1号隆福寺南坊地下夹层停车场,[],汽车服务;充电站;充电站,011100,北京市,北京市,东城区,东四,[],充电站,东城区
B0FFIKF389,霞公府-地下二层停车场充电点,116.407915,39.909492,霞公府街3号(王府井地铁站F1东口步行340米),[],汽车服务;充电站;充电站,011100,北京市,北京市,东城区,东单,[],充电站,东城区
B0LD1SL0JE,驰立通汽车充电站(40kw快充)(暂停营业),116.409160,39.903095,天津市天津市武清区大良镇,13389019868,汽车服务;充电站;个人充电站,011104,北京市,北京市,东城区,[],[],充电站,东城区
B0MBZABW5X,驿充电充电站(东四站),116.432613,39.926934,仓南胡同与豆瓣胡同交叉口东南80米,[],汽车服务;充电站;充电站,011100,北京市,北京市,东城区,东四,[],充电站,东城区
B0MDDXR8GN,驿充电充电站(安定门充电站),116.409025,39.964975,小黄庄路与安定门外大街辅路交叉口东100米,[],汽车服务;充电站;充电站,011100,北京市,北京市,东城区,和平里,[],充电站,东城区
B0FFI0YO8Y,高陆通充电站(东玖大厦),116.440449,39.891096,东玖大厦地下停车场地下1层,[],汽车服务;充电站;充电站,011100,北京市,北京市,东城区,广渠门,[],充电站,东城区
B0I29LJO7W,bp pulse汽车充电站(丰台丽泽平安金融中心A座),116.326190,39.866962,金泽西路2号院1号楼地下停车场B2层A区A016(东管头地铁站C口步行490米),4006644086,汽车服务;充电站;充电站,011100,北京市,北京市,丰台区,太平桥,[],充电站,丰台区
B0LKJ13V5G,bp pulse汽车充电站(北京丽泽体育馆),116.305020,39.871337,玉璞路6号,4006644086,汽车服务;充电站;充电站,011100,北京市,北京市,丰台区,太平桥,[],充电站,丰台区
B0M6XAOWEA,bp pulse汽车充电站(北京新业广场),116.448120,39.858276,南苑乡成寿寺路2号,4006644086,汽车服务;充电站;充电站,011100,北京市,北京市,丰台区,分钟寺,[],充电站,丰台区
B0LGL7O265,bp pulse汽车充电站(康辛路充电站),116.345280,39.839855,北京市康辛路,4006644086,汽车服务;充电站;充电站,011100,北京市,北京市,丰台区,草桥,[],充电站,丰台区
B0L054S1YH,专鑫控股超级充电站(北京丰台石榴派大厦超快充),116.420110,39.846340,石榴园北里42号,13716018840;4009981349,汽车服务;充电站;充电站,011100,北京市,北京市,丰台区,赵公口,[],充电站,丰台区
B0JKLB3XFN,中国石化汽车充电站(万兴家居广场充电站),116.339097,39.846355,玉泉营街道万兴国际家居广场,95105888,汽车服务;充电站;充电站,011100,北京市,北京市,丰台区,夏家胡同,[],充电站,北京市
B0KG9533S2,中国石化汽车充电站(中国石化世界公园东门重卡充电站),116.291173,39.810016,花乡街道丰葆路158号世界公园东门停车场,95105888,汽车服务;充电站;充电站,011100,北京市,北京市,丰台区,世界公园,[],充电站,北京市
B0M63A76HX,中国石化汽车充电站(中国石化新发地充电站),116.335846,39.819980,花乡街道新发地锦程园19号楼地面停车场,95105888,汽车服务;充电站;充电站,011100,北京市,北京市,丰台区,新发地,[],充电站,丰台区
B0LBLPKP57,中国石化汽车充电站(洋桥物美充电站),116.387672,39.844695,大红门街道物美超市(洋桥店)停车场,95105888,汽车服务;充电站;充电站,011100,北京市,北京市,丰台区,大红门,[],充电站,北京市
B0L6ZBWFCJ,中国石化汽车充电站(翠海明苑充电站),116.358471,39.809436,南苑街道翠海明苑(北区)翠海明苑北区,95105888,汽车服务;充电站;充电站,011100,北京市,北京市,丰台区,南苑,[],充电站,丰台区
B0KUJBF2VZ,中国石化汽车充电站(飞悦体育场重卡充电站),116.246720,39.852966,五里店街道飞悦体育场停车场,95105888,汽车服务;充电站;充电站,011100,北京市,北京市,丰台区,[],[],充电站,北京市
B0K6NB03IU,中国石化汽车充电站(鸿业兴园充电站),116.306435,39.839990,新村街道鸿业兴园二区北侧地上停车场,95105888,汽车服务;充电站;充电站,011100,北京市,北京市,丰台区,[],[],充电站,北京市
B0JK4HR1Y1,云快充(互联接入)汽车充电站(北京西站希尔顿),116.321335,39.888580,太平桥街道北京西站南路1号,010-89485090;4000826699,汽车服务;充电站;充电站,011100,北京市,北京市,丰台区,广安门,[],充电站,丰台区
B0J0ZK4LTT,云快充汽车充电站(北京南站牛快充超级快充站)(暂停营业),116.360248,39.850833,南三环首农双创中心大厦地下三层,4008288517,汽车服务;充电站;充电站,011100,北京市,北京市,丰台区,马家堡村,[],充电站,丰台区
B0K1S5AIRC,云快充汽车充电站(新丰驾校理论考场),116.237345,39.874131,梅市口路与二通西路交叉口东180米,13341196256,汽车服务;充电站;充电站,011100,北京市,北京市,丰台区,[],[],充电站,丰台区
B0L1LBD699,云快充汽车充电站(洋桥大中电器充电站),116.387985,39.856617,洋桥麦当劳,4008288517,汽车服务;充电站;充电站,011100,北京市,北京市,丰台区,角门,[],充电站,丰台区
B0JUT9NTZI,云快充汽车充电站(首农发展创新科技产业园汽车充电站),116.403925,39.817875,南苑路112号(和义地铁站B东北口步行410米),18901177835;4008288517,汽车服务;充电站;充电站,011100,北京市,北京市,丰台区,南苑,[],充电站,丰台区
B0KAML73VO,云快充超级充电站,116.401789,39.851315,"大红门街道,海户屯路199号",4008288517,汽车服务;充电站;充电站,011100,北京市,北京市,丰台区,木樨园,[],充电站,北京市
B0K65HIOU9,云快充超级充电站(京顺鹏达充电站),116.409116,39.810884,和义文化产业园东侧停车场,4008288517,汽车服务;充电站;充电站,011100,北京市,北京市,丰台区,南苑,[],充电站,丰台区
B0LUPX1CPO,云快充超级充电站(通久停车场超级充电站),116.403046,39.822124,和义街道南苑久敬庄通久路停车场,13611159160,汽车服务;充电站;充电站,011100,北京市,北京市,丰台区,南苑,[],充电站,丰台区
B0K63ZMLGS,便民电动车充电站,116.407580,39.849423,大红门路28号,[],生活服务;生活服务场所;生活服务场所,070000,北京市,北京市,丰台区,木樨园,[],充电站,丰台区
B0LKLL9BVR,充小兽超级充电站(宝丰大厦站),116.297045,39.842076,花乡宝丰大厦(丰台南路南)(丰台南路地铁站B2口旁),4008758666,汽车服务;充电站;充电站,011100,北京市,北京市,丰台区,看丹桥,[],充电站,北京市
B0L367AJ7H,光达盛兴新能源汽车充电站(丰台区丰管路西国贸超充站-光达新能源),116.307635,39.855908,丰管路39号(泥洼地铁站C1东南口步行470米),13466633134,汽车服务;充电站;充电站,011100,北京市,北京市,丰台区,七里庄,[],充电站,丰台区
B0L3RKMM78,全迅维汽车充电站(洋桥大中电器充电站),116.387985,39.856617,洋桥麦当劳,4000826699,汽车服务;充电站;充电站,011100,北京市,北京市,丰台区,角门,[],充电站,丰台区
B0L0RP3M1L,公牛充电汽车充电站(杜家坎9号院停车场),116.201996,39.847313,杜家坎9号院815食堂后院内停车场,[],汽车服务;充电站;充电站,011100,北京市,北京市,丰台区,长辛店,[],充电站,丰台区
B0LD01F2EE,北京新发地汽车充电站,116.327755,39.801562,花乡街道爱助农北京仓,4001300001,汽车服务;充电站;充电站,011100,北京市,北京市,丰台区,[],[],充电站,丰台区
B0L26XERBZ,北京碧辟汽车充电站(小瓦窑),116.244180,39.888380,卢沟桥街道吴家村路7号,4006644086,汽车服务;充电站;充电站,011100,北京市,北京市,丰台区,青塔,[],充电站,丰台区
B0KRYURQWA,北京车联网汽车充电站(京印国际中心)(暂停营业),116.374870,39.868020,北京市北京市丰台区右安门街道开阳里8号,18301081505,汽车服务;充电站;充电站,011100,北京市,北京市,丰台区,右安门,[],充电站,丰台区
B0M6VCK8CS,北京车联网汽车充电站(大瓦窑地铁站液冷超充),116.240399,39.858961,大瓦窑中路16号院,18301081505,汽车服务;充电站;充电站,011100,北京市,北京市,丰台区,[],[],充电站,北京市
B0M6D56WW7,北京车联网汽车充电站(小屯重卡兆瓦闪充站)(暂停营业),116.241029,39.871957,卢沟桥街道兴源路,010-83838820,汽车服务;充电站;充电站,011100,北京市,北京市,丰台区,[],[],充电站,丰台区
B0LUKLUZYE,北京车联网汽车充电站(新发地液冷超充),116.331290,39.814680,花乡街道银地西路13号,18301081505,汽车服务;充电站;充电站,011100,北京市,北京市,丰台区,新发地,[],充电站,北京市
B0KU2U3OX6,北京车联网汽车充电站(晓月苑),116.243310,39.836277,宛平街道晓月东路5号,18301081505,汽车服务;充电站;充电站,011100,北京市,北京市,丰台区,[],[],充电站,丰台区
B0MGBCTKBA,北京静交超级充电站(北京南站立体停车场超充站·华为超充技术支持),116.374664,39.866047,北京南站立体停车场,[],汽车服务;充电站;充电站,011100,北京市,北京市,丰台区,右安门,[],充电站,丰台区
B0KA6UIRIB,北京静态交通丽源路充电站,116.312717,39.875048,西三环南路16号,[],汽车服务;充电站;充电站,011100,北京市,北京市,丰台区,太平桥,[],充电站,丰台区
B0FFHUNDNX,华商三优汽车充电站(扬招站丰台区华尔顿爱华国际中心优易充小站),116.325834,39.890147,广安路1号湾子地铁站西,4006556620,汽车服务;充电站;专用充电站,011103,北京市,北京市,丰台区,太平桥,[],充电站,丰台区
B0JBDCUMTK,国家电网汽车充电站(丰台区科技园供电所),116.288500,39.816761,富锦嘉园二区3号楼东侧地面停车场,[],汽车服务;充电站;充电站,011100,北京市,北京市,丰台区,世界公园,[],充电站,丰台区
B0KRXKKZFT,国家电网汽车充电站(北京市丰台区丽泽商务区公共超级充电站),116.333244,39.866310,太平桥街道丰台区丽泽金融商务区F地块龙湖北京丽泽天街,18601376118,汽车服务;充电站;充电站,011100,北京市,北京市,丰台区,太平桥,[],充电站,丰台区
B0FFL8D4VY,国家电网汽车充电站(北京市丰台区北京西站P1地下停车场),116.317792,39.896674,莲花池东路118号北京西站P1地下停车场128-136车位,[],汽车服务;充电站;充电站,011100,北京市,北京市,丰台区,太平桥,[],充电站,丰台区
B0FFL78KCZ,国家电网汽车充电站(北京市丰台区北京西站P3地下停车场),116.320396,39.896470,北京西站P3地下停车场B区P3-044,18601376118,汽车服务;充电站;充电站,011100,北京市,北京市,丰台区,太平桥,[],充电站,丰台区
B0L24KMZD8,国家电网汽车充电站(北京市丰台区南苑森林湿地公园公共超级充电站),116.379584,39.825691,桃苑公园(西南角),18601376118,汽车服务;充电站;充电站,011100,北京市,北京市,丰台区,南苑,[],充电站,丰台区
B0FFI1ZTB3,国家电网汽车充电站(北京市丰台区大灰厂村),116.124928,39.855207,大灰厂村村北农家院,[],汽车服务;充电站;充电站,011100,北京市,北京市,丰台区,[],[],充电站,丰台区
B0IBD5BMSS,国家电网汽车充电站(北京市丰台区天坛医院地上公共充电站),116.315939,39.834586,首都医科大学附属北京天坛医院南地面停车场,18601376118,汽车服务;充电站;充电站,011100,北京市,北京市,丰台区,[],[],充电站,丰台区
B0G24REINA,国家电网汽车充电站(北京市丰台区方庄芳城园二区公共充电站),116.432780,39.866630,芳古路芳城园二区院内公共地面停车场,[],汽车服务;充电站;充电站,011100,北京市,北京市,丰台区,左安门,[],充电站,丰台区
B0FFK2VH35,国家电网汽车充电站(北京市丰台区梨园村),116.143468,39.872995,梨园村公交站东侧,[],汽车服务;充电站;充电站,011100,北京市,北京市,丰台区,[],[],充电站,丰台区
B0G35OYE45,国家电网汽车充电站(北京市丰台区西庄店小店村公共充电站),116.101696,39.840514,小店村,18601376118,汽车服务;充电站;充电站,011100,北京市,北京市,丰台区,[],[],充电站,丰台区
B0MB6UNCBF,国家电网汽车充电站(四海宏运充电站国网合作站),116.414331,39.841203,首航超市45店南顶村店停车场,13011067110,汽车服务;充电站;充电站,011100,北京市,北京市,丰台区,宋家庄,[],充电站,丰台区
B0G3LBDW2H,国家电网汽车充电站(园博大道),116.170876,39.871879,停车场,[],汽车服务;充电站;充电站,011100,北京市,北京市,丰台区,[],[],充电站,丰台区
B0IBAZ8UN0,国网分布式新能源汽车充电站(小屯新能源汽车专用充换站),116.241093,39.872153,卢沟桥街道小屯西路248号,13663122390,汽车服务;充电站;专用充电站,011103,北京市,北京市,丰台区,[],[],充电站,丰台区
B0KK0B69AC,壳牌充电汽车充电站(壳牌充电北京丰台金胜嘉谊地下快充站),116.388113,39.839826,马家堡东路金胜嘉谊地下停车场B1层B区76-89停车位,4007160699,汽车服务;充电站;充电站,011100,北京市,北京市,丰台区,大红门,[],充电站,丰台区
B0MDRB9IT2,壳牌充电超级充电站(壳牌充电北京丰台博天鼎盛庑殿路地面快充站),116.414925,39.830166,南四环中路甲8号北京博天鼎盛商贸有限公司,4007160699,汽车服务;充电站;充电站,011100,北京市,北京市,丰台区,[],[],充电站,丰台区
B0M6D56PPF,壳牌充电超级充电站(壳牌充电北京丰台天坛生活广场地面快充站),116.318423,39.835412,康平街天坛生活广场,4007160699,汽车服务;充电站;充电站,011100,北京市,北京市,丰台区,[],[],充电站,丰台区
B0H065HDT8,壳牌汽车充电站(静态交通北京南站充电站交流区),116.374630,39.866023,开阳路立体停车楼二层,[],汽车服务;充电站;充电站,011100,北京市,北京市,丰台区,右安门,[],充电站,丰台区
B0J0VG090I,小桔充电汽车充电站(bp pulse快充站北京丽泽平安幸福中心),116.322560,39.866970,地下停车场B3(东管头地铁站C口步行60米),4006644086,汽车服务;充电站;充电站,011100,北京市,北京市,丰台区,太平桥,[],充电站,丰台区
B0L2NLJ35J,小桔充电汽车充电站(中石化龙禹新发地充电站),116.343245,39.829272,右安路119号隆晟华盾文化产业园隆晟华盾文化产业园停车场,4000610999,汽车服务;充电站;充电站,011100,北京市,北京市,丰台区,新发地,[],充电站,丰台区
B0MDNPF36L,小桔充电汽车充电站(丰台站融达国际液冷超充站货车可充充电免停),116.319952,39.851857,融达国际南门东南50米,[],汽车服务;充电站;充电站,011100,北京市,北京市,丰台区,夏家胡同,[],充电站,丰台区
B0J2UD082B,小桔充电汽车充电站(丰台隆晟华盾文化产业园超充站),116.342881,39.828577,右安路119号隆晟华盾文化产业园隆晟华盾文化产业园停车场,[],汽车服务;充电站;充电站,011100,北京市,北京市,丰台区,新发地,[],充电站,丰台区
B0L2MO0O3D,小桔充电汽车充电站(云和桥丰台丰葆荟充电站),116.289880,39.816383,看丹街道富锦嘉园丰葆荟,4000610999,汽车服务;充电站;充电站,011100,北京市,北京市,丰台区,世界公园,[],充电站,丰台区
B0KK7GG08E,小桔充电汽车充电站(云和桥樊家村首经贸南路充电站),116.311545,39.839474,北京信息职业技术学院(南校区)-停车场,[],汽车服务;充电站;充电站,011100,北京市,北京市,丰台区,夏家胡同,[],充电站,丰台区
B0LBR6C2P2,小桔充电汽车充电站(云岗),116.185340,39.805923,云岗路与张云路交叉口东南140米,[],汽车服务;充电站;充电站,011100,北京市,北京市,丰台区,长辛店,[],充电站,丰台区
B0KGGR7K02,小桔充电汽车充电站(北京丰台万维嘉旅停车场),116.184239,39.857286,北宫镇园博府五环外停车场(张郭庄地铁站A北口步行230米),4000610999,汽车服务;充电站;充电站,011100,北京市,北京市,丰台区,[],[],充电站,丰台区
B0LDDPAXS9,小桔充电汽车充电站(北京丰台东方银鼎家居生活广场超充站),116.208681,39.841365,东方银鼎家居生活广场地面停车场,[],汽车服务;充电站;充电站,011100,北京市,北京市,丰台区,长辛店,[],充电站,丰台区
B0HK09I3WP,小桔充电汽车充电站(北京丰台丽泽居然之家),116.310692,39.872187,居然之家家居生活MALL丽泽店地面停车场,18943076070,汽车服务;充电站;充电站,011100,北京市,北京市,丰台区,七里庄,[],充电站,丰台区
B0LBTY602S,小桔充电汽车充电站(北京丰台区天昊充电站),116.265503,39.865591,卢沟桥街道丰体南路辅路天昊文化广场内(北侧),4000610999,汽车服务;充电站;充电站,011100,北京市,北京市,丰台区,[],[],充电站,丰台区
B0K35PDQZ2,小桔充电汽车充电站(北京丰台区草桥麦德龙充电站),116.357586,39.850391,草桥东路与角门北路交叉口西180米,[],汽车服务;充电站;充电站,011100,北京市,北京市,丰台区,草桥,[],充电站,丰台区
B0I0R6OTOJ,小桔充电汽车充电站(北京丰台区西站商业广场),116.321664,39.891857,"北京西站商业广场,走进入西站地下停车场入口外测的最右侧车道,第一个人行道左转进入道闸下坡",[],汽车服务;充电站;充电站,011100,北京市,北京市,丰台区,太平桥,[],充电站,丰台区
B0K6SG4Y2F,小桔充电汽车充电站(北京丰台区里程宝洋桥超级电站),116.389261,39.857414,南三环中路辅路与西罗园南里交叉口西北60米,[],汽车服务;充电站;充电站,011100,北京市,北京市,丰台区,马家堡村,[],充电站,丰台区
B0KB3R17P8,小桔充电汽车充电站(北京丰台华夏幸福创新中心充电站),116.300744,39.824690,汽车博物馆西路8号院3号地下停车场地下三层,[],汽车服务;充电站;充电站,011100,北京市,北京市,丰台区,[],[],充电站,丰台区
B0KDUCED3L,小桔充电汽车充电站(北京丰台安富停车场充电站),116.438168,39.857735,地面停车场0028,4000610999,汽车服务;充电站;充电站,011100,北京市,北京市,丰台区,成寿寺社区,[],充电站,丰台区
B0K03Z3OF6,小桔充电汽车充电站(北京丰台宝隆充电站),116.332874,39.851264,玉泉营街道南三环西路99号宝隆大厦地下三层,4000610999,汽车服务;充电站;充电站,011100,北京市,北京市,丰台区,夏家胡同,[],充电站,丰台区
B0IDKKE5KX,小桔充电汽车充电站(北京丰台宝隆充电站),116.332514,39.849469,玉泉营街道南三环西路142号宝隆大厦地下二层,[],汽车服务;充电站;充电站,011100,北京市,北京市,丰台区,夏家胡同,[],充电站,丰台区
B0J2L4YDEI,小桔充电汽车充电站(北京丰台欢乐水魔方),116.252576,39.882143,卢沟桥街道小屯北街欢乐水魔方东侧地面停车场,[],汽车服务;充电站;充电站,011100,北京市,北京市,丰台区,青塔,[],充电站,丰台区
B0L1UA43EY,小桔充电汽车充电站(北京丰台赵辛店超充站),116.195448,39.805087,地面停车场,[],汽车服务;充电站;充电站,011100,北京市,北京市,丰台区,长辛店,[],充电站,丰台区
B0J6NRM7VP,小桔充电汽车充电站(北京丰台银建充电站),116.249183,39.850385,丰裕路与丰台西路交叉口西南220米,[],汽车服务;充电站;充电站,011100,北京市,北京市,丰台区,[],[],充电站,丰台区
B0J6HGGJ95,小桔充电汽车充电站(北京丰台青塔蔚园22号院充电站),116.263437,39.895593,青塔街道青塔西路61号青塔蔚园-22号院中国水产科学研究院地面停车场,4000610999,汽车服务;充电站;充电站,011100,北京市,北京市,丰台区,青塔,[],充电站,丰台区
B0L2XNWQV3,小桔充电汽车充电站(北京丰台鸿禧阁),116.420944,39.850053,东铁匠营街道贾家花园15号院8号楼鸿禧阁地下停车场B2层,[],汽车服务;充电站;充电站,011100,北京市,北京市,丰台区,赵公口,[],充电站,丰台区
B0LU1GD45R,小桔充电汽车充电站(北京静态交通六里桥客运站北侧),116.306500,39.881851,六里桥客运站北侧(丰台区西三环南里甲131号),13910935460,汽车服务;充电站;充电站,011100,北京市,北京市,丰台区,太平桥,[],充电站,丰台区
B0M66N9R04,小桔充电汽车充电站(小屯重卡兆瓦闪充站),116.240881,39.872266,北京新丰汽车驾驶学校南门旁,[],汽车服务;充电站;充电站,011100,北京市,北京市,丰台区,[],[],充电站,丰台区
B0KUY4TFL0,小桔充电汽车充电站(日升昌酒店停车场充电站),116.364889,39.866565,日升昌酒店停车场(景风门地铁站E口步行290米),4000610999,汽车服务;充电站;充电站,011100,北京市,北京市,丰台区,右安门,[],充电站,丰台区
B0KRTGUVDY,小桔充电汽车充电站(时代财富天地超充站),116.287965,39.831202,时代财富天地停车场,4000610999,汽车服务;充电站;充电站,011100,北京市,北京市,丰台区,科技园区,[],充电站,丰台区
B0IDAR3KDV,小桔充电汽车充电站(突破科技园汽车充电站),116.397678,39.825031,大红门久敬庄56号,4000610999,汽车服务;充电站;充电站,011100,北京市,北京市,丰台区,南苑,[],充电站,丰台区
B0KD0PUGJ2,小桔充电汽车充电站(顺充北京亚胜铂第超级),116.439700,39.858607,亚胜·铂第公馆停车场,4000610999,汽车服务;充电站;充电站,011100,北京市,北京市,丰台区,方庄,[],充电站,丰台区
B0JR64G98A,小桔充电汽车充电站(马连道快速),116.330199,39.875349,太平桥街道深港高尔夫俱乐部马连道欣园小区进门直行左侧地面停车场106,[],汽车服务;充电站;充电站,011100,北京市,北京市,丰台区,广安门,[],充电站,北京市
B0H2MZ2KMF,小桔充电站(北京壳牌南站立体停车楼),116.374560,39.865960,开阳路北京南站立体停车场立体停车楼二层,4000610999,汽车服务;充电站;充电站,011100,北京市,北京市,丰台区,右安门,[],充电站,北京市
B0G294N69G,小桔汽车充电站(北京丰台合生广场充电站),116.397492,39.855786,大红门街道永外果园8号合生广场B3层A区,4000610999,汽车服务;充电站;充电站,011100,北京市,北京市,丰台区,大红门,[],充电站,丰台区
B0MDOSVF24,小绿人电动车充电柜,116.328351,39.864538,丽泽路16号院金泽路与西营街交汇处,[],汽车服务;充电站;充电站,011100,北京市,北京市,丰台区,太平桥,[],充电站,丰台区
B0MG0KGG6S,小鹏超级充电站(小鹏S4超快充北京南三环中路站),116.408756,39.858797,北京市东铁匠营街道南三环中路67号院手拉手尾货批发城,4007836688,汽车服务;充电站;充电站,011100,北京市,北京市,丰台区,赵公口,[],充电站,丰台区
B0LRZ607LZ,小鹏超级充电站(小鹏S4超快充北京小井润园站),116.284206,39.875014,六里桥街道望园路(入口望园路),4007836688,汽车服务;充电站;充电站,011100,北京市,北京市,丰台区,岳各庄,[],充电站,丰台区
B0MBHKH4RY,小鹏超级充电站(小鹏S4超快充北京小瓦窑站),116.244194,39.888153,卢沟桥街道思湘苑(吴家村店),4007836688,汽车服务;充电站;充电站,011100,北京市,北京市,丰台区,青塔,[],充电站,丰台区
B0KKH6UR44,小鹏超级充电站(小鹏S4超快充北京成寿寺站),116.446724,39.856593,成寿寺路新业广场南侧便民停车场地面充电站,4007836688,汽车服务;充电站;充电站,011100,北京市,北京市,丰台区,成寿寺社区,[],充电站,丰台区
B0LKDKKUDF,小鹏超级充电站(小鹏S4超快充北京晓月苑站),116.237079,39.834796,北京市晓月中路与清音街交叉口西南280米,4007836688,汽车服务;充电站;充电站,011100,北京市,北京市,丰台区,[],[],充电站,丰台区
B0L246M1CV,小鹏超级充电站(小鹏S4超快充北京西国贸酒店站),116.307207,39.855900,丰管路16号12号楼(泥洼地铁站C1东南口步行440米),4007836688,汽车服务;充电站;充电站,011100,北京市,北京市,丰台区,七里庄,[],充电站,丰台区
B0LK0K6CMX,小鹏超级充电站(小鹏超快充北京建国街站),116.291290,39.847244,建国街与东兴里交叉口西北60米,4007836688,汽车服务;充电站;充电站,011100,北京市,北京市,丰台区,北大地,[],充电站,丰台区
B0KKJ4XXBC,广汽能源汽车充电站(广汽能源北京丰台万维嘉旅停车场超充站),116.184685,39.857784,北宫镇园博府五环外地面停车场,4000826699,汽车服务;充电站;充电站,011100,北京市,北京市,丰台区,[],[],充电站,丰台区
B0MAVB62YG,广汽能源汽车充电站(广汽能源北京丰台领秀翡翠山超充站),116.160835,39.799737,南宫路9号,4006665330,汽车服务;充电站;充电站,011100,北京市,北京市,丰台区,[],[],充电站,丰台区
B0KKO4PSYF,广汽能源汽车充电站(广汽能源鑫嘉汇购物中心超充站),116.293205,39.818970,看丹街道鑫嘉汇购物中心地面停车场,4006665330,汽车服务;充电站;充电站,011100,北京市,北京市,丰台区,世界公园,[],充电站,丰台区
B0MA1ADMJV,库仑汽车充电站(中国石化万兴家居广场充电站),116.338990,39.846524,玉泉营街道万兴国际家居广场,95105888,汽车服务;充电站;充电站,011100,北京市,北京市,丰台区,纪家庙,[],充电站,丰台区
B0MA1UF28C,库仑汽车充电站(中国石化世界公园东门重卡充电站),116.291360,39.810333,花乡街道丰葆路158号世界公园东门停车场,95105888,汽车服务;充电站;充电站,011100,北京市,北京市,丰台区,世界公园,[],充电站,丰台区
B0K29SRWH1,开迈斯汽车充电站(北京市丰台区西国贸充电超市站),116.307475,39.855932,丰管路前泥洼路(泥洼地铁站C1东南口步行450米),4006657666,汽车服务;充电站;充电站,011100,北京市,北京市,丰台区,七里庄,[],充电站,丰台区
B0M6H7BVSU,快电大瓦窑地铁站液冷超充,116.239725,39.858775,G4京港澳高速出口与G4京港澳高速辅路交叉口东北100米,[],生活服务;共享设备;充电宝,072101,北京市,北京市,丰台区,[],[],充电站,丰台区
B0MD7R857N,新电途汽车充电站(北京南站牛快充超级快充站),116.360245,39.850834,丰台区南三环首农双创中心大厦地下三层,4001100835,汽车服务;充电站;充电站,011100,北京市,北京市,丰台区,马家堡村,[],充电站,丰台区
B0L2JP5A0Y,新电途汽车充电站(卢沟桥·金通阳光苑·便民·超快充站),116.236496,39.878548,卢沟桥街道金通阳光苑北区(南门),17600029425,汽车服务;充电站;充电站,011100,北京市,北京市,丰台区,[],[],充电站,丰台区
B0LKXDMSNQ,新电途汽车充电站(山语城小熊超充站),116.135930,39.811060,王佐镇山语城三区西侧停车场,4001100835,汽车服务;充电站;充电站,011100,北京市,北京市,丰台区,[],[],充电站,丰台区
B0J356Q23I,新电途汽车充电站(未来超充-京荟广场站),116.249243,39.881789,京荟广场文化产业园北门西300米,4001100835,汽车服务;充电站;充电站,011100,北京市,北京市,丰台区,青塔,[],充电站,丰台区
B0L3UBFMSR,新电途汽车充电站(盛芳花卉停车场充电站),116.312720,39.791290,花乡街道山鹰昆仑线缆盛芳国际花卉总部基地,4001100835,汽车服务;充电站;充电站,011100,北京市,北京市,丰台区,[],[],充电站,丰台区
B0LUMP00ND,新电途汽车充电站(里程宝木樨园超级充电站),116.402667,39.858883,木樨园世贸商城中心停车场,4001100835,汽车服务;充电站;充电站,011100,北京市,北京市,丰台区,木樨园,[],充电站,丰台区
B0LROPWL7I,新电途汽车充电站(里程宝西四环青塔充电站),116.270020,39.885002,丰台区林溪路,4001100835,汽车服务;充电站;充电站,011100,北京市,北京市,丰台区,青塔,[],充电站,丰台区
B0L1VPAZSA,昆仑网电汽车充电站(中国石油北京丰台东大街充电站),116.294600,39.855640,东大街东营里7号和玮酒店停车场内,956100,汽车服务;充电站;充电站,011100,北京市,北京市,丰台区,七里庄,[],充电站,北京市
B0LKUPVHVQ,昆仑网电汽车充电站(中国石油北京丰台晓月苑充电站),116.245750,39.833916,宛平街道晓月东路六里东侧,956100,汽车服务;充电站;充电站,011100,北京市,北京市,丰台区,[],[],充电站,丰台区
B0KAMG3XP9,昆仑网电汽车充电站(中国石油北京丰台晓月西路充电站),116.237079,39.834596,宛平街道晓月西路丰顺商务楼,956100,汽车服务;充电站;充电站,011100,北京市,北京市,丰台区,[],[],充电站,丰台区
B0L03PBYG9,昆仑网电汽车充电站(中国石油北京丰台水魔方充电站),116.252280,39.884167,小屯路11号水魔方东侧停车场,956100,汽车服务;充电站;充电站,011100,北京市,北京市,丰台区,青塔,[],充电站,丰台区
B0L3VPGP2T,昆仑网电汽车充电站(中国石油北京丰台鑫嘉汇充电站),116.293600,39.818478,鑫嘉汇购物广场,956100,汽车服务;充电站;充电站,011100,北京市,北京市,丰台区,世界公园,[],充电站,北京市
B0L6SS56EC,昆仑网电汽车充电站(中国石油北京丰台靛厂锦园南门超充站),116.279816,39.887380,水衙沟路126号,0797-966991;956100,汽车服务;充电站;充电站,011100,北京市,北京市,丰台区,郑常庄村,[],充电站,丰台区
B0K2K9WVVB,昆仑网电汽车充电站(中国石油北京大红门停车楼充电站),116.397885,39.846061,大红门地铁A2口北50米立体停车楼内,956100,汽车服务;充电站;充电站,011100,北京市,北京市,丰台区,马家堡村,[],充电站,北京市
B0MGPG062R,昆仑网电汽车充电站(昆仑网电丰台区京盛时代购物中心停车场超充站),116.173720,39.820557,镇岗塔路云岗航天人才家园1号楼京盛时代购物中心停车场,956100,汽车服务;充电站;充电站,011100,北京市,北京市,丰台区,长辛店,[],充电站,北京市
B0MBFG2OJF,昆仑网电汽车充电站(昆仑网电北京丰台嘉禾停车场超充站),116.257370,39.871020,双林东路春风雅筑西北150米嘉禾停车场内,956100,汽车服务;充电站;充电站,011100,北京市,北京市,丰台区,[],[],充电站,丰台区
B0KAC91SNH,昆仑网电汽车充电站(昆仑网电北京汽车博物馆充电站),116.302574,39.827843,北京汽车博物馆南门东150米,956100,汽车服务;充电站;充电站,011100,北京市,北京市,丰台区,[],[],充电站,丰台区
B0KKH5NRLQ,星星充电汽车充电站(动力驿站-南三环中林超级充电站草桥),116.356855,39.852468,中林大厦北门旁,4008280768,汽车服务;充电站;充电站,011100,北京市,北京市,丰台区,马家堡,[],充电站,北京市
B0L39KQA88,星星充电汽车充电站(南庭新苑充电站),116.371860,39.808150,南庭新苑北区东(诚苑西路东),4008280768,汽车服务;充电站;充电站,011100,北京市,北京市,丰台区,南苑,[],充电站,丰台区
B0K02185FH,星星充电汽车充电站(星星充电-丰台-中企会大厦充电站),116.323710,39.849080,仲博中医院东门旁,4008280768,汽车服务;充电站;充电站,011100,北京市,北京市,丰台区,夏家胡同,[],充电站,丰台区
B0LKOZFZ2N,星星充电汽车充电站(星星充电-瑞泓沄充电站),116.409140,39.805590,丰台区南苑东路西洼地东南61米,4008280768,汽车服务;充电站;充电站,011100,北京市,北京市,丰台区,南苑,[],充电站,北京市
B0LR9LPXF5,极氪能源超级充电站(北京丰台银地西路极充站),116.331406,39.814660,停车场,4000036036,汽车服务;充电站;充电站,011100,北京市,北京市,丰台区,新发地,[],充电站,丰台区
B0MD9LQFFH,极氪能源超级充电站(北京新丰驾校极充站),116.240105,39.872272,小屯西南坟路22号新丰汽车驾驶学校地面停车位,4000036036,汽车服务;充电站;充电站,011100,北京市,北京市,丰台区,[],[],充电站,丰台区
B0LGTKTTKQ,极狐汽车充电站(马连道),116.331361,39.875289,马连道欣园东路1号,4000008899,汽车服务;充电站;充电站,011100,北京市,北京市,丰台区,广安门,[],充电站,丰台区
B0FFJXC3HC,比亚迪汽车充电站,116.389302,39.853481,西罗园南里与南三环中路辅路交叉口南380米,[],汽车服务;充电站;充电站,011100,北京市,北京市,丰台区,西罗园,[],充电站,丰台区
B0J3NHKO6V,比亚迪汽车闪充站(公共站汐歌儿海之月),116.224738,39.857557,城北街6号海之月公寓20号楼西侧,4000306666,汽车服务;充电站;充电站,011100,北京市,北京市,丰台区,卢沟桥,[],充电站,北京市
B0M6VNGX6S,比亚迪闪充汽车充电站(比亚迪北京环耀晟世4S店),116.312830,39.874374,西三环南路甲16号,4000306666,汽车服务;充电站;充电站,011100,北京市,北京市,丰台区,太平桥,[],充电站,北京市
B0M6ONJVXU,比亚迪闪充汽车充电站(比亚迪北京福铃丰瑞4S店),116.350037,39.829357,花乡街道南四环中路260号,4000306666,汽车服务;充电站;充电站,011100,北京市,北京市,丰台区,[],[],充电站,丰台区
B0MG6NH740,比亚迪闪充汽车充电站(比亚迪北京福铃兴迪4S店),116.323453,39.831615,玉泉营街道花乡汽车园(南门),4000306666,汽车服务;充电站;充电站,011100,北京市,北京市,丰台区,[],[],充电站,丰台区
B0KAL6HVF4,汐歌儿汽车充电站(公共站汐歌儿海子公园优易充小站),116.345598,39.815687,南苑西路332号,[],汽车服务;充电站;充电站,011100,北京市,北京市,丰台区,南苑,[],充电站,丰台区
B0L2SA53OZ,汽车充电站(六里桥客运地下充电站),116.306440,39.880817,六里桥南里甲19号六里桥客运主枢纽地下停车场,4009608068,汽车服务;充电站;充电站,011100,北京市,北京市,丰台区,太平桥,[],充电站,丰台区
B0LADH6YGD,汽车充电站(北汽动力丰台刘庄子站),116.240638,39.849273,刘庄子路沙岗村甲5号院小桔充电站院内,[],汽车服务;换电站;换电站,011101,北京市,北京市,丰台区,[],[],充电站,北京市
B0IUDLGP8B,汽车充电站(小鹏超充北京新业广场站),116.448178,39.858337,新业广场停车场,4007836688,汽车服务;充电站;充电站,011100,北京市,北京市,丰台区,分钟寺,[],充电站,丰台区
B0J21XCAWC,汽车充电站(特来电北京市丰台区菜户营桥北站),116.348388,39.871312,地面停车场,4001300001,汽车服务;充电站;充电站,011100,北京市,北京市,丰台区,广安门,[],充电站,丰台区
B0L2MBWJM9,汽车充电站(隆瑞三优嘉园三里站),116.365205,39.840929,嘉园路7号,[],汽车服务;充电站;充电站,011100,北京市,北京市,丰台区,角门,[],充电站,丰台区
B0LBLLPC27,汽车换电站(蔚来北京丰台草桥站),116.362857,39.839912,赵村店路京港地铁有限公司北门外左转停车场直行,[],汽车服务;汽车服务相关;汽车服务相关,010000,北京市,北京市,丰台区,草桥,[],充电站,丰台区
B0L2DN7R5W,滴滴充电充电站(角门东里36号院),116.382925,39.848225,角门北路与马家堡路交叉口东南340米,[],汽车服务;充电站;充电站,011100,北京市,北京市,丰台区,角门,[],充电站,丰台区
B0JRRSP20F,滴滴充电汽车充电站(中石化龙禹东旭国际充电站),116.310421,39.829469,樊羊路253号地面停车场,4000610999,汽车服务;充电站;充电站,011100,北京市,北京市,丰台区,[],[],充电站,丰台区
B0K6T4OWZT,滴滴充电汽车充电站(丰台七里庄亿潼隆-鲸悦能源充电站),116.295364,39.872627,六里桥街道万丰路532号亿潼隆万丰购物中心停车场西侧,4000610999,汽车服务;充电站;充电站,011100,北京市,北京市,丰台区,太平桥,[],充电站,丰台区
B0L36U9MUM,滴滴充电汽车充电站(云和桥丰台新发地长途客运站充电站),116.344960,39.825535,花乡街道京开路新发地长途客运站停车场,4000610999,汽车服务;充电站;充电站,011100,北京市,北京市,丰台区,新发地,[],充电站,丰台区
B0MDUO27MG,滴滴充电汽车充电站(京供华商重卡大巴超充站),116.241290,39.857635,卢沟桥街道G4辅路,4000610999,汽车服务;充电站;充电站,011100,北京市,北京市,丰台区,[],[],充电站,丰台区
B0KKRGJW5S,滴滴充电汽车充电站(京化能源煜龙超级充电站),116.304100,39.878380,煜龙宴(六里桥地铁站E东南口步行190米),4000610999,汽车服务;充电站;充电站,011100,北京市,北京市,丰台区,七里庄,[],充电站,丰台区
B0MATNU6J5,滴滴充电汽车充电站(六里桥政务中心充电站),116.308390,39.880450,六里桥街道为民街首发大厦北京市丰台区六里桥南里甲9号,4000610999,汽车服务;充电站;充电站,011100,北京市,北京市,丰台区,太平桥,[],充电站,丰台区
B0MDFN88JR,滴滴充电汽车充电站(北京丰台丹陛华广场超级充电站),116.406140,39.849710,大红门街道丹陛华生活展示中心,4000610999,汽车服务;充电站;充电站,011100,北京市,北京市,丰台区,木樨园,[],充电站,丰台区
B0JUGG3D4B,滴滴充电汽车充电站(北京丰台顺和智库充电站),116.311440,39.864990,丰台街道西三环南路辅路顺和国际停车场东南侧,4000610999,汽车服务;充电站;充电站,011100,北京市,北京市,丰台区,七里庄,[],充电站,丰台区
B0LDODYB6J,滴滴充电汽车充电站(北京四合庄兴鹏停车场充电站),116.312060,39.835100,宏达地面停车场,4000610999,汽车服务;充电站;充电站,011100,北京市,北京市,丰台区,[],[],充电站,丰台区
B0M6JUDNZU,滴滴充电汽车充电站(北京市丰台区刘庄子路沙岗村甲5号院充电站),116.240234,39.850020,宛平街道刘庄子路停车场南侧,4000610999,汽车服务;充电站;充电站,011100,北京市,北京市,丰台区,[],[],充电站,丰台区
B0KAMP2ARO,滴滴充电汽车充电站(北京市丰台区草桥安富停车场充电站),116.359800,39.847140,玉泉营街道有搞头火锅烧烤烤鱼玉芳园停车场东侧,4000610999,汽车服务;充电站;充电站,011100,北京市,北京市,丰台区,马家堡村,[],充电站,丰台区
B0KBKGALWE,滴滴充电汽车充电站(北京市丰台区角门东里85号楼西南侧停车场充电站),116.376370,39.845978,马家堡街道马家堡中路66号角门东里,4000610999,汽车服务;充电站;充电站,011100,北京市,北京市,丰台区,角门,[],充电站,丰台区
B0MA1BDL5S,滴滴充电汽车充电站(北京西站商业广场超级充电站),116.320710,39.891937,太平桥街道北京西站南路北京云瑧金陵莲花酒店,4000610999,汽车服务;充电站;充电站,011100,北京市,北京市,丰台区,太平桥,[],充电站,丰台区
B0LDFLYSRU,滴滴充电汽车充电站(北京静态交通丽源路),116.312835,39.874995,丽源路与西三环南路辅路交叉口东80米,[],汽车服务;充电站;充电站,011100,北京市,北京市,丰台区,太平桥,[],充电站,丰台区
B0LU1YFGKB,滴滴充电汽车充电站(北京静态交通千禧街),116.281720,39.890420,千禧购物中心西侧停车场,[],汽车服务;充电站;充电站,011100,北京市,北京市,丰台区,郑常庄村,[],充电站,北京市
B0L3T477XS,滴滴充电汽车充电站(北宫镇超级充电站),116.169970,39.874977,北宫镇东河沿路红绿灯东南侧,4000610999,汽车服务;充电站;充电站,011100,北京市,北京市,丰台区,[],[],充电站,丰台区
B0M614EIKB,滴滴充电汽车充电站(南三环中路手拉手国际玩具城液冷超充站),116.408890,39.858720,东铁匠营街道南三环中路67号院北京舍得精品酒店,4000610999,汽车服务;充电站;充电站,011100,北京市,北京市,丰台区,蒲黄榆,[],充电站,丰台区
B0MAONGTS5,滴滴充电汽车充电站(国数人才基地充电站)(内部专用),116.263599,39.834418,看丹路418号,4000610999,汽车服务;充电站;专用充电站,011103,北京市,北京市,丰台区,[],[],充电站,丰台区
B0LK0D7NAA,滴滴充电汽车充电站(大瓦窑地铁站),116.241135,39.859444,卢沟桥街道G4辅路(大瓦窑地铁站B东北口步行90米),4000610999,汽车服务;充电站;充电站,011100,北京市,北京市,丰台区,[],[],充电站,丰台区
B0MDHNRG8T,滴滴充电汽车充电站(成寿寺充电站),116.446730,39.856420,成寿寺街道成寿寺路4号新业广场,4000610999,汽车服务;充电站;充电站,011100,北京市,北京市,丰台区,成寿寺社区,[],充电站,丰台区
B0MDU11ZQZ,滴滴充电汽车充电站(望园北路液冷超充站),116.289375,39.868877,六里桥街道肯德基(望园北路店)望园东路-道路停车位,4000610999,汽车服务;充电站;充电站,011100,北京市,北京市,丰台区,七里庄,[],充电站,丰台区
B0L1HNW1GT,滴滴充电汽车充电站(燕房电力.骏景园北区超快充电站),116.396800,39.856213,大红门街道果园珠江骏景北区地下停车场,4000610999,汽车服务;充电站;充电站,011100,北京市,北京市,丰台区,木樨园,[],充电站,丰台区
B0LRMYXCNG,滴滴充电汽车充电站(通久停车场超级充电站),116.403190,39.822510,和义街道南苑路104号汉庭酒店,4000610999,汽车服务;充电站;充电站,011100,北京市,北京市,丰台区,南苑,[],充电站,丰台区
B0HKDZY3SU,特斯拉超级充电站(北京丽泽天街),116.334072,39.867013,丽泽路300号地下B3层J区0424至0427、0449至0452车位,[],汽车服务;充电站;充电站,011100,北京市,北京市,丰台区,太平桥,[],充电站,丰台区
B0K1CG75ZD,特斯拉超级充电站(北京京印国际中心),116.375496,39.867750,开阳路8号地上停车场/入口开阳路辅路-西门,4009100707,汽车服务;充电站;专用充电站,011103,北京市,北京市,丰台区,右安门,[],充电站,丰台区
B0L36GA5VM,特斯拉超级充电站(北京六里桥特斯拉中心),116.311550,39.880980,西三环南路10号院北地上停车位/入口西三环辅路,4009100707,汽车服务;充电站;充电站,011100,北京市,北京市,丰台区,太平桥,[],充电站,丰台区
B0G0C7YZ92,特斯拉超级充电站(北京千禧商业街),116.283178,39.889958,靛厂路11号千禧购物中心停车场D区,[],汽车服务;充电站;充电站,011100,北京市,北京市,丰台区,郑常庄村,[],充电站,丰台区
B0L0OSIJTW,特斯拉超级充电站(北京南四环中路特斯拉中心),116.416267,39.831039,南四环中路20号地上停车位/入口南四环中路辅路,4009100707,汽车服务;充电站;充电站,011100,北京市,北京市,丰台区,[],[],充电站,丰台区
B0FFILDJFJ,特斯拉超级充电站(北京市宝隆大厦),116.332673,39.849298,南三环西路91号,[],汽车服务;充电站;充电站,011100,北京市,北京市,丰台区,夏家胡同,[],充电站,丰台区
B0H1AS3C7T,特斯拉超级充电站(北京市张仪村丰仪汽车园),116.229186,39.881578,张仪村路23号院甲5号北京寰宇标特特斯拉授权钣喷中心旁,[],汽车服务;充电站;充电站,011100,北京市,北京市,丰台区,[],[],充电站,丰台区
B0I1NS6CH5,特斯拉超级充电站(北京首开福茂),116.426957,39.846731,石榴庄大街与宋庄路交叉口西北180米地面停车场,[],汽车服务;充电站;专用充电站,011103,北京市,北京市,丰台区,宋家庄,[],充电站,丰台区
B0J2479N8E,特斯拉超级充电站(鑫嘉汇购物中心),116.292060,39.818947,丰葆路88号鑫嘉汇购物中心地面停车场北门东侧入口六圈路,[],汽车服务;充电站;专用充电站,011103,北京市,北京市,丰台区,[],[],充电站,丰台区
B0JAHR5KEC,特来电汽车充电站(北京丰台集美日新充电站),116.392227,39.832769,大红门街道南四环中路辅路集美家居地面停车场,4001300001,汽车服务;充电站;充电站,011100,北京市,北京市,丰台区,大红门,[],充电站,丰台区
B0FFIQW9TK,特来电汽车充电站(北京银座),116.298696,39.882068,万丰路68号院地下二层停车场C区1通道与E区8通道交界处,4001300001,汽车服务;充电站;充电站,011100,北京市,北京市,丰台区,太平桥,[],充电站,丰台区
B0K6S76PZH,特来电汽车充电站(特来电北京丰台世界公园南门停车场充电站),116.289790,39.806910,世界公园南门停车场(大葆台地铁站D西南口步行210米),4001300001,汽车服务;充电站;充电站,011100,北京市,北京市,丰台区,[],[],充电站,丰台区
B0KUJPJ4B5,特来电汽车充电站(特来电北京丰台丽泽16号购物中心快充充电站),116.313580,39.877163,太平桥街道西局东街丽泽16号购物中心,4001300001,汽车服务;充电站;充电站,011100,北京市,北京市,丰台区,太平桥,[],充电站,丰台区
B0J2TP44LZ,特来电汽车充电站(特来电北京市丰台区草桥欣园充电站),116.357440,39.846220,玉泉营街道草桥综合楼地面停车场,4001300001,汽车服务;充电站;充电站,011100,北京市,北京市,丰台区,草桥,[],充电站,丰台区
B0KRD7IJ3W,特来电汽车充电站(特来电北京市欧尚超市丰台店充电站),116.288750,39.835520,看丹街道乐华梅兰(我们的商店)欧尚超市(科兴店)B1层,4001300001,汽车服务;充电站;充电站,011100,北京市,北京市,丰台区,科技园区,[],充电站,丰台区
B0K6UPPQFT,特来电汽车充电站(马连道充电站),116.330460,39.875100,太平桥街道欣园东路马连道欣园小区,4001300001,汽车服务;充电站;充电站,011100,北京市,北京市,丰台区,广安门,[],充电站,丰台区
B0FFLJV6VX,特瓦特超级充电站(宝隆)(暂停营业),116.331331,39.850147,南三环西路91号院宝隆大厦西院,13511006457;13552607861,汽车服务;充电站;充电站,011100,北京市,北京市,丰台区,夏家胡同,[],充电站,丰台区
B0K29DR1YZ,理想超级充电站(理想5C超充站北京西国贸大酒店西侧停车场),116.307240,39.855730,丰台街道丰管路37号(泥洼地铁站C1东南口步行450米),4006860400,汽车服务;充电站;充电站,011100,北京市,北京市,丰台区,七里庄,[],充电站,丰台区
B0L1LCFC0F,理想超级充电站(理想超充站北京丰台区小瓦窑西路停车场),116.244197,39.888165,卢沟桥街道小瓦窑西路思湘苑西侧停车场,4006860400,汽车服务;充电站;充电站,011100,北京市,北京市,丰台区,青塔,[],充电站,丰台区
B0L2M4WZ3H,能加超充丰台刘家窑站,116.426054,39.858581,南三环东路27号(刘家窑地铁站B东北口步行300米),4001100835,汽车服务;充电站;充电站,011100,北京市,北京市,丰台区,刘家窑,[],充电站,丰台区
B0MGTN6RM4,能加超充超级充电站 (宋家庄翔达超充站),116.433852,39.849457,金泰翔达写字楼停车场,4001100835,汽车服务;充电站;充电站,011100,北京市,北京市,丰台区,成寿寺社区,[],充电站,丰台区
B0LUVAD5DG,能加超充超级充电站(万柳桥纪家庙超充站·华为超充技术支持),116.333915,39.846032,玉泉营街道纪家庙8号院(南三环万柳桥南100米)华沿酒店停车场内,4001100835,汽车服务;充电站;充电站,011100,北京市,北京市,丰台区,夏家胡同,[],充电站,丰台区
B0LUTZ56QC,能加超充超级充电站(丰台区赵辛店超充站·华为超充技术支持),116.195349,39.804761,长辛店大街国网充电站对面,4001100835,汽车服务;充电站;充电站,011100,北京市,北京市,丰台区,长辛店,[],充电站,丰台区
B0M63N6R2B,能加超充超级充电站(京良路青旅新发地超充站),116.333590,39.809376,青旅,4001100835,汽车服务;充电站;充电站,011100,北京市,北京市,丰台区,新发地,[],充电站,丰台区
B0LUTZ4ULM,能加超充超级充电站(六里桥奈伦大厦超充站·华为超充技术支持),116.306652,39.884192,六里桥奈伦大厦,4001100835,汽车服务;充电站;充电站,011100,北京市,北京市,丰台区,太平桥,[],充电站,丰台区
B0LUVAD5DE,能加超充超级充电站(南苑路瑞荣大厦超充站·华为超充技术支持),116.401672,39.807559,瑞荣大厦,4001100835,汽车服务;充电站;充电站,011100,北京市,北京市,丰台区,南苑,[],充电站,丰台区
B0LUVAE038,能加超充超级充电站(右安门北京商务会馆超充站·华为超充技术支持),116.359699,39.867711,北京商务会馆,4001100835,汽车服务;充电站;充电站,011100,北京市,北京市,丰台区,右安门,[],充电站,丰台区
B0JDOMCWA4,蔚来换电站(丰台新村),116.306883,39.839752,丰台南路79号,[],汽车服务;充电站;充电站,011100,北京市,北京市,丰台区,[],[],充电站,丰台区
B0J0BAH2G5,蔚来换电站(北京花乡奥特莱斯站),116.325499,39.829579,南四环西路76号,[],汽车服务;充电站;充电站,011100,北京市,北京市,丰台区,花乡,[],充电站,丰台区
B0JKP713LC,蔚来换电站(北京马连道大都纸库),116.330652,39.875423,马连道欣园小区地面停车场,[],汽车服务;汽车服务相关;汽车服务相关,010000,北京市,北京市,丰台区,广安门,[],充电站,丰台区
B0JKTZ22Q5,蔚来能源超级充电站(北京丰台分钟寺),116.452470,39.852700,分钟寺地铁站A口(西北口),[],汽车服务;充电站;充电站,011100,北京市,北京市,丰台区,分钟寺,[],充电站,丰台区
B0LGFAPK7W,蔚来能源超级充电站(北京丰台木樨园),116.401665,39.859090,木樨园世贸商城中心停车场,[],汽车服务;充电站;充电站,011100,北京市,北京市,丰台区,木樨园,[],充电站,丰台区
B0MUTRM41O,逸安启超级充电站(北京丰体时代大厦),116.269930,39.865707,丰体南路3号丰体时代大厦地面停车场,4000010780,汽车服务;充电站;充电站,011100,北京市,北京市,丰台区,北大地,[],充电站,丰台区
B0LRNSKOLQ,隆瑞三优(城南嘉园368路充电站),116.363846,39.835340,嘉园路,[],汽车服务;充电站;充电站,011100,北京市,北京市,丰台区,马家堡村,[],充电站,丰台区
B0L2M5Y27K,隆瑞三优汽车充电站(嘉园三里充电站快充站),116.365395,39.841053,镇国寺北街8号院18号,[],汽车服务;充电站;充电站,011100,北京市,北京市,丰台区,角门,[],充电站,丰台区
B0LUCPI75C,隆瑞三优汽车充电站(隆瑞三优王佐充电站快充站),116.156710,39.787926,南宫迎宾路,[],汽车服务;充电站;充电站,011100,北京市,北京市,丰台区,[],[],充电站,丰台区
B0G0FU82NB,隆瑞三优超级充电站(木樨园超级充电站),116.398311,39.858383,永定门外大街公交木樨园加气站,[],汽车服务;充电站;充电站,011100,北京市,北京市,丰台区,木樨园,[],充电站,丰台区
B0IBXKR99F,隆瑞三优超级充电站(柳村超级充电站),116.339984,39.873074,菜户营西街69号,[],汽车服务;充电站;充电站,011100,北京市,北京市,丰台区,广安门,[],充电站,丰台区
B0LDYPG6SX,雨和同创车场,116.376477,39.812142,槐房路126号停车场,[],汽车服务;充电站;充电站,011100,北京市,北京市,丰台区,南苑,[],充电站,北京市
B0MB2S0KNO,K充电汽车充电站(双北路超充站),116.446715,39.719802,双北路与寺上路交叉口,95105888,汽车服务;充电站;充电站,011100,北京市,北京市,大兴区,[],[],充电站,北京市
B0KRODQ8WQ,bp pulse汽车充电站(bp pulse快充站北京大兴体育中心),116.329430,39.767753,高米店街道兴华大街二段15号,4006644086,汽车服务;充电站;充电站,011100,北京市,北京市,大兴区,黄村,[],充电站,大兴区
B0M6OULUJ4,万勋机器人智充空间 北京亦庄国际医药产业基地站,116.519135,39.767815,博兴街道北京自贸试验区高端产业片区亦庄组团亦庄国际生物医药园,4009960625,汽车服务;充电站;充电站,011100,北京市,北京市,大兴区,亦庄,[],充电站,大兴区
B0J3H4NKSW,万城万充汽车充电站(中航科技商务园),116.531079,39.803769,航空工业科技商务园停车场,[],汽车服务;充电站;充电站,011100,北京市,北京市,大兴区,亦庄,[],充电站,大兴区
B0MU2PCGDC,中国石化北野场桥下超充站,116.446716,39.719802,双北路北野场桥下,95105888,汽车服务;充电站;充电站,011100,北京市,北京市,大兴区,[],[],充电站,大兴区
B0LBOXCG83,中国石化汽车充电站(中国石化京福智能充电站),116.477731,39.710747,青云店镇京福路与孙垡路交叉口北50,95105888,汽车服务;充电站;充电站,011100,北京市,北京市,大兴区,[],[],充电站,大兴区
B0LAJB9QFO,中国石化汽车充电站(中国石化伊庄超充站重卡充电站),116.456200,39.684180,魏善庄镇G3京台高速,95105888,汽车服务;充电站;充电站,011100,北京市,北京市,大兴区,[],[],充电站,北京市
B0L3V4FK2G,中国石化汽车充电站(中国石化兴华桥南充电站),116.330760,39.778706,兴华桥南50米(五环路南),95105888,汽车服务;充电站;充电站,011100,北京市,北京市,大兴区,西红门,[],充电站,北京市
B0KD0BW60M,中国石化汽车充电站(中国石化国基创新园充电站),116.309700,39.620464,庞各庄镇龙景湾社区瓜乡路32号,95105888,汽车服务;充电站;充电站,011100,北京市,北京市,大兴区,庞各庄,[],充电站,北京市
B0LGJBKDDQ,中国石化汽车充电站(中国石化奥宇充电站),116.349587,39.762618,金星路12号2号楼,95105888,汽车服务;充电站;充电站,011100,北京市,北京市,大兴区,黄村,[],充电站,北京市
B0MDJBI82X,中国石化汽车充电站(中国石化定水桥重卡充电站),116.247050,39.692406,定水桥下,95105888,汽车服务;充电站;充电站,011100,北京市,北京市,大兴区,[],[],充电站,大兴区
B0LAJBND4C,中国石化汽车充电站(中国石化林肯公园充电站),116.494650,39.804157,林肯公园停车场,95105888,汽车服务;充电站;充电站,011100,北京市,北京市,大兴区,亦庄,[],充电站,大兴区
B0L6ZBLYL7,中国石化汽车充电站(中国石化百联清城充电站),116.331466,39.737689,黄村镇兴华中路9号(清城北区),95105888,汽车服务;充电站;充电站,011100,北京市,北京市,大兴区,兴丰,[],充电站,大兴区
B0MGC4E5LF,中国石化汽车充电站(中国石化采育绿地缤纷荟充电站),116.626870,39.656216,采育镇采平路1号院1号楼,95105888,汽车服务;充电站;充电站,011100,北京市,北京市,大兴区,[],[],充电站,大兴区
B0K0VBG2TM,中国石化汽车充电站(兴海公园南门充电站),116.334103,39.788186,[],95105888,汽车服务;充电站;充电站,011100,北京市,北京市,大兴区,西红门,[],充电站,北京市
B0MA9CBURZ,中国石化汽车充电站(玫瑰城充电站),116.333980,39.753320,清源街道枣园玫瑰城购物中心地上停车场,95105888,汽车服务;充电站;充电站,011100,北京市,北京市,大兴区,兴丰,[],充电站,北京市
B0KBB6L91M,中国石化汽车充电站(经海二路充电站),116.524855,39.810750,康乾路13号院,95105888,汽车服务;充电站;充电站,011100,北京市,北京市,大兴区,亦庄,[],充电站,北京市
B0HDFZHED4,中黑公共汽车充电站,116.353170,39.682529,京南物流基地庆丰路与狼大路交汇口东500米路北,13811591139,汽车服务;充电站;充电站,011100,北京市,北京市,大兴区,[],[],充电站,大兴区
B0JKZLQUDN,云快充汽车充电站(北京安速充旧宫1号充电站),116.454316,39.800171,旧宫新苑南区4号楼停车场,4008288517,汽车服务;充电站;充电站,011100,北京市,北京市,大兴区,旧宫,[],充电站,大兴区
B0LDR7GIL9,云快充汽车充电站(君龙采摘园充电站),116.361240,39.628143,庞各庄镇四李路东侧,4008288517,汽车服务;充电站;充电站,011100,北京市,北京市,大兴区,[],[],充电站,大兴区
B0M6TN3GC6,云快充汽车充电站(妙度云快充),116.470510,39.658947,刘家堡路58号北京沽源企业商会,4008288517,汽车服务;充电站;充电站,011100,北京市,北京市,大兴区,[],[],充电站,大兴区
B0LUUXUFPC,云快充汽车充电站(赛宝快充站),116.498125,39.782218,亦庄经济技术开发区地盛南街甲3号,4008288517,汽车服务;充电站;充电站,011100,北京市,北京市,大兴区,亦庄,[],充电站,大兴区
B0M635833D,云快充目的地充电站(辛润浩达便民充电站小马坊站),116.428479,39.560403,礼贤镇小马坊磁大路9号,4008288517,汽车服务;充电站;专用充电站,011103,北京市,北京市,大兴区,[],[],充电站,大兴区
B0LDAMI0D8,云快充超级充电站(加录垡汽车充电站三期),116.388920,39.580640,加录垡汽车充电站,4008288517,汽车服务;充电站;充电站,011100,北京市,北京市,大兴区,[],[],充电站,北京市
B0L1UY255C,云快充超级充电站(汇营路快充站),116.471054,39.713093,青汇营路5号,4008288517,汽车服务;充电站;充电站,011100,北京市,北京市,大兴区,[],[],充电站,北京市
B0MDHRT75D,互联互通云快充互联接入汽车充电站奥宇,116.350070,39.762340,金星路12号2号楼,4008288517;95105888,汽车服务;充电站;充电站,011100,北京市,北京市,大兴区,清源,[],充电站,大兴区
B0JD0RW11H,优易充charge汽车充电站(公共站电掌柜大兴首邑上城充电站),116.335262,39.757705,康庄路地面停车场,4000826699,汽车服务;充电站;充电站,011100,北京市,北京市,大兴区,滨河,[],充电站,大兴区
B0LAZUXNNT,优易充charge汽车充电站(橡树园旧宫充电站北京大兴旧宫联通营业厅站),116.451740,39.799755,旧宫镇旧忠路四村1号,4000826699,汽车服务;充电站;充电站,011100,北京市,北京市,大兴区,旧宫,[],充电站,北京市
B0MBBMVY4C,北京车联网汽车充电站(金都都汽车城),116.336740,39.801480,西红门镇宏都路124号,18301081505;4000826699,汽车服务;充电站;充电站,011100,北京市,北京市,大兴区,西红门,[],充电站,大兴区
B0LUZKUNEA,国家电网汽车充电站,116.409740,39.530994,航兴北路,18601376118,汽车服务;充电站;充电站,011100,北京市,北京市,大兴区,[],[],充电站,北京市
B0G0AMR6BV,国家电网汽车充电站(北京市亦庄开发区融兴南二街充电站),116.501368,39.717900,亦庄开发区瑞合西二路与融兴南二街交叉口地面停车场,[],汽车服务;充电站;充电站,011100,北京市,北京市,大兴区,[],[],充电站,大兴区
B0FFHN2IC5,国家电网汽车充电站(北京市亦庄开发区西环北路),116.489157,39.788058,亦庄开发区西环北路凉水河沿线地面停车场,18601376118,汽车服务;充电站;充电站,011100,北京市,北京市,大兴区,亦庄,[],充电站,大兴区
B0I2Z9OIGR,国家电网汽车充电站(北京市亦庄开发区龙玥城购物中心),116.533977,39.800540,亦庄开发区科创五街与经海二路交汇处龙玥城购物中心地面停车场,18601376118,汽车服务;充电站;充电站,011100,北京市,北京市,大兴区,亦庄,[],充电站,大兴区
B0G3TRP7TP,国家电网汽车充电站(北京市大兴区上林苑小区),116.436865,39.782529,上林苑小区晓蕊饭庄西侧地面停车场,[],汽车服务;充电站;充电站,011100,北京市,北京市,大兴区,德茂桥,[],充电站,大兴区
B0KDMP1YP7,国家电网汽车充电站(北京市大兴区临空经济区自贸区公共充电站),116.431105,39.543781,礼贤镇礼柏路,18601376118,汽车服务;充电站;充电站,011100,北京市,北京市,大兴区,[],[],充电站,北京市
B0FFK8786Z,国家电网汽车充电站(北京市大兴区兴华公园公共充电站SDK),116.333559,39.797116,西红门北环路与欣海北街交叉口兴华公园停车场内,[],汽车服务;充电站;充电站,011100,北京市,北京市,大兴区,西红门,[],充电站,北京市
B0I3AMQX10,国家电网汽车充电站(北京市大兴区南海子公园南门西公共充电站),116.470521,39.766826,南海子公园P2地面停车场,18601376118,汽车服务;充电站;充电站,011100,北京市,北京市,大兴区,[],[],充电站,大兴区
B0FFHGL0VK,国家电网汽车充电站(北京市大兴区双河南里),116.346405,39.734261,京开高速辅路南向北方向双河南里小区门前停车场内,18601376118,汽车服务;充电站;充电站,011100,北京市,北京市,大兴区,兴丰,[],充电站,大兴区
B0FFINHDBN,国家电网汽车充电站(北京市大兴区呀路古热带植物园公共充电站),116.596235,39.657499,京福路呀路古热带植物园东北地面停车场,[],汽车服务;充电站;充电站,011100,北京市,北京市,大兴区,[],[],充电站,大兴区
B0I665J7PE,国家电网汽车充电站(北京市大兴区大兴国际机场1号充电站),116.420394,39.529542,天兴一街与航兴路交叉口南侧机场高速高架桥下停车场,18601376118,汽车服务;充电站;充电站,011100,北京市,北京市,大兴区,[],[],充电站,北京市
B0FFHVF8R0,国家电网汽车充电站(北京市大兴区富力丹麦小镇公共充电站),116.309669,39.626068,龙景湾三区南门,[],汽车服务;充电站;充电站,011100,北京市,北京市,大兴区,庞各庄,[],充电站,北京市
B0HKYHVC1M,国家电网汽车充电站(北京市大兴区广厦家园公共充电站),116.348817,39.723434,黄村镇观音寺南里海北路广厦家园,18601376118,汽车服务;充电站;充电站,011100,北京市,北京市,大兴区,兴丰,[],充电站,大兴区
B0FFHP2870,国家电网汽车充电站(北京市大兴区庞各庄),116.308097,39.620456,瓜香路与隆顺路交叉口庞各庄供电所门前,[],汽车服务;充电站;充电站,011100,北京市,北京市,大兴区,庞各庄,[],充电站,大兴区
B0FFLPHY8D,国家电网汽车充电站(北京市大兴区新机场建设指挥部公共充电站),116.326500,39.523715,福顺街与106国道交叉口东北侧北京新机场建设指挥部门前地面停车场,18601376118,汽车服务;充电站;充电站,011100,北京市,北京市,大兴区,[],[],充电站,大兴区
B0FFHGH6ZY,国家电网汽车充电站(北京市大兴区明珠广场),116.349089,39.789839,西红门地区宏福东路西红门镇政府南侧明珠广场地面停车场,[],汽车服务;充电站;充电站,011100,北京市,北京市,大兴区,西红门,[],充电站,大兴区
B0K0JK2O7Y,国家电网汽车充电站(北京市大兴区瀛海家园公共充电站),116.433275,39.759548,[],18601376118,汽车服务;充电站;充电站,011100,北京市,北京市,大兴区,[],[],充电站,大兴区
B0FFM7MVFJ,国家电网汽车充电站(北京市大兴区碧海公园东门公共充电站),116.443257,39.809725,庑殿路碧海公园东门停车场内,[],汽车服务;充电站;充电站,011100,北京市,北京市,大兴区,旧宫,[],充电站,大兴区
B0FFG96DCL,国家电网汽车充电站(北京市大兴区西红门),116.326895,39.780078,西红门镇兴业桥西南五环辅路北地面停车场,95598,汽车服务;充电站;充电站,011100,北京市,北京市,大兴区,西红门,[],充电站,大兴区
B0JK3DD02U,国家电网汽车充电站(北京市大兴区长子营湿地公园充电站),116.622767,39.722362,长子营湿地公园南侧地面停车场,[],汽车服务;充电站;充电站,011100,北京市,北京市,大兴区,[],[],充电站,大兴区
B0IG1CH6VW,国家电网汽车充电站(北京市大兴区长子营镇文化活动中心公共),116.579210,39.685555,马朱路长子营镇文化活动中心北侧停车场,[],汽车服务;充电站;充电站,011100,北京市,北京市,大兴区,[],[],充电站,大兴区
B0HU4KH8UY,国家电网汽车充电站(北京市大兴区阳光乐府),116.326966,39.731828,阳光乐府小区西南门地面停车场092,[],汽车服务;充电站;充电站,011100,北京市,北京市,大兴区,兴丰,[],充电站,大兴区
B0IG1CHD58,国家电网汽车充电站(北京市大兴区隆盛园小区),116.322385,39.621694,隆盛园小区停车场,[],汽车服务;充电站;充电站,011100,北京市,北京市,大兴区,庞各庄,[],充电站,大兴区
B0FFJS7XM1,国家电网汽车充电站(北京市大兴区青云店文化活动中心公共充电站),116.502357,39.683910,青云店文化活动中心停车场,[],汽车服务;充电站;充电站,011100,北京市,北京市,大兴区,[],[],充电站,大兴区
B0IDFM8SHC,国家电网汽车充电站(北京市大兴区魏善庄古老月季园公共充电站),116.422104,39.668794,世界月季主题园地面停车场,18601376118,汽车服务;充电站;充电站,011100,北京市,北京市,大兴区,[],[],充电站,大兴区
B0IARMXNF8,国家电网汽车充电站(北京市大兴区黄村镇三间房村公共充电站),116.422594,39.720120,黄村镇三间房村委会,18601376118,汽车服务;充电站;充电站,011100,北京市,北京市,大兴区,[],[],充电站,大兴区
B0FFL4ZQ0I,国家电网汽车充电站(北京市大兴区黄村镇派出所公共充电站),116.291920,39.748177,黄村镇派出所南侧停车场,18601376118,汽车服务;充电站;充电站,011100,北京市,北京市,大兴区,[],[],充电站,大兴区
B0FFINN1JA,国家电网汽车充电站(北京市大兴区龙熙顺景),116.302922,39.623065,隆华大街55号院北京龙熙维景国际会议中心停车场,[],汽车服务;充电站;充电站,011100,北京市,北京市,大兴区,[],[],充电站,大兴区
B0K23KTTWP,国家电网汽车充电站(北京市经开区经海一路公共超级充电站),116.535880,39.796703,荣华街道经海一路,18601376118,汽车服务;充电站;充电站,011100,北京市,北京市,大兴区,亦庄,[],充电站,大兴区
B0FFHPF53Q,国家电网汽车充电站(南海家园七里小区),116.495000,39.756474,亦庄开发区南海家园七里小区18号楼南侧,[],汽车服务;充电站;充电站,011100,北京市,北京市,大兴区,北京经济技术开发区,[],充电站,大兴区
B0G1L75QAW,国家电网汽车充电站(博大公园),116.504655,39.794387,荣华街道亦庄经济技术开发区荣华中路19号朝林大厦西侧公共地面停车场,95598,汽车服务;充电站;充电站,011100,北京市,北京市,大兴区,亦庄,[],充电站,大兴区
B0FFHMNSBH,国家电网汽车充电站(大兴念坛公园南门),116.320283,39.701191,兴源大街念坛公园南门地面停车场,[],汽车服务;充电站;充电站,011100,北京市,北京市,大兴区,[],[],充电站,大兴区
B0JAMPIHAR,国家电网汽车充电站(大兴机场高速礼贤服务区充电站机场方向),116.408488,39.542242,礼贤服务区(机场方向)停车场,18601376118,汽车服务;充电站;充电站,011100,北京市,北京市,大兴区,[],[],充电站,北京市
B0FFG96YCL,国家电网汽车充电站(民顺路),116.403725,39.714375,[],18601376118,汽车服务;充电站;充电站,011100,北京市,北京市,大兴区,[],[],充电站,北京市
B0I2GHAWQR,壳牌充电汽车充电站(壳牌充电北京大兴首开万科中心地下快充站),116.318561,39.710943,庞各庄镇义忠路首开万科中心地下停车场,4007160699,汽车服务;充电站;充电站,011100,北京市,北京市,大兴区,[],[],充电站,大兴区
B0LDHPKD3H,壳牌充电超级充电站(壳牌充电北京大兴区数码庄园地面超充站),116.498580,39.782466,地盛西路1号数码庄园西南3门,4007160699,汽车服务;充电站;充电站,011100,北京市,北京市,大兴区,亦庄,[],充电站,大兴区
B0M6D57IMZ,壳牌充电超级充电站(壳牌充电北京大兴瀛亨街1号院地面快充站),116.451050,39.747986,瀛亨街1号院,4007160699,汽车服务;充电站;充电站,011100,北京市,北京市,大兴区,[],[],充电站,北京市
B0L6KHP33J,奥动电吧(大兴魏善庄站),116.420830,39.631369,魏善庄研垡路甲1号,[],汽车服务;充电站;充电站,011100,北京市,北京市,大兴区,[],[],充电站,北京市
B0KG3GL09E,小桔充电汽车充电站(BP快速充电站北京大兴生态公园停车场),116.327836,39.779100,西红门镇S50南五环地面停车场,4000610999,汽车服务;充电站;充电站,011100,北京市,北京市,大兴区,西红门,[],充电站,大兴区
B0LACPCOZE,小桔充电汽车充电站(中石化龙禹万科橙充电站),116.323915,39.691424,天河西路与纪百户大街交叉口西120米,[],汽车服务;充电站;充电站,011100,北京市,北京市,大兴区,大兴龙湖天街,[],充电站,大兴区
B0J1MGTVCM,小桔充电汽车充电站(亦庄汇龙森科技二园),116.533171,39.765644,汇龙森二园地面停车场263,4000610999,汽车服务;充电站;充电站,011100,北京市,北京市,大兴区,[],[],充电站,大兴区
B0J0YDNES1,小桔充电汽车充电站(优智美利国际充电站),116.442427,39.815082,美利新世界停车场,[],汽车服务;充电站;充电站,011100,北京市,北京市,大兴区,旧宫,[],充电站,大兴区
B0KULPFFTI,小桔充电汽车充电站(兴海家园),116.338547,39.791419,西红门镇中国工商银行(北京西红门支行)兴海家园星苑,4000610999,汽车服务;充电站;充电站,011100,北京市,北京市,大兴区,西红门,[],充电站,大兴区
B0K2KRW1XF,小桔充电汽车充电站(北京亦庄BDA充电1站),116.521435,39.780991,BDA国际企业大道停车场,[],汽车服务;充电站;充电站,011100,北京市,北京市,大兴区,亦庄,[],充电站,大兴区
B0LKBGSEQ7,小桔充电汽车充电站(北京亦庄中冀斯巴鲁超充站),116.517558,39.784117,荣华街道中冀斯巴鲁大厦(东南门)中冀斯巴鲁宾馆地面停车场,4000610999,汽车服务;充电站;充电站,011100,北京市,北京市,大兴区,亦庄,[],充电站,大兴区
B0L294RV53,小桔充电汽车充电站(北京亦庄亦城亦禧充电站),116.492786,39.751613,宏农路与兴海路交叉口东南80米,[],汽车服务;充电站;充电站,011100,北京市,北京市,大兴区,亦庄龙湖天街,[],充电站,大兴区
B0JB3R9MT6,小桔充电汽车充电站(北京亦庄亦花园),116.539392,39.823365,亦庄镇东渠路亦花园西地面停车场2,4000610999,汽车服务;充电站;充电站,011100,北京市,北京市,大兴区,亦庄,[],充电站,大兴区
B0K6BK5OJM,小桔充电汽车充电站(北京亦庄林肯公园),116.497560,39.807117,荣华街道湘聚汇(亦庄店)林肯公园B区荣华北路辅路进入地面停车场,4000610999,汽车服务;充电站;充电站,011100,北京市,北京市,大兴区,亦庄,[],充电站,大兴区
B0IBT55B8I,小桔充电汽车充电站(北京亦庄青春梦充电站),116.500743,39.779149,青春梦影视产业园停车场,4000610999,汽车服务;充电站;充电站,011100,北京市,北京市,大兴区,亦庄,[],充电站,大兴区
B0FFM332NB,小桔充电汽车充电站(北京亦庄鸿坤生物医药园),116.534596,39.814363,瀛海镇科创三街甲3号院鸿坤智谷医药生物园地下一层停车场,4000610999,汽车服务;充电站;充电站,011100,北京市,北京市,大兴区,亦庄,[],充电站,大兴区
B0JB1Y8Q50,小桔充电汽车充电站(北京大兴中建大兴之星),116.346947,39.774668,北兴路30号(地下停车场)地下二层停车场,4000610999,汽车服务;充电站;充电站,011100,北京市,北京市,大兴区,西红门,[],充电站,大兴区
B0HGNCLMDF,小桔充电汽车充电站(北京大兴中福大厦),116.452880,39.798715,中福大厦地面停车场,[],汽车服务;充电站;充电站,011100,北京市,北京市,大兴区,旧宫,[],充电站,大兴区
B0JA2GG3JF,小桔充电汽车充电站(北京大兴凯德茂充电站),116.318985,39.671074,天宫院街道天水大街44号凯德MALL·大兴下地库B3,[],汽车服务;充电站;充电站,011100,北京市,北京市,大兴区,[],[],充电站,大兴区
B0L2H49ZCV,小桔充电汽车充电站(北京大兴区嘉创中心停车场充电站),116.452100,39.792747,旧忠路与南环路交叉口东北40米,[],汽车服务;充电站;充电站,011100,北京市,北京市,大兴区,旧宫,[],充电站,大兴区
B0MDS7HBEI,小桔充电汽车充电站(北京大兴富力盛悦居),116.452311,39.806453,旧宫东西大街3号富力·盛悦居地下停车场,[],汽车服务;充电站;充电站,011100,北京市,北京市,大兴区,旧宫,[],充电站,大兴区
B0K6VPY6WU,小桔充电汽车充电站(北京大兴富力非常HAOS充电站),116.315985,39.631215,庞各庄镇团结路20号富力飞常HAOS地下停车场,4000610999,汽车服务;充电站;充电站,011100,北京市,北京市,大兴区,庞各庄,[],充电站,大兴区
B0MGHNSILZ,小桔充电汽车充电站(北京大兴机场教育科研基地充电站),116.441111,39.530621,礼贤镇大兴机场教育科研基地A2体育馆,[],汽车服务;充电站;充电站,011100,北京市,北京市,大兴区,[],[],充电站,大兴区
B0J264O2LP,小桔充电汽车充电站(北京大兴玫瑰园),116.411743,39.526248,五十六度玫瑰园地库B2层A区126,[],汽车服务;充电站;充电站,011100,北京市,北京市,大兴区,[],[],充电站,大兴区
B0KULUF114,小桔充电汽车充电站(北京大兴菊园商厦停车场充电站),116.421109,39.788033,菊园商厦南门北120米(五福堂地铁站A西北口步行340米),[],汽车服务;充电站;充电站,011100,北京市,北京市,大兴区,东高地,[],充电站,大兴区
B0J2ZR5YOG,小桔充电汽车充电站(北京大兴融汇充电站),116.322640,39.678269,停车场,4000610999,汽车服务;充电站;充电站,011100,北京市,北京市,大兴区,[],[],充电站,大兴区
B0KRAPD2PV,小桔充电汽车充电站(北京大兴金科充电站),116.323670,39.684199,永兴路与新源大街交叉口东120米,[],汽车服务;充电站;充电站,011100,北京市,北京市,大兴区,大兴龙湖天街,[],充电站,大兴区
B0FFMH4V66,小桔充电汽车充电站(北京大兴高米店物美),116.332024,39.770177,高米店街道郁花园三里进门右拐直行到头左边地面停车场,[],汽车服务;充电站;充电站,011100,北京市,北京市,大兴区,西红门,[],充电站,大兴区
B0IDTR8XIH,小桔充电汽车充电站(北京市大兴区亦庄星岛假日),116.480888,39.800886,北京市经济技术开发区西环北路18号停车场西南角,[],汽车服务;充电站;充电站,011100,北京市,北京市,大兴区,亦庄,[],充电站,大兴区
B0KD9PGN5Q,小桔充电汽车充电站(北京市大兴区太阳大地),116.305516,39.684987,永兴路29号太阳大地纸制品有限公司进院即到,4000610999,汽车服务;充电站;充电站,011100,北京市,北京市,大兴区,[],[],充电站,大兴区
B0L09NBPN1,小桔充电汽车充电站(天潮能充·礼贤东段家务桥下空间超充站),116.428679,39.572125,礼贤镇南中轴路,4000610999,汽车服务;充电站;充电站,011100,北京市,北京市,大兴区,[],[],充电站,北京市
B0LUAUHVMY,小桔充电汽车充电站(恒信天泰超充站),116.425027,39.803946,恒信天泰置业有限公司写字楼停车场,4000610999,汽车服务;充电站;充电站,011100,北京市,北京市,大兴区,东高地,[],充电站,大兴区
B0K1BPV2UD,小桔充电汽车充电站(慧充电大兴龙熙温泉超级),116.304838,39.623211,龙熙温泉度假酒店温泉水世界停车场,[],汽车服务;充电站;充电站,011100,北京市,北京市,大兴区,[],[],充电站,大兴区
B0LAFPYY4Z,小桔充电汽车充电站(新发地全季酒店超级液冷充电站),116.335660,39.801804,欣荣北大街与京良路辅路交叉口东60米,[],汽车服务;充电站;充电站,011100,北京市,北京市,大兴区,西红门,[],充电站,大兴区
B0L1RSBDQL,小桔充电汽车充电站(未来超充-嘉悦广场站),116.322654,39.786511,欣美街与宏业路交叉口东北40米,[],汽车服务;充电站;充电站,011100,北京市,北京市,大兴区,西红门,[],充电站,大兴区
B0K0JG9H63,小桔充电汽车充电站(清源路1950超级),116.325479,39.740066,兴业大街与富华路交叉口东120米,[],汽车服务;充电站;充电站,011100,北京市,北京市,大兴区,黄村,[],充电站,大兴区
B0K3YK4U2V,小桔充电汽车充电站(超级萌猩亲子乐园),116.304456,39.759164,超级萌猩亲子乐园停车场,[],汽车服务;充电站;充电站,011100,北京市,北京市,大兴区,[],[],充电站,大兴区
B0MA6KKN1Z,小鹏超级充电站(小鹏S4超快充北京亦庄小鹏交付中心站),116.528786,39.810900,北京市经济技术开发区科创三街15号A1幢,4007836688,汽车服务;充电站;充电站,011100,北京市,北京市,大兴区,亦庄,[],充电站,大兴区
B0MA6KJKSZ,小鹏超级充电站(小鹏S4超快充北京大兴滨河公园南区站),116.322600,39.767452,高米店街道兴业大街滨河运动公园内(西侧),4007836688,汽车服务;充电站;充电站,011100,北京市,北京市,大兴区,黄村,[],充电站,大兴区
B0M66K8YOJ,小鹏超级充电站(小鹏S5超快充北京中航国际广场站),116.515350,39.782555,荣华街道地泽南街中航国际广场,4007836688,汽车服务;充电站;充电站,011100,北京市,北京市,大兴区,北京经济技术开发区,[],充电站,大兴区
B0M6D5742X,小鹏超级充电站(小鹏S5超快充北京大兴德茂站),116.445045,39.772385,德茂街15号文锦苑西区(入口德胜路),4007836688,汽车服务;充电站;充电站,011100,北京市,北京市,大兴区,[],[],充电站,大兴区
B0FFHW2HPC,市民公园充电站,116.422430,39.779882,旧宫镇市民公园地面停车场,[],汽车服务;充电站;充电站,011100,北京市,北京市,大兴区,德茂桥,[],充电站,大兴区
B0MBH4HTBT,广汽能源汽车充电站(广汽能源北京大兴林肯公园超充站),116.491974,39.802794,北环西路8号,4006665330,汽车服务;充电站;充电站,011100,北京市,北京市,大兴区,亦庄,[],充电站,大兴区
B0LK44WL4M,广汽能源汽车充电站(广汽能源北京大兴甜园路联东U谷超充站),116.312958,39.616740,隆兴大街6号,4006665330,汽车服务;充电站;充电站,011100,北京市,北京市,大兴区,庞各庄,[],充电站,大兴区
B0MD667T1K,广汽能源汽车充电站(广汽能源北京大兴生物医药基地超充站),116.301575,39.683422,生物医药基地东北,4006665330,汽车服务;充电站;充电站,011100,北京市,北京市,大兴区,[],[],充电站,大兴区
B0G2N96FLE,庞各庄供电所充电点,116.307639,39.620273,隆顺大街与瓜乡路辅路交叉口东南40米,[],汽车服务;充电站;充电站,011100,北京市,北京市,大兴区,庞各庄,[],充电站,大兴区
B0L3UNFL5D,新电途汽车充电站(优智嘉悦广场充电站),116.322480,39.787735,嘉悦广场西门旁,4001100835,汽车服务;充电站;充电站,011100,北京市,北京市,大兴区,西红门,[],充电站,大兴区
B0KRXLCGCH,新电途汽车充电站(北京市大兴区金星庄超级充电站),116.381457,39.763857,团河路与黄亦路交叉口南20米,4001100835,汽车服务;充电站;充电站,011100,北京市,北京市,大兴区,[],[],充电站,北京市
B0LB2RS4I2,新电途汽车充电站(庞各庄小熊重卡超充站),116.325718,39.633638,庞各庄镇庞魏路,4001100835,汽车服务;充电站;充电站,011100,北京市,北京市,大兴区,庞各庄,[],充电站,大兴区
B0M61MG3XQ,新电途汽车充电站(新电途智盛超充站大兴机场礼贤服务区),116.408697,39.543243,礼贤服务区,18513617717;4001100835,汽车服务;充电站;充电站,011100,北京市,北京市,大兴区,[],[],充电站,大兴区
B0M6JSDDR2,新电途汽车充电站(新电途智盛超充站大兴机场礼贤服务区二期),116.408385,39.543000,大兴礼贤服务区,4001100835,汽车服务;充电站;充电站,011100,北京市,北京市,大兴区,[],[],充电站,大兴区
B0L3UNFZQD,新电途汽车充电站(榆垡文苑路充电站),116.316030,39.518740,榆垡镇今荣街,4009608068,汽车服务;充电站;充电站,011100,北京市,北京市,大兴区,[],[],充电站,北京市
B0LRFZ65OJ,新电途汽车充电站(芳源里小熊超充站),116.420830,39.785180,旧宫镇芳源里格菲酒店(北京市大兴区五福堂地铁站中科电商谷店),4001100835,汽车服务;充电站;充电站,011100,北京市,北京市,大兴区,东高地,[],充电站,大兴区
B0LK6RL6LM,新电途汽车充电站(超级充电站北京市大兴区云龙家园北侧充电站),116.432683,39.809187,旧宫镇南场路南场路-道路停车位,4001100835,汽车服务;充电站;充电站,011100,北京市,北京市,大兴区,旧宫,[],充电站,大兴区
B0LACSK5RG,昆仑网电汽车充电站(中国石油北京大兴大辛庄超级充电站),116.347570,39.549450,礼贤镇大辛庄乡镇府西侧北京瑞镒立得科贸有限公司西北大门进门两侧停车场,956100,汽车服务;充电站;充电站,011100,北京市,北京市,大兴区,[],[],充电站,大兴区
B0KR0GGECM,昆仑网电汽车充电站(昆仑网电北京大满贯充电站),116.343750,39.791900,大满贯北停车场,956100,汽车服务;充电站;充电站,011100,北京市,北京市,大兴区,西红门,[],充电站,大兴区
B0LGFG8JSE,昆仑网电汽车充电站(昆仑网电北京朝林广场充电站),116.504936,39.792726,北京经开区荣华中路19号朝林广场A座东北门进入右拐再左拐,956100,汽车服务;充电站;充电站,011100,北京市,北京市,大兴区,亦庄,[],充电站,大兴区
B0LKOSG6M6,星星充电汽车充电站(北京大兴联福五金建材家居广场),116.294930,39.700680,罗奇营28号联富五金建材家居广场,15114114036,汽车服务;充电站;充电站,011100,北京市,北京市,大兴区,[],[],充电站,大兴区
B0JRDUA3G1,星星充电汽车充电站(吴庄充电站),116.394011,39.677154,龙旺大街,18201352885,汽车服务;充电站;充电站,011100,北京市,北京市,大兴区,[],[],充电站,大兴区
B0L2D66U23,星星充电汽车充电站(星星充电-BDA国际广场K座充电站),116.501044,39.784583,荣华街道地盛北街BDA国际广场,13814036120,汽车服务;充电站;充电站,011100,北京市,北京市,大兴区,亦庄,[],充电站,大兴区
B0J6UDMB04,星星充电汽车充电站(星星充电-大兴-海兰丝充电站),116.427240,39.731620,西红门镇鼎业路15号,4008280768,汽车服务;充电站;充电站,011100,北京市,北京市,大兴区,[],[],充电站,大兴区
B0MD9ZO04L,星星充电汽车充电站(星星德茂充电站),116.445335,39.772224,健德商务楼北停车场(德茂地铁站B2东北口步行360米),18500631990,汽车服务;充电站;充电站,011100,北京市,北京市,大兴区,[],[],充电站,大兴区
B0KD956NPS,星星充电汽车充电站(绿城未来-星星充电大兴龙湖超充站),116.321747,39.688810,晨光文具(龙湖天街店) 永大路1号院14号楼107室,18500631990,汽车服务;充电站;充电站,011100,北京市,北京市,大兴区,大兴龙湖天街,[],充电站,大兴区
B0J3253XJ6,星星充电汽车充电站(采育趣玩乐园充电站),116.637248,39.648258,福源路(波尔多小镇东南侧约260米)趣玩儿儿童乐园地面停车场,18515827586,汽车服务;充电站;充电站,011100,北京市,北京市,大兴区,[],[],充电站,大兴区
B0KR51OMWV,星星充电站(久敬庄路),116.419725,39.819825,旧宫镇久敬庄路王府井奥莱UP TOWN,4008280768,汽车服务;充电站;充电站,011100,北京市,北京市,大兴区,[],[],充电站,大兴区
B0M6VHJCJE,极氪能源超级充电站(北京亦庄国际生物医药园极充兆瓦站),116.519135,39.767788,凉水河一街七号院亦庄国际生物医药园地面停车位,4000036036,汽车服务;充电站;充电站,011100,北京市,北京市,大兴区,亦庄,[],充电站,大兴区
B0MBSUEKZJ,极氪能源超级充电站(北京国融国际超充站),116.502694,39.801211,荣华中路7号国融国际大厦地面停车位001-019号车位,4000036036,汽车服务;充电站;充电站,011100,北京市,北京市,大兴区,亦庄,[],充电站,大兴区
B0LKBHT3JZ,极氪能源超级充电站(北京大兴山姆会员商店极充站),116.327767,39.783169,欣雅街16号院山姆会员商店(北京大兴店)地下停车场负二层057-061号车位,4000036036,汽车服务;充电站;充电站,011100,北京市,北京市,大兴区,西红门,[],充电站,大兴区
B0MDG6NSTM,比亚迪闪充汽车充电站(北京大兴体育小镇),116.305210,39.686650,天贵大街9号,4000306666,汽车服务;充电站;充电站,011100,北京市,北京市,大兴区,[],[],充电站,大兴区
B0MBPN0GDU,比亚迪闪充汽车充电站(方程豹北京鑫敏恒鑫达4S店),116.419960,39.735893,西红门镇金盛大街,4000306666,汽车服务;充电站;充电站,011100,北京市,北京市,大兴区,[],[],充电站,大兴区
B0M6ONKALD,比亚迪闪充汽车充电站(方程豹大兴鑫敏恒京程),116.329119,39.800483,西红门镇北京金鹰包装制作有限公司,4000306666,汽车服务;充电站;充电站,011100,北京市,北京市,大兴区,[],[],充电站,大兴区
B0MAL45W9C,比亚迪闪充汽车充电站(比亚迪北京鑫敏恒4S店),116.425303,39.735168,西红门镇中鼎南路比亚迪汽车王朝网,4000306666,汽车服务;充电站;充电站,011100,北京市,北京市,大兴区,[],[],充电站,大兴区
B0M6ONKIBX,比亚迪闪充汽车充电站(比亚迪北京鑫敏恒金朝4S店),116.419990,39.735836,西红门镇金盛大街,4000306666,汽车服务;充电站;充电站,011100,北京市,北京市,大兴区,[],[],充电站,大兴区
B0MGPNZO7V,比亚迪闪充汽车充电站(腾势北京大兴京南中心),116.423890,39.735960,中鼎北路与金服大街交叉口西60米,4000306666,汽车服务;充电站;充电站,011100,北京市,北京市,大兴区,[],[],充电站,大兴区
B0MA7L2IHC,比亚迪闪充汽车充电站(闪充北京金都都汽车城停车场充电站),116.336334,39.801060,宏都路118号,4000306666,汽车服务;充电站;充电站,011100,北京市,北京市,大兴区,西红门,[],充电站,北京市
B0MAUXUPKS,汽车充电站(中国石化京福智能超充站),116.477754,39.710577,京福路孙垡路交叉口北50米,95105888,汽车服务;充电站;充电站,011100,北京市,北京市,大兴区,[],[],充电站,大兴区
B0LA6K6TRM,汽车充电站(中国石化国锐金嵿充电站),116.507666,39.791287,荣华南路1号,95105888,汽车服务;充电站;充电站,011100,北京市,北京市,大兴区,亦庄,[],充电站,北京市
B0LKF5U2VA,汽车充电站(兴创大厦),116.330225,39.762464,金星西路6号兴创大厦地下停车场B2层A区022,4001100835,汽车服务;充电站;充电站,011100,北京市,北京市,大兴区,清源,[],充电站,大兴区
B0L6MOUA0K,汽车充电站(北京静态交通德贤路站),116.431864,39.808454,旧官镇德贤路辅路与南场路交叉口东南侧,13439821799,汽车服务;充电站;充电站,011100,北京市,北京市,大兴区,旧宫,[],充电站,北京市
B0L22AZPNI,汽车充电站(南中轴路超级充电站),116.407350,39.693700,黄村镇南中轴路188号北京福安建材有限公司院内,4009608068,汽车服务;充电站;充电站,011100,北京市,北京市,大兴区,[],[],充电站,北京市
B0K2NY302X,汽车充电站(壳牌华远西红世),116.359690,39.771703,华远西红世北门东290米,4007160699,汽车服务;充电站;充电站,011100,北京市,北京市,大兴区,西红门,[],充电站,大兴区
B0KRHGKASB,汽车充电站(天键广场超级充电站),116.313258,39.752182,天键广场西侧停车场,[],汽车服务;充电站;充电站,011100,北京市,北京市,大兴区,清源,[],充电站,大兴区
B0LGR5BXAD,汽车换电站(蔚来北京京纸集团绿色冷链产业园站),116.449891,39.736538,北野场9号,[],汽车服务;汽车服务相关;汽车服务相关,010000,北京市,北京市,大兴区,[],[],充电站,大兴区
B0JBYL2KX0,派捷充汽车充电站(天宫院地铁站P+R停车场充电站),116.319437,39.667884,天宫院地铁站南侧停车场院内,4009608068,汽车服务;充电站;充电站,011100,北京市,北京市,大兴区,[],[],充电站,大兴区
B0LAXA1D7Y,派捷充汽车充电站(机车检测场02号充电站),116.379007,39.724605,团桂路1号院内,4009608068,汽车服务;充电站;充电站,011100,北京市,北京市,大兴区,[],[],充电站,大兴区
B0M6LH4WPL,派捷充汽车充电站(榆辛路充电站),116.315249,39.518769,文苑路与今荣街交叉口北侧公交场站院内里院,4009608068,汽车服务;充电站;充电站,011100,北京市,北京市,大兴区,[],[],充电站,大兴区
B0HUAU83NN,派捷充超级充电站(兴顺达通综合充电站),116.303858,39.757983,兴旺大街芦康路兴亦兴小客车公司院内,4009608068,汽车服务;充电站;充电站,011100,北京市,北京市,大兴区,[],[],充电站,大兴区
B0JKHZ6Q2E,滴滴充电交流充电站,116.404495,39.702717,盛顺街与海鑫南路交叉口北120米,[],汽车服务;充电站;充电站,011100,北京市,北京市,大兴区,[],[],充电站,大兴区
B0MDF68702,滴滴充电充电站(北京采育收费站充电站),116.678175,39.659225,采育镇采林路进门右拐直行即到,4000610999,汽车服务;充电站;充电站,011100,北京市,北京市,大兴区,[],[],充电站,大兴区
B0MGN4NE3K,滴滴充电汽车充电站(亦庄鸿坤医药园充电站),116.518710,39.767887,博兴街道亦庄国际生物医药园,4000610999,汽车服务;充电站;充电站,011100,北京市,北京市,大兴区,亦庄,[],充电站,大兴区
B0L1HLYDIA,滴滴充电汽车充电站(北京大兴首创悦都汇充电站),116.404771,39.702480,黄村镇盛顺街首创·悦空间停车场出口处,4000610999,汽车服务;充电站;充电站,011100,北京市,北京市,大兴区,[],[],充电站,大兴区
B0L2NDHOTF,滴滴充电汽车充电站(南中轴路液冷超充站),116.405770,39.755505,西红门镇团忠路金星鸭场,4000610999,汽车服务;充电站;充电站,011100,北京市,北京市,大兴区,[],[],充电站,北京市
B0L3N6BYR7,滴滴充电汽车充电站(大兴西红门京客隆停车场超充站),116.364410,39.792774,西红门镇北京市食品研究所警卫室停车场西南侧,4000610999,汽车服务;充电站;充电站,011100,北京市,北京市,大兴区,西红门,[],充电站,大兴区
B0L3DK47PZ,滴滴充电汽车充电站(物美大卖场泰和园店充电站),116.503075,39.770058,物美超市亦庄泰和园店北门旁,4000610999,汽车服务;充电站;充电站,011100,北京市,北京市,大兴区,亦庄,[],充电站,大兴区
B0L04NVOWT,滴滴充电汽车充电站(萌猩乐园液冷超充站),116.305412,39.762917,黄村镇金星路,4000610999,汽车服务;充电站;充电站,011100,北京市,北京市,大兴区,[],[],充电站,大兴区
B0FFL1JOKH,特斯拉超级充电站(北京亦庄嘉德长实科技园),116.517506,39.804913,亦庄隆庆街18号院安快创业谷地面停车场51,[],汽车服务;充电站;充电站,011100,北京市,北京市,大兴区,亦庄,[],充电站,大兴区
B0H647JLPK,特斯拉超级充电站(北京凯德MALL大兴),116.319483,39.672755,华佗路与新源大街交叉口西100米凯德MALL地下B3层D、E区连接处,[],汽车服务;充电站;充电站,011100,北京市,北京市,大兴区,[],[],充电站,大兴区
B0LK0G6ZQA,特斯拉超级充电站(北京大兴大族广场),116.513501,39.792411,荣华南路2号大族广场地下B1层E182车位对面/入口兴盛街,4009100707,汽车服务;充电站;充电站,011100,北京市,北京市,大兴区,亦庄,[],充电站,大兴区
B0I1NS776R,特斯拉超级充电站(北京大兴金地威新国际中心),116.354089,39.771459,春和路52号院金地威新国际中心北区地下停车场,[],汽车服务;充电站;充电站,011100,北京市,北京市,大兴区,西红门,[],充电站,大兴区
B0HDFUFUAJ,特斯拉超级充电站(北京大悦春风里),116.341494,39.730250,黄村东大街38号院火神庙商业中心地下B2层D区D049~D053车位对面,[],汽车服务;充电站;充电站,011100,北京市,北京市,大兴区,兴丰,[],充电站,大兴区
B0H1AS3J6M,特斯拉超级充电站(北京旧宫爱琴海购物公园),116.421922,39.819695,大红门锦苑A区东侧地下B2层M区E2-154~E2-167车位对面,4009100707,汽车服务;充电站;充电站,011100,北京市,北京市,大兴区,[],[],充电站,大兴区
B0HDFUH8QQ,特斯拉超级充电站(北京鸿坤广场),116.340157,39.791059,西红门欣旺北大街8号地下B2层B区立柱号85,[],汽车服务;充电站;充电站,011100,北京市,北京市,大兴区,西红门,[],充电站,大兴区
B0J2475KQM,特斯拉超级充电站(龙湖北京亦庄天街),116.492294,39.752964,亦庄经济技术开发区博兴八路与兴海路交叉口龙湖北京亦庄天街地下B3层F区05道B3-F-200车位对面/入口博兴八路,[],汽车服务;充电站;专用充电站,011103,北京市,北京市,大兴区,北京经济技术开发区,[],充电站,大兴区
B0I664M713,特来电充电站(北京科技路网约车),116.443971,39.808542,聚加球场地面停车场18,[],汽车服务;充电站;充电站,011100,北京市,北京市,大兴区,旧宫,[],充电站,大兴区
B0HK0RK067,特来电充电站(北京西红门鸿坤智谷),116.430573,39.736899,中鼎北路与金时大街交叉口东160米地面停车场0253,4001300001,汽车服务;充电站;充电站,011100,北京市,北京市,大兴区,[],[],充电站,大兴区
B0KUF7WYB3,特来电汽车充电站(大兴魏庄南路充电站),116.399091,39.628952,魏庄南路西,13681345871,汽车服务;充电站;充电站,011100,北京市,北京市,大兴区,[],[],充电站,大兴区
B0JUY4DGE8,特来电汽车充电站(特来电北京西红门荟聚购物中心充电站),116.326497,39.788104,西红门镇北京荟聚西红门购物中心地下停车场B2层E098,4001300001,汽车服务;充电站;充电站,011100,北京市,北京市,大兴区,西红门,[],充电站,北京市
B0FFI7569A,特来电汽车充电站(特来电北京龙湖时代天街充电站),116.319650,39.685968,永兴路7号院龙湖北京大兴天街地下二层停车位H2区、H6区,4001300001,汽车服务;充电站;充电站,011100,北京市,北京市,大兴区,大兴龙湖天街,[],充电站,大兴区
B0LRGUTWU0,特来电超级充电站(特来电北京大兴区兴华公园B区充电站),116.328690,39.795048,西红门镇兴华公园B区西门停车场,4001300001,汽车服务;充电站;充电站,011100,北京市,北京市,大兴区,西红门,[],充电站,大兴区
B0LD6P80MX,特来电超级充电站(特来电北京市大兴区滨河公园北区停车场充电站),116.322914,39.769596,滨河运动公园北门西290米,4001300001,汽车服务;充电站;充电站,011100,北京市,北京市,大兴区,黄村,[],充电站,大兴区
B0LD6P63Z4,特来电超级充电站(特来电北京市大兴区滨河公园南区停车场充电站),116.322600,39.767452,滨河运动公园西门南70米,4001300001,汽车服务;充电站;充电站,011100,北京市,北京市,大兴区,黄村,[],充电站,大兴区
B0MA97B119,特来电超级充电站(特来电北京鑫方盛产业园充电站),116.414154,39.717384,黄村镇海鑫北路9号鑫方盛五金建材(大兴旗舰店),4001300001,汽车服务;充电站;充电站,011100,北京市,北京市,大兴区,[],[],充电站,大兴区
B0KK099PBD,理想汽车充电站(理想超充站北京嘉悦广场),116.322410,39.786250,CDD创意港嘉悦广场西南门西北50米,4000610999,汽车服务;充电站;充电站,011100,北京市,北京市,大兴区,西红门,[],充电站,大兴区
B0L29DRPN7,理想超级充电站(理想超充站北京大兴区体育小镇),116.305160,39.687110,体育小镇,4006860400,汽车服务;充电站;充电站,011100,北京市,北京市,大兴区,[],[],充电站,大兴区
B0M6T96P6D,理想超级充电站(理想超充站北京旧宫地铁站西侧停车场),116.460220,39.807198,北京住总万科广场B2东门北200米,4006860400,汽车服务;充电站;充电站,011100,北京市,北京市,大兴区,小红门,[],充电站,大兴区
B0J1MUXJ0N,礼贤政府停车场汽车充电站,116.419300,39.542794,礼贤镇政府停车场,15810273781,汽车服务;充电站;充电站,011100,北京市,北京市,大兴区,[],[],充电站,大兴区
B0HKA5M3L0,礼贤服务区国家电网电动汽车充电站,116.408695,39.541653,礼贤服务区,[],汽车服务;充电站;充电站,011100,北京市,北京市,大兴区,[],[],充电站,大兴区
B0FFHJJACD,聚电汽车充电站(宜家荟聚购物中心),116.326075,39.789837,欣宁街15号西红门荟聚购物中心地下二层,[],汽车服务;充电站;充电站,011100,北京市,北京市,大兴区,西红门,[],充电站,大兴区
B0M697CEZZ,能加超充超级充电站(又见智慧超充站),116.347060,39.754020,黄村镇福海路19号停车场内,4001100835,汽车服务;充电站;充电站,011100,北京市,北京市,大兴区,黄村,[],充电站,大兴区
B0LKYU3N4R,能加超充超级充电站(大兴区城乡产业园超充站·华为超充技术支持),116.284935,39.788860,黄村镇北京城乡文化科技园,4001100835,汽车服务;充电站;充电站,011100,北京市,北京市,大兴区,[],[],充电站,大兴区
B0MAO5IOL3,茂电·顺顺充超级充电站(滨河街超充站·华为超充技术支持),116.342265,39.751655,清源街道滨河街寿山福海养老服务中心(大兴黄村院),4008069666,汽车服务;充电站;充电站,011100,北京市,北京市,大兴区,滨河,[],充电站,大兴区
B0JAARJB43,蔚来换电站(北京亦庄嘉德长实),116.517818,39.805148,嘉德长实,[],汽车服务;换电站;换电站,011101,北京市,北京市,大兴区,亦庄,[],充电站,大兴区
B0IKV5GBQA,蔚来汽车换电站(礼贤服务区),116.408001,39.541795,礼贤服务区,[],汽车服务;换电站;换电站,011101,北京市,北京市,大兴区,[],[],充电站,大兴区
B0J6C5HZ2S,蔚来能源汽车充电站(机场方向北京大兴机场高速礼贤服务区),116.407920,39.542112,京投港·大兴机场高速礼贤服务区东北,[],汽车服务;充电站;充电站,011100,北京市,北京市,大兴区,[],[],充电站,大兴区
B0MDFC9FE5,蔚来能源超级充电站(北京北科建亦庄科创园),116.516407,39.764786,凉水河一街10号院,[],汽车服务;充电站;充电站,011100,北京市,北京市,大兴区,亦庄,[],充电站,大兴区
B0HKFO2T19,蔚来超充站北京亦花园,116.539590,39.822216,亦花园(东渠路DT)地面停车场,[],汽车服务;充电站;充电站,011100,北京市,北京市,大兴区,亦庄,[],充电站,大兴区
B0JK0PNXKO,达克云LNC汽车充电站(中汇瑞通快充站),116.324200,39.532610,榆垡镇京开辅路瓮麻路1号平房,13161513003,汽车服务;充电站;充电站,011100,北京市,北京市,大兴区,[],[],充电站,大兴区
B0LU4DWLHQ,逸安启超级充电站(北京大兴凯德MALL),116.319400,39.672615,"大兴凯德MallB3层C区,近C164号车位临嘉容美车区",4000010780,汽车服务;充电站;充电站,011100,北京市,北京市,大兴区,[],[],充电站,大兴区
B0LBF107TO,逸安启超级充电站(北京荟聚购物中心),116.327340,39.788788,"西红门镇欣宁街23号北京荟聚购物中心停车场B2层E区停车区,靠近E区电梯厅",4000010780,汽车服务;充电站;充电站,011100,北京市,北京市,大兴区,西红门,[],充电站,大兴区
B0HA2CQ9V8,金星庄智能便民充电站,116.385209,39.761720,金星庄路与金大路交叉口西100米,[],生活服务;生活服务场所;生活服务场所,070000,北京市,北京市,大兴区,[],[],充电站,大兴区
B0LRKZGWDK,首充电力超级充电站(明康健康科学园站),116.507570,39.805306,万源街9号(万源街地铁站A1北口步行410米),4000610999,汽车服务;充电站;充电站,011100,北京市,北京市,大兴区,亦庄,[],充电站,大兴区
B0L31ZV1SJ,驴充充超级充电站(旭弘生态园),116.454285,39.718155,Y101(双北路)旭弘生态园,[],汽车服务;充电站;充电站,011100,北京市,北京市,大兴区,[],[],充电站,北京市
B0L07Y14H9,PP充电汽车充电站(瑞杰智能新能源),116.842828,40.369829,长安小区东区语翼祥和烟酒商行门口附近,18311262389;4006370518,汽车服务;充电站;充电站,011100,北京市,北京市,密云区,[],[],充电站,密云区
B0J2TZY7IZ,e充电充电桩,117.256981,40.628026,古北驿大街006号,[],汽车服务;充电站;充电站,011100,北京市,北京市,密云区,[],[],充电站,密云区
B0LKL59846,上金山观钓充电桩,117.082866,40.538877,上金山环路26号,18910535068,汽车服务;充电站;充电站,011100,北京市,北京市,密云区,[],[],充电站,密云区
B0L6TBU7Z1,中国石化汽车充电站(中国石化京承高速密云服务区重卡充电站),116.936090,40.397705,大广高速密云服务区北150米,95105888,汽车服务;充电站;充电站,011100,北京市,北京市,密云区,[],[],充电站,密云区
B0K6NBY0OC,中国石化汽车充电站(京东密云产业园充电站),116.784390,40.324428,科技路52号京东产发北京密云智能产业园,95105888,汽车服务;充电站;充电站,011100,北京市,北京市,密云区,[],[],充电站,密云区
B0KK7BNM90,中国石化汽车充电站(跃路发重卡充电站),117.011910,40.442673,穆家峪镇中国石化跃路发加油站,95105888,汽车服务;充电站;充电站,011100,北京市,北京市,密云区,[],[],充电站,密云区
B0L1N1XDUJ,中国石化超级充电站(同义昌充电站),116.822280,40.366394,果园街道中国石化同义昌加油站东侧,95105888,汽车服务;充电站;充电站,011100,北京市,北京市,密云区,[],[],充电站,密云区
B0MDJ4I37Y,中国石化超级充电站(森泓重卡充电站),117.166230,40.587177,太师屯镇京密路,95105888,汽车服务;充电站;专用充电站,011103,北京市,北京市,密云区,[],[],充电站,密云区
B0L2UGEDM6,乐来电汽车充电站(红旗水库),117.057388,40.423888,巨各庄镇查子沟村红旗水库,4008973688,汽车服务;充电站;充电站,011100,北京市,北京市,密云区,[],[],充电站,密云区
B0M6LG4S32,云快充汽车充电站(北京密云区安吉白茶便民服务充电站),116.844070,40.368973,鼓楼街檀州居委会檀城西区安吉白茶,4008288517,汽车服务;充电站;充电站,011100,北京市,北京市,密云区,密云县县城,[],充电站,密云区
B0KGPL6GT6,云快充汽车充电站(北京市密三石中路充电站),116.964203,40.322097,石峨村中路,13691461698;4008288517,汽车服务;充电站;充电站,011100,北京市,北京市,密云区,[],[],充电站,密云区
B0JRPKCBED,云快充汽车充电站(北京日盛天宇上河湾充电站),116.847040,40.399117,上河湾白云街北侧公交场站内,4008288517,汽车服务;充电站;充电站,011100,北京市,北京市,密云区,[],[],充电站,密云区
B0MGYD68TY,云快充汽车充电站(北京日盛天宇云西充电站),116.747662,40.362111,西统路38号公交院内,4008288517,汽车服务;充电站;充电站,011100,北京市,北京市,密云区,[],[],充电站,密云区
B0JRPKF3K3,云快充汽车充电站(北京日盛天宇巨各庄充电站),117.009315,40.358727,空港兴达混凝土有限公司南200米,4008288517,汽车服务;充电站;充电站,011100,北京市,北京市,密云区,[],[],充电站,密云区
B0JRPKKVTA,云快充汽车充电站(北京日盛天宇河南寨充电站),116.829820,40.340700,河南寨公交总站院内,4008288517,汽车服务;充电站;充电站,011100,北京市,北京市,密云区,[],[],充电站,密云区
B0JRPKG64B,云快充汽车充电站(北京日盛天宇穆家峪充电站),116.942941,40.422963,穆家峪村穆石路,4008288517,汽车服务;充电站;充电站,011100,北京市,北京市,密云区,[],[],充电站,密云区
B0KAGHOQPL,云快充汽车充电站(大云峰寺充电站),116.779920,40.486510,大云峰寺地面停车场,4008288517,汽车服务;充电站;充电站,011100,北京市,北京市,密云区,[],[],充电站,密云区
B0K1F7HPHL,云快充汽车充电站(密云区交通局充电站),116.827372,40.366780,密云区交通局门前(公安出入境大厅对面),13854273662;4008288517,汽车服务;充电站;充电站,011100,北京市,北京市,密云区,[],[],充电站,密云区
B0KACHZLYZ,云快充汽车充电站(荞麦峪民俗村充电站),116.886345,40.477913,环南线125号,4008288517,汽车服务;充电站;充电站,011100,北京市,北京市,密云区,[],[],充电站,密云区
B0KBJLHDCV,云快充汽车充电站(黑马快充站),116.936340,40.381450,中心东街322前焦家坞村民委员会,0797-966991,汽车服务;充电站;充电站,011100,北京市,北京市,密云区,[],[],充电站,密云区
B0JD4CN61U,云快充目的地充电站(云来电赵家庄村充电站),117.010780,40.360390,巨各庄镇赵家庄村,4008288517,汽车服务;充电站;充电站,011100,北京市,北京市,密云区,[],[],充电站,密云区
B0J0NLI26U,云快充目的地充电站(北京密云区文化馆便民服务交流充电站),116.842155,40.369923,文化馆便民服务充电站,4008288517,汽车服务;充电站;充电站,011100,北京市,北京市,密云区,密云县县城,[],充电站,密云区
B0K3VAQTWN,云快充目的地充电站(太师屯镇政府充电站),117.128074,40.538098,太师屯镇永安街143号,4008288517,汽车服务;充电站;充电站,011100,北京市,北京市,密云区,[],[],充电站,密云区
B0L16BR8G6,云快充目的地充电站(密云区科技馆院内东北门汽车充电站),116.840706,40.381382,果园街道小蜜蜂公园对面密云区科技馆院内北侧充电站,4008288517,汽车服务;充电站;充电站,011100,北京市,北京市,密云区,密云县县城,[],充电站,密云区
B0LUCKTSOO,云快充目的地充电站(密云花园小区42号楼充电站),116.853313,40.373214,花园小区42号楼,4008288517,汽车服务;充电站;充电站,011100,北京市,北京市,密云区,[],[],充电站,密云区
B0M6ANY153,云快充目的地充电站(张家坟民俗村充电站),116.794110,40.607227,石城镇张家坟村,4008288517,汽车服务;充电站;充电站,011100,北京市,北京市,密云区,[],[],充电站,密云区
B0KG2HX314,云快充目的地充电站(政府便民充电站密云区果园中区8号楼),116.831990,40.373750,果园新里中区8号楼北侧,4008288517,汽车服务;充电站;充电站,011100,北京市,北京市,密云区,[],[],充电站,密云区
B0LA4S5V61,云快充目的地充电站(新里格庄小区3号楼充电站),116.839100,40.399130,密云镇新里格庄小区3号楼北侧,4008288517,汽车服务;充电站;充电站,011100,北京市,北京市,密云区,[],[],充电站,密云区
B0L0RB3L29,云快充目的地充电站(松树峪东南足球场-慢充),117.153000,40.561800,北京市松二路密云区太师屯镇松树峪,4008288517,汽车服务;充电站;充电站,011100,北京市,北京市,密云区,[],[],充电站,密云区
B0IA3HVWR3,云快充目的地充电站(环铁密云小口村充电站),117.347210,40.649864,新城子镇小口村村委会门口,4008288517,汽车服务;充电站;充电站,011100,北京市,北京市,密云区,[],[],充电站,密云区
B0JRPKK8P4,云快充超级充电站(北京日盛天宇坝头充电站),116.890860,40.385265,新农村980车站对面,4008288517,汽车服务;充电站;充电站,011100,北京市,北京市,密云区,[],[],充电站,密云区
B0JRPKMXTN,云快充超级充电站(北京日盛天宇新南路充电站),116.872870,40.379326,新南路31号,4008288517,汽车服务;充电站;充电站,011100,北京市,北京市,密云区,[],[],充电站,密云区
B0JRPKGDUA,云快充超级充电站(北京日盛天宇石马峪充电站),116.905440,40.455960,溪翁庄镇石马峪村,4008288517,汽车服务;充电站;充电站,011100,北京市,北京市,密云区,[],[],充电站,密云区
B0MAJC3C29,云快充超级充电站(国电瑞风零碳园区直流超级充电站),116.813120,40.382280,西门外大街30号-2,4008288517,汽车服务;充电站;充电站,011100,北京市,北京市,密云区,[],[],充电站,密云区
B0LUCKS2JZ,云快充超级充电站(太师屯服务区充电站出京方向),117.154970,40.558533,太师屯服务区,4008288517,汽车服务;充电站;充电站,011100,北京市,北京市,密云区,[],[],充电站,密云区
B0M6GSO6QN,云快充超级充电站(太师屯服务区充电站进京方向),117.155753,40.561544,太师屯服务区,4008288517,汽车服务;充电站;充电站,011100,北京市,北京市,密云区,[],[],充电站,密云区
B0LUPX8KOT,云快充超级充电站(明达公司大巴车充电站),116.872082,40.371444,宏扬迅腾科技发展有限公司(水源东路北),4008288517,汽车服务;充电站;充电站,011100,北京市,北京市,密云区,[],[],充电站,密云区
B0FFK7CTLT,依威能源汽车充电站(绿地花都嘉园小区北1门),116.835996,40.385927,新西路49号绿地花都嘉园小区(北1门)地面停车场,4001800910,汽车服务;充电站;充电站,011100,北京市,北京市,密云区,[],[],充电站,密云区
B0KAGLLDCL,充小兽汽车充电站(印象云溪枣树下民宿站),116.810479,40.485705,董你·山前咖啡(尖岩中路),13691516399,汽车服务;充电站;充电站,011100,北京市,北京市,密云区,[],[],充电站,密云区
B0L3UNG066,充小兽汽车充电站(意邦商务中心站),116.802185,40.358790,十里堡镇西大桥路65号,13691516399,汽车服务;充电站;充电站,011100,北京市,北京市,密云区,[],[],充电站,密云区
B0J32474J3,充小兽汽车充电站(檀州家园东区站),116.844030,40.367016,檀州家园东区(檀城街北),13691516399,汽车服务;充电站;充电站,011100,北京市,北京市,密云区,[],[],充电站,密云区
B0KRU50ORC,充小兽汽车充电站(溪翁庄小镇驿站站),116.837108,40.475886,密云区新·驿(何必去远方浪漫溪翁庄),13691516399,汽车服务;充电站;充电站,011100,北京市,北京市,密云区,密云水库,[],充电站,密云区
B0KAGLR2KV,充小兽汽车充电站(溪翁庄文体中心站),116.855085,40.474118,溪翁庄镇文体中心(环南支线南),13691516399,汽车服务;充电站;充电站,011100,北京市,北京市,密云区,[],[],充电站,密云区
B0LR16SIRB,充小兽汽车充电站(溪翁庄镇走马庄村北停车场站),116.852730,40.463627,北京幸福晓筑西北50米(走马庄路西),13691516399,汽车服务;充电站;充电站,011100,北京市,北京市,密云区,[],[],充电站,密云区
B0LR16RW0F,充小兽汽车充电站(溪翁庄镇金叵罗村委会广场站),116.856850,40.455830,金叵罗村委会(金溪路南),13691516399,汽车服务;充电站;充电站,011100,北京市,北京市,密云区,[],[],充电站,密云区
B0L3UNG488,充小兽汽车充电站(穆家峪机场站),116.892630,40.400990,穆家峪机场(双沙路西),13691516399,汽车服务;充电站;充电站,011100,北京市,北京市,密云区,[],[],充电站,密云区
B0K0T6PIIQ,充小兽汽车充电站(质诚建设工程有限公司站),116.829480,40.335243,北京质诚建设工程有限公司(开发区路北),13691516399,汽车服务;充电站;充电站,011100,北京市,北京市,密云区,[],[],充电站,密云区
B0MU2LFAVK,充小兽汽车充电站(轻元宿站),116.914314,40.462265,轻元宿精品民宿(石庄路2号分店)东北50米,13691516399,汽车服务;充电站;充电站,011100,北京市,北京市,密云区,[],[],充电站,密云区
B0G3UY0123,北京市密云区博润轩生态园西200米充电站(国家电网),116.820891,40.323358,河南寨供电所门口停车场,[],汽车服务;充电站;充电站,011100,北京市,北京市,密云区,[],[],充电站,密云区
B0L3LKPQRN,北京日盛天宇穆家峪充电站,116.927814,40.438307,穆石路与黑大路交叉口西40米,[],汽车服务;充电站;充电站,011100,北京市,北京市,密云区,[],[],充电站,密云区
B0MA968MS6,叮叮汽车充电站(鼓楼东大街信远大厦),116.850440,40.376835,鼓楼街道鼓楼东大街27号,010-69056121,汽车服务;充电站;充电站,011100,北京市,北京市,密云区,[],[],充电站,密云区
B0LAT95ELY,国家电网充电站(海怡庄园格林豪泰酒店),116.816229,40.365003,新南路与富帛路交叉口西100米,[],汽车服务;充电站;充电站,011100,北京市,北京市,密云区,[],[],充电站,密云区
B0H3JU59DP,国家电网充电站(龙湖长城源著),117.270092,40.648873,古北水镇-司马小烧酒坊西北侧160米,[],汽车服务;充电站;充电站,011100,北京市,北京市,密云区,[],[],充电站,密云区
B0FFJ7Y62W,国家电网汽车充电站,116.835058,40.379191,果园街道便民服务中心,18601376118,汽车服务;充电站;充电站,011100,北京市,北京市,密云区,[],[],充电站,密云区
B0FFFN9TZ5,国家电网汽车充电站(北京市密云区不老屯),116.977884,40.569518,不老屯镇不老屯村北(镇政府北150米),[],汽车服务;充电站;充电站,011100,北京市,北京市,密云区,[],[],充电站,密云区
B0GUZXL898,国家电网汽车充电站(北京市密云区不老屯镇政府充电站),116.977143,40.567032,地面停车场,[],汽车服务;充电站;充电站,011100,北京市,北京市,密云区,[],[],充电站,密云区
B0GUCH5ZL9,国家电网汽车充电站(北京市密云区东邵渠镇廉政文化广场充电站),116.968285,40.292744,东邵渠镇廉政文化广场地面停车场,[],汽车服务;充电站;充电站,011100,北京市,北京市,密云区,[],[],充电站,密云区
B0IAOMYOT6,国家电网汽车充电站(北京市密云区云佛山滑雪场公共充电站),116.880510,40.475410,溪翁庄镇环南线云佛山滑雪场,18601376118,汽车服务;充电站;充电站,011100,北京市,北京市,密云区,[],[],充电站,密云区
B0LKTPUYIA,国家电网汽车充电站(北京市密云区人民政府停车场公共超级充电站),116.842600,40.378340,鼓楼街道北京市密云区人民政府,18601376118,汽车服务;充电站;充电站,011100,北京市,北京市,密云区,[],[],充电站,密云区
B0JB5Z17PN,国家电网汽车充电站(北京市密云区人间花海景区公共充电站),117.200088,40.574295,太师屯镇人间花海景区停车场,[],汽车服务;充电站;充电站,011100,北京市,北京市,密云区,[],[],充电站,密云区
B0LK27REK7,国家电网汽车充电站(北京市密云区兴企三路公共超级充电站),116.827880,40.338960,兴企三路与兴盛南路交叉口北侧变电站旁,18601376118,汽车服务;充电站;充电站,011100,北京市,北京市,密云区,[],[],充电站,密云区
B0FFI0YOA5,国家电网汽车充电站(北京市密云区冶仙塔景区),116.870818,40.399639,北京冶仙塔旅游风景区地面停车场,[],汽车服务;充电站;充电站,011100,北京市,北京市,密云区,[],[],充电站,密云区
B0IG1CFYIX,国家电网汽车充电站(北京市密云区劳动仲裁委员会充电站),116.825325,40.374230,密云县劳动人事争议仲裁院停车场,[],汽车服务;充电站;充电站,011100,北京市,北京市,密云区,[],[],充电站,密云区
B0FFH1ZPR9,国家电网汽车充电站(北京市密云区北京旅游咨询),116.833854,40.345974,北京旅游咨询地面停车场(密云区水政监察大队西南),[],汽车服务;充电站;充电站,011100,北京市,北京市,密云区,[],[],充电站,密云区
B0I1AHFFMY,国家电网汽车充电站(北京市密云区北京旅游咨询公共充电站),116.834194,40.346097,北京旅游咨询(密云区水政监察大队西南),18601376118,汽车服务;充电站;充电站,011100,北京市,北京市,密云区,[],[],充电站,密云区
B0HKFO0JK2,国家电网汽车充电站(北京市密云区北庄充电站),117.160516,40.512629,北庄供电所门口停车场,[],汽车服务;充电站;充电站,011100,北京市,北京市,密云区,[],[],充电站,密云区
B0J0XNDS3W,国家电网汽车充电站(北京市密云区华润万象汇商城充电站),116.834320,40.354200,华润万象城地下一层停车场C区(南门进入m1夹层驶入),18601376118,汽车服务;充电站;充电站,011100,北京市,北京市,密云区,[],[],充电站,密云区
B0HKFO4AEJ,国家电网汽车充电站(北京市密云区古北口健身公园充电站),117.163523,40.691102,古北口镇政府南侧健身公园地面停车场,[],汽车服务;充电站;充电站,011100,北京市,北京市,密云区,[],[],充电站,密云区
B0FFHUG7VY,国家电网汽车充电站(北京市密云区古北口镇成人学校公共充电站),117.163526,40.695614,101国道古北口检查站北侧,[],汽车服务;充电站;充电站,011100,北京市,北京市,密云区,[],[],充电站,密云区
B0IA9MKA99,国家电网汽车充电站(北京市密云区古北水镇景区P5),117.266171,40.642043,古北水镇P5小型车地面停车场5-032,18601376118,汽车服务;充电站;充电站,011100,北京市,北京市,密云区,司马台长城,[],充电站,密云区
B0FFHCWOSR,国家电网汽车充电站(北京市密云区古北水镇景区P6),117.261192,40.645048,马北公路地面停车场6-003,18601376118,汽车服务;充电站;充电站,011100,北京市,北京市,密云区,[],[],充电站,密云区
B0JKGG1S2Q,国家电网汽车充电站(北京市密云区大学生公寓),116.842377,40.369739,地面停车场,[],汽车服务;充电站;充电站,011100,北京市,北京市,密云区,密云县县城,[],充电站,密云区
B0FFLALB44,国家电网汽车充电站(北京市密云区太师屯供电所),117.132062,40.540496,太师屯供电所院外停车场,[],汽车服务;充电站;充电站,011100,北京市,北京市,密云区,[],[],充电站,密云区
B0FFHXNDS3,国家电网汽车充电站(北京市密云区太师屯永安桥),117.127929,40.540483,太师屯镇永安路立交桥东北角地面停车场(双陆顺酒家右侧),[],汽车服务;充电站;充电站,011100,北京市,北京市,密云区,[],[],充电站,密云区
B0L1PP467R,国家电网汽车充电站(北京市密云区密政土地开发整理中心公共充电站),116.855814,40.371152,密政土地开发整理中心停车场,18601376118,汽车服务;充电站;充电站,011100,北京市,北京市,密云区,密云县县城,[],充电站,密云区
B0L0UGUJTN,国家电网汽车充电站(北京市密云区巨各庄镇文体公园),116.947780,40.380290,巨各庄镇密兴路地面停车场,18601376118,汽车服务;充电站;充电站,011100,北京市,北京市,密云区,[],[],充电站,密云区
B0IAOM0GQA,国家电网汽车充电站(北京市密云区庄头村委会公共充电站),117.073121,40.387611,大城子镇王达路,18601376118,汽车服务;充电站;充电站,011100,北京市,北京市,密云区,[],[],充电站,密云区
B0L64PST0Y,国家电网汽车充电站(北京市密云区张裕爱斐堡国际酒庄),116.900425,40.379072,密三路与宁蔡路交叉口东南40米,[],汽车服务;充电站;充电站,011100,北京市,北京市,密云区,[],[],充电站,密云区
B0FFK8FGL4,国家电网汽车充电站(北京市密云区排山汽车城公共充电站),116.794202,40.354464,十里堡镇排山汽车城南侧地面停车场,[],汽车服务;充电站;充电站,011100,北京市,北京市,密云区,[],[],充电站,密云区
B0HUR52G91,国家电网汽车充电站(北京市密云区日光山谷充电站),116.928405,40.446273,穆家峪镇阁老峪村黑大路,[],汽车服务;充电站;充电站,011100,北京市,北京市,密云区,[],[],充电站,密云区
B0H0R7AH3F,国家电网汽车充电站(北京市密云区溪翁庄充电站),116.852007,40.474712,环南线与中学路交叉口东60米,[],汽车服务;充电站;充电站,011100,北京市,北京市,密云区,密云水库,[],充电站,密云区
B0G24RFZBR,国家电网汽车充电站(北京市密云区溪翁庄镇马头山桥公共),116.833192,40.451890,溪翁庄镇西智站东,18601376118,汽车服务;充电站;充电站,011100,北京市,北京市,密云区,[],[],充电站,密云区
B0MGL7NGAC,国家电网汽车充电站(北京市密云区琉辛路公共充电站),116.792560,40.612984,石城镇密关路,18601376118,汽车服务;充电站;充电站,011100,北京市,北京市,密云区,[],[],充电站,密云区
B0K2TKQDHC,国家电网汽车充电站(北京市密云区白龙潭新村小区C区公共充电站),117.063102,40.502653,太师屯镇白龙潭新村D区3号楼东侧,18601376118,汽车服务;充电站;充电站,011100,北京市,北京市,密云区,[],[],充电站,密云区
B0MA97BG2E,国家电网汽车充电站(北京市密云区白龙潭新村小区D区公共充电站),117.063410,40.501970,太师屯镇白龙潭新村D区,18601376118,汽车服务;充电站;充电站,011100,北京市,北京市,密云区,[],[],充电站,密云区
B0H1XK0J2K,国家电网汽车充电站(北京市密云区石城镇云蒙山风景区),116.821019,40.547327,北京云蒙山风景区停车场,[],汽车服务;充电站;充电站,011100,北京市,北京市,密云区,[],[],充电站,密云区
B0GKNRAQ43,国家电网汽车充电站(北京市密云区石城镇社区卫生服务中心院内充电站),116.821089,40.540492,石城镇社区卫生服务中心院外地面停车场,[],汽车服务;充电站;充电站,011100,北京市,北京市,密云区,[],[],充电站,密云区
B0L1YZDVIO,国家电网汽车充电站(北京市密云区石城镇社区卫生服务中心院外充电站),116.820820,40.540478,石城镇社区卫生服务中心院外停车场,18601376118,汽车服务;充电站;充电站,011100,北京市,北京市,密云区,[],[],充电站,密云区
B0FFL4Z8ZL,国家电网汽车充电站(北京市密云区穆家峪充电站),116.931076,40.403000,穆家峪镇荆稍坟村南,[],汽车服务;充电站;充电站,011100,北京市,北京市,密云区,[],[],充电站,密云区
B0FFHU2C6B,国家电网汽车充电站(北京市密云区绿地花园公共充电站),116.838188,40.383092,绿地花园西侧地面停车场,18601376118,汽车服务;充电站;充电站,011100,北京市,北京市,密云区,密云县县城,[],充电站,密云区
B0FFHWT5LZ,国家电网汽车充电站(北京市密云区葫芦峪景区),116.915345,40.248641,葫芦峪景区停车场,[],汽车服务;充电站;充电站,011100,北京市,北京市,密云区,[],[],充电站,密云区
B0GR0KWMY6,国家电网汽车充电站(北京市密云区西统路北京运商会展中心东80米),116.762975,40.409214,[],[],汽车服务;充电站;充电站,011100,北京市,北京市,密云区,[],[],充电站,密云区
B0H2T5OTGM,国家电网汽车充电站(北京市密云区规划委员会密云分局院外充电站),116.853244,40.388865,新北路13号路侧,[],汽车服务;充电站;充电站,011100,北京市,北京市,密云区,[],[],充电站,密云区
B0G33ZVYQJ,国家电网汽车充电站(北京市密云区邑仕庄园公共充电站),117.047862,40.486477,邑仕庄园游客中心停车场,[],汽车服务;充电站;充电站,011100,北京市,北京市,密云区,[],[],充电站,密云区
B0MA97BG2F,国家电网汽车充电站(北京市密云区鑫溪凯旋加油站公共充电站),116.849580,40.387234,鼓楼街道沿湖小区中国石化北方鑫溪凯旋加油站,18601376118,汽车服务;充电站;充电站,011100,北京市,北京市,密云区,[],[],充电站,密云区
B0FFL1SFT6,国家电网汽车充电站(北京市密云区锦绣饭庄采摘园公共充电站),116.944954,40.426130,穆家峪镇北穆家峪村(山水田园农家院西侧),[],汽车服务;充电站;充电站,011100,北京市,北京市,密云区,[],[],充电站,密云区
B0I25RIXX6,国家电网汽车充电站(北京市密云区雾灵山庄充电站),117.389974,40.640822,雾灵山庄商品部门前,[],汽车服务;充电站;充电站,011100,北京市,北京市,密云区,[],[],充电站,密云区
B0HA9571UZ,国家电网汽车充电站(北京市密云区雾灵西峰充电站),117.363715,40.635976,雾灵西峰景区北门北停车场,[],汽车服务;充电站;充电站,011100,北京市,北京市,密云区,[],[],充电站,密云区
B0JKPUU930,国家电网汽车充电站(大广高速太师屯服务区公共充电站大庆方向),117.154882,40.558651,京承高速太师屯服务区(出京方向),18601376118,汽车服务;充电站;充电站,011100,北京市,北京市,密云区,[],[],充电站,密云区
B0M6VDIT9P,国家电网汽车充电站(大广高速太师屯服务区公共充电站广州方向),117.155670,40.561691,京承高速太师屯服务区(进京方向),18601376118,汽车服务;充电站;充电站,011100,北京市,北京市,密云区,[],[],充电站,密云区
B0FFILG07X,国家电网汽车充电站(大广高速密云服务区公共充电站广州方向),116.935040,40.397974,大广高速密云服务区(进京方向),18601376118,汽车服务;充电站;充电站,011100,北京市,北京市,密云区,[],[],充电站,密云区
B0IG1CG5FJ,国家电网汽车充电站(首发工程监理公司),116.856497,40.371339,北京首发工程监理公司停车场,18601376118,汽车服务;充电站;充电站,011100,北京市,北京市,密云区,密云县县城,[],充电站,密云区
B0M66B8ZRQ,壳牌充电汽车充电站(壳牌充电北京密云水库管理处家属院地面充电站),116.843270,40.477467,水库管理处家属院,4007160699,汽车服务;充电站;专用充电站,011103,北京市,北京市,密云区,[],[],充电站,密云区
B0JAALD9SR,壳牌溪翁庄充电站,116.847560,40.410490,东智路口壳牌溪翁庄加油站内,[],汽车服务;充电站;充电站,011100,北京市,北京市,密云区,[],[],充电站,密云区
B0L3BHE8Z2,大城子镇文体活动中心对面充电桩,117.110549,40.392667,大城子镇人民政府附近,[],汽车服务;充电站;充电站,011100,北京市,北京市,密云区,[],[],充电站,密云区
B0LR9DOTZZ,大石岭充电站,116.918447,40.399557,双沙路1号,13718356898,汽车服务;充电站;充电站,011100,北京市,北京市,密云区,[],[],充电站,北京市
B0GKG579M4,奥动换电(密云区车站路站)(暂停营业),116.856838,40.397906,站西路10号,[],汽车服务;充电站;充电站,011100,北京市,北京市,密云区,[],[],充电站,密云区
B0LROUVXA4,宁充充汽车充电站(长城源著),117.264565,40.659500,司马台村2号院-长城源着龙湖长城源著2期,4006568997,汽车服务;充电站;充电站,011100,北京市,北京市,密云区,[],[],充电站,密云区
B0IRVUU217,宇洋汽车充电站,116.794033,40.607214,邓玉芬雕塑主题广场南侧70米,15330072380,汽车服务;充电站;充电站,011100,北京市,北京市,密云区,[],[],充电站,密云区
B0MAJ52VLU,安极能源重卡充电站,117.156125,40.575573,太师屯镇京密路中国石化桑园加油站,18134025635,汽车服务;充电站;充电站,011100,北京市,北京市,密云区,[],[],充电站,密云区
B0LRVXKJ7J,密云区科技馆院内汽车充电站,116.840404,40.381048,康居路3号,13511025897,汽车服务;充电站;充电站,011100,北京市,北京市,密云区,密云县县城,[],充电站,密云区
B0IBORKFS2,密云区隆源大厦小区(中医院南侧)蜂电共享汽车充电站,116.850327,40.378873,中医院南侧康复路14号隆源小区内,[],汽车服务;充电站;充电站,011100,北京市,北京市,密云区,[],[],充电站,密云区
B0IUDLGH7I,小鹏汽车充电站(小鹏超充北京万象汇购物中心密云站),116.834240,40.354073,鼓楼街道顺密路164号北京密云万象汇地下停车场,4007836688,汽车服务;充电站;充电站,011100,北京市,北京市,密云区,[],[],充电站,密云区
B0L0SNHCI9,开放平台-北京云末科技汽车充电站(区政府后停车场),116.842870,40.377377,鼓楼街道康复四巷15号密云区人民政府,0797-966991,汽车服务;充电站;充电站,011100,北京市,北京市,密云区,[],[],充电站,密云区
B0L0SNIASP,开放平台-北京云末科技汽车充电站(彩虹园),116.854640,40.391647,车站路53号彩虹园小区,0797-966991,汽车服务;充电站;充电站,011100,北京市,北京市,密云区,[],[],充电站,密云区
B0J06CK35U,政府便民汽车充电站(花园小区40号楼),116.853984,40.373489,花园小区40号楼,13511025897,汽车服务;充电站;充电站,011100,北京市,北京市,密云区,密云县县城,[],充电站,密云区
B0LG9DP5AZ,新电途汽车充电站(华冠大厦停车场),116.863846,40.374080,华冠大厦停车场,4001100835,汽车服务;充电站;充电站,011100,北京市,北京市,密云区,[],[],充电站,密云区
B0L0CDY3L8,新电途汽车充电站(密云区文化馆便民服务充电站),116.841980,40.369755,文化中心,18311262389,汽车服务;充电站;充电站,011100,北京市,北京市,密云区,密云县县城,[],充电站,密云区
B0MDA41RN0,新电途汽车充电站(棉花糖城堡民宿2期),117.349040,40.607018,新城子镇关门村棉花糖城堡民宿,4001100835,汽车服务;充电站;充电站,011100,北京市,北京市,密云区,[],[],充电站,密云区
B0MDFB89FD,新电途汽车充电站(谷润充电站),116.957020,40.406540,博泰劲学识通商贸有限责任公司北京市密云区穆家峪镇京密路羊山公交站西50米,4001100835,汽车服务;充电站;充电站,011100,北京市,北京市,密云区,[],[],充电站,密云区
B0L2UBDHBV,新电途汽车充电站(车站路充电站),116.862640,40.394104,车站东路2号停车场,4001100835,汽车服务;充电站;充电站,011100,北京市,北京市,密云区,[],[],充电站,密云区
B0MGRPJID3,星星充电汽车充电站(京华兴搅拌站内部充电),116.745840,40.336494,十里堡镇统军庄路口东500米(京华兴搅拌站),18701306970,汽车服务;充电站;充电站,011100,北京市,北京市,密云区,[],[],充电站,密云区
B0I6R7UZXG,星星充电汽车充电站(内部专用星星充电-密云-长城源著小区充电站),117.266785,40.661430,古北口镇长城源著2期,4008280768,汽车服务;充电站;充电站,011100,北京市,北京市,密云区,司马台长城,[],充电站,密云区
B0LBA1JIXC,星星充电汽车充电站(北京密兴燃工贸快速充电站),116.781450,40.345795,密兴燃工贸有限公司,13601033528,汽车服务;充电站;充电站,011100,北京市,北京市,密云区,[],[],充电站,密云区
B0J1UR6HL6,星星充电汽车充电站(大唐庄),116.835166,40.386848,大唐庄村委会东门南50米,[],汽车服务;充电站;充电站,011100,北京市,北京市,密云区,[],[],充电站,密云区
B0KD15MAJS,星星充电汽车充电站(密云区花园小区充电站),116.853300,40.372870,花园小区42号楼,15701363090,汽车服务;充电站;充电站,011100,北京市,北京市,密云区,密云县县城,[],充电站,密云区
B0L1YKC6BH,星星充电汽车充电站(已合并下线辛安庄内部托管场站)(暂停营业),116.989770,40.412903,穆家峪镇京密路,13241913491,汽车服务;充电站;充电站,011100,北京市,北京市,密云区,[],[],充电站,密云区
B0LKZSEIOQ,星星充电汽车充电站(星星充电-北白岩充电站),116.815102,40.478870,溪翁庄镇河北路,13241913491,汽车服务;充电站;充电站,011100,北京市,北京市,密云区,[],[],充电站,密云区
B0KAU5H2I0,星星充电汽车充电站(星星充电-十里堡充电站),116.788390,40.350042,十里堡镇程庄路明珠花园,13241913491,汽车服务;充电站;充电站,011100,北京市,北京市,密云区,[],[],充电站,密云区
B0L3ZK0AQD,星星充电汽车充电站(星星充电-卸甲山充电站),116.764847,40.430565,黄坨子东街91号,13241913491,汽车服务;充电站;充电站,011100,北京市,北京市,密云区,[],[],充电站,密云区
B0LR5UB326,星星充电汽车充电站(星星充电-大石岭充电站),116.918050,40.400036,穆家峪镇电气焊,13552885680,汽车服务;充电站;充电站,011100,北京市,北京市,密云区,[],[],充电站,密云区
B0LDD5B0HT,星星充电汽车充电站(星星充电-宾阳小区共享充电桩),116.861640,40.384480,鼓楼街道宾阳小区宾阳北里,13601033528,汽车服务;充电站;充电站,011100,北京市,北京市,密云区,[],[],充电站,密云区
B0JRJ6DESN,星星充电汽车充电站(星星充电-密西花园充电站),116.840250,40.387740,果园街道密西花园,13241913491,汽车服务;充电站;充电站,011100,北京市,北京市,密云区,[],[],充电站,密云区
B0L3MHKHKJ,星星充电汽车充电站(星星充电-新南路瑞兴能源充电站),116.848922,40.369696,鼓楼街道新南路北京金地来商务会馆,13601270335,汽车服务;充电站;充电站,011100,北京市,北京市,密云区,密云县县城,[],充电站,密云区
B0J2L131G6,星星充电汽车充电站(星星充电-河南寨政府后街充电站),116.827254,40.333029,道路停车位,13241913491,汽车服务;充电站;充电站,011100,北京市,北京市,密云区,[],[],充电站,密云区
B0KD05Z74Q,星星充电汽车充电站(星星充电-辛安庄充电站),116.989771,40.412524,穆家峪镇辛安庄村北,13241913491,汽车服务;充电站;充电站,011100,北京市,北京市,密云区,[],[],充电站,密云区
B0MA6OMLJP,星星充电汽车充电站(星星充电-金钩充电站),116.765020,40.289650,北环路1号,[],汽车服务;充电站;充电站,011100,北京市,北京市,密云区,[],[],充电站,密云区
B0MA6KK7SY,星星充电汽车充电站(绿谷达康液冷超充站),116.830070,40.364350,农机路8号院内,13910308875,汽车服务;充电站;充电站,011100,北京市,北京市,密云区,[],[],充电站,密云区
B0KD15MI9E,星星充电汽车充电站(苇子峪充电站),117.173849,40.483036,北庄镇苇子峪综合超市西南,15701363090,汽车服务;充电站;充电站,011100,北京市,北京市,密云区,[],[],充电站,密云区
B0M6CNTJRE,智电时代汽车充电站(智电时代鑫航充电站),116.885640,40.382653,穆家峪镇新农村新南路6号鑫航加油站,4000826699,汽车服务;充电站;充电站,011100,北京市,北京市,密云区,[],[],充电站,密云区
B0JRFCPMJN,比亚迪汽车充电站,116.900588,40.404354,后达路与双沙路交叉口东160米,[],汽车服务;充电站;充电站,011100,北京市,北京市,密云区,[],[],充电站,密云区
B0MBBNVDQN,比亚迪闪充汽车充电站(比亚迪北京北方瑞逸),116.793786,40.356060,十里堡镇比亚迪汽车王朝网(北方瑞逸排山汽车城城市展厅)北京排山汽车城,4000306666,汽车服务;充电站;充电站,011100,北京市,北京市,密云区,[],[],充电站,密云区
B0KK1GQU83,汇腾汽车充电站(季庄村台子旺51号),116.833730,40.379044,北京市季庄村台子旺51号,13716792360,汽车服务;充电站;充电站,011100,北京市,北京市,密云区,密云县县城,[],充电站,密云区
B0J09KNXP4,汽车充电站(公共站向阳西社区便民服务站),116.864613,40.370751,向阳西社区,4008288517,汽车服务;充电站;充电站,011100,北京市,北京市,密云区,[],[],充电站,密云区
B0MDR5BUTZ,汽车充电站(公共站密云区大石岭电车超充站),116.918620,40.399667,双石岭路,[],汽车服务;充电站;充电站,011100,北京市,北京市,密云区,[],[],充电站,密云区
B0L3UNGIG7,汽车充电站(公共站汐歌儿密云农机公司优易充小站),116.865066,40.374610,鼓楼街道新南路42-9号,[],汽车服务;充电站;充电站,011100,北京市,北京市,密云区,[],[],充电站,密云区
B0MUMSU7VV,汽车充电站(公共站汐歌儿密云山水大厦优易充小站),116.864180,40.376644,鼓楼东大街3号地上停车场,[],汽车服务;充电站;充电站,011100,北京市,北京市,密云区,[],[],充电站,密云区
B0J324A1II,汽车充电站(公共站汐歌儿密云法制公园优易充小站),116.862580,40.383057,行宫街24号,[],汽车服务;充电站;充电站,011100,北京市,北京市,密云区,[],[],充电站,密云区
B0IAFZ8ABW,汽车充电站(小鹏目充北京密云乡志民宿站),116.858131,40.332352,河南寨镇北京乡志圣水鸣琴精品民宿,4007836688,汽车服务;充电站;充电站,011100,北京市,北京市,密云区,[],[],充电站,密云区
B0IK6DLNEE,汽车充电站(星星充电檀城西区站),116.849662,40.366098,鼓楼街道阳光街133号北方交通大学附属中学地面停车场,15600689133,汽车服务;充电站;充电站,011100,北京市,北京市,密云区,密云县县城,[],充电站,密云区
B0LADZ9FU6,汽车充电站(莱充新能源车充电桩),116.853367,40.420390,民兴街78号停车场边,[],汽车服务;充电站;充电站,011100,北京市,北京市,密云区,[],[],充电站,密云区
B0KRRCWP4T,汽车充电站(蔚来超充站G45大广高速密云服务区双向),116.935034,40.397956,大广高速,[],汽车服务;充电站;充电站,011100,北京市,北京市,密云区,[],[],充电站,密云区
B0I3MLPM6J,汽车充电站(蔚来超充站G45大广高速密云服务区双向),116.935034,40.397956,密云服务区,[],汽车服务;充电站;充电站,011100,北京市,北京市,密云区,[],[],充电站,密云区
B0J3V19FKT,汽车充电站(蜂电共享福城小区站),116.847867,40.369469,阳光街12号,13601270335,汽车服务;充电站;充电站,011100,北京市,北京市,密云区,密云县县城,[],充电站,密云区
B0LDHHO0XE,汽车充电站(豪能汇重卡密云站),116.981960,40.412091,密古路与水辛路交叉口东北500米,18618425116,汽车服务;充电站;充换电站,011102,北京市,北京市,密云区,[],[],充电站,密云区
B0L11HKIR6,滴滴充电汽车充电站(赵家庄村充电站),117.014420,40.359140,密云区巨各庄镇塘子村党支部,4000610999,汽车服务;充电站;充电站,011100,北京市,北京市,密云区,[],[],充电站,密云区
B0L0YN4W26,特斯拉目的地充电站(东方绿洲露营庄园-多品牌可用),116.899420,40.362910,河南寨镇山口庄村东方绿洲地面停车场,4009100707,汽车服务;充电站;充电站,011100,北京市,北京市,密云区,[],[],充电站,密云区
B0FFIYVGJU,特斯拉目的地充电站(密云文化馆),116.836069,40.356530,鼓楼街道长安社区南更大街文化馆门前北侧,4009100707,汽车服务;充电站;充电站,011100,北京市,北京市,密云区,[],[],充电站,密云区
B0J29GYFMV,特斯拉目的地充电站(野鸭部落),117.188500,40.514270,密云县北庄镇北庄村,4009100707,汽车服务;充电站;充电站,011100,北京市,北京市,密云区,[],[],充电站,密云区
B0JKUHJIOH,特斯拉超级充电站(北京市密云华润万象汇),116.833870,40.354660,"滨河路178号华润万象汇B1层C区,2通道C061车位/入口碧澄环路二巷",4009100707,汽车服务;充电站;充电站,011100,北京市,北京市,密云区,[],[],充电站,密云区
B0FFIVXHTW,特来电充电站(北京旭东饭店站),117.488505,40.650172,新城子镇花园村,4001300001,汽车服务;充电站;充电站,011100,北京市,北京市,密云区,[],[],充电站,密云区
B0FFILEKKH,特来电充电站(北京银丰酒厂),116.841568,40.339600,河南寨镇河南寨村银丰酒厂,[],汽车服务;充电站;充电站,011100,北京市,北京市,密云区,[],[],充电站,密云区
B0FFHVF4R1,特来电充电站(特来电站北京密云金山丰岭),117.077162,40.510443,太师屯镇上庄子村北公路边30米,[],汽车服务;充电站;充电站,011100,北京市,北京市,密云区,[],[],充电站,密云区
B0FFHJQMR5,特来电汽车充电站(北京密云前八家庄),117.040704,40.497380,太师屯镇前八家庄村民委员会,[],汽车服务;充电站;充电站,011100,北京市,北京市,密云区,[],[],充电站,密云区
B0LRX5Y7E0,特来电汽车充电站(北京瑜速充商贸中心充电站),117.062180,40.638550,X015(黄下路),17600516828,汽车服务;充电站;充电站,011100,北京市,北京市,密云区,[],[],充电站,密云区
B0FFI2O4M1,特来电汽车充电站(特来电北京密云中油雾灵充电站)(暂停营业),117.447080,40.649539,新城子镇251乡道曹家路村大沟门,[],汽车服务;充电站;充电站,011100,北京市,北京市,密云区,[],[],充电站,密云区
B0MDVDN28P,特来电汽车充电站(豪能汇北京密云重卡换充电站),116.981960,40.412090,穆家峪镇密古路与水辛路交叉口东北500米,4000518857,汽车服务;充电站;充电站,011100,北京市,北京市,密云区,[],[],充电站,密云区
B0KULLF1DF,理想超级充电站(理想5C超充站大广高速太师屯服务区广州方向),117.156093,40.561372,太师屯服务区,4006860400,汽车服务;充电站;充电站,011100,北京市,北京市,密云区,[],[],充电站,密云区
B0JUVS740P,理想超级充电站(理想5C超充站大广高速密云服务区双向互通),116.935140,40.397970,密云服务区,4006860400,汽车服务;充电站;充电站,011100,北京市,北京市,密云区,[],[],充电站,密云区
B0J3VOABBK,福成新天地小区星星充电桩,116.847288,40.367605,福城国际公寓附近,[],汽车服务;充电站;充电站,011100,北京市,北京市,密云区,[],[],充电站,密云区
B0L0XAKAAE,科科魔方汽车充电站(康居北区),116.836625,40.381759,果园街道古唐路68号康居小区内,18519356264,汽车服务;充电站;充电站,011100,北京市,北京市,密云区,密云县县城,[],充电站,密云区
B0KR6BN0Y9,能效邻里共享汽车充电站(北京山前民俗饭庄),117.279240,40.623264,太师屯镇马厂村北京山前民俗饭庄,[],汽车服务;充电站;充电站,011100,北京市,北京市,密云区,[],[],充电站,密云区
B0M6R50ELJ,能效邻里共享汽车充电站(北京银杉快充),116.897660,40.394314,乡村小寨由东向西100米,13910428238,汽车服务;充电站;充电站,011100,北京市,北京市,密云区,[],[],充电站,密云区
B0L2F5291U,能效邻里共享汽车充电站(安吉白茶便民服务充电站),116.844265,40.368809,檀州家园东区2号楼,13511025897,汽车服务;充电站;充电站,011100,北京市,北京市,密云区,密云县县城,[],充电站,密云区
B0L3O5XSF8,能效邻里共享汽车充电站(白檀小区7号楼南侧便民充电),116.847390,40.373600,白檀小区,13511025897,汽车服务;充电站;充电站,011100,北京市,北京市,密云区,[],[],充电站,密云区
B0KR5LO7BN,蔚景云汽车充电站(北京密云绿地花都南区B2-063),116.837040,40.382797,果园街道绿地·国际花都南区,4006803880,汽车服务;充电站;充电站,011100,北京市,北京市,密云区,密云县县城,[],充电站,密云区
B0KBY1B6BH,蔚景云汽车充电站(北京联东U谷密云科技园充电站),116.811340,40.357235,果园街道联东U谷(密云科技园),4006803880,汽车服务;充电站;充电站,011100,北京市,北京市,密云区,[],[],充电站,密云区
B0I1O5BI31,蔚来换电站G45大广高速密云服务区,116.935026,40.397736,密云服务区,[],汽车服务;换电站;换电站,011101,北京市,北京市,密云区,[],[],充电站,密云区
B0HKVU4X1A,蔚来换电站S11京承高速太师屯服务区北京方向,117.154206,40.561128,京承高速太师屯服务区(进京方向),[],汽车服务;换电站;换电站,011101,北京市,北京市,密云区,[],[],充电站,密云区
B0H0YCHN5R,蔚来能源目的地充电站(北京日光山谷),116.925809,40.441407,北京转角2号独栋别墅(黑大路店),[],汽车服务;充电站;充电站,011100,北京市,北京市,密云区,[],[],充电站,密云区
B0M6VDJBB2,蔚来能源超级充电站(北京方向S11京承高速太师屯服务区),117.154305,40.561250,中国石化太师屯北加油站西北,[],汽车服务;充电站;充电站,011100,北京市,北京市,密云区,[],[],充电站,密云区
B0JKCYMYTA,蔚来能源超级充电站(北京首创大酒店),116.861396,40.368141,新东路华远市场东北侧约100米地面停车场,[],汽车服务;充电站;充电站,011100,北京市,北京市,密云区,[],[],充电站,密云区
B0JUJBPJ2W,蔚来能源超级充电站(承德方向S11京承高速太师屯服务区),117.155180,40.558315,太师屯服务区,[],汽车服务;充电站;充电站,011100,北京市,北京市,密云区,[],[],充电站,密云区
B0KRB5LEOA,闪象智充汽车充电站(森泓新能源),117.168029,40.587510,北京森泓能源有限公司东侧140米,13911587391,汽车服务;充电站;充电站,011100,北京市,北京市,密云区,[],[],充电站,密云区
B0LB6PUFSX,驴充充汽车充电站(保利花园A区),116.862880,40.372547,正阳一街三条7号保利花园A区,0797-966991,汽车服务;充电站;充电站,011100,北京市,北京市,密云区,[],[],充电站,密云区
B0MDUNYOGF,驴充充汽车充电站(大星发超市南侧20米),116.811790,40.368813,十里堡镇双季路大星发超市(兴盛北路店),0797-966991,汽车服务;充电站;充电站,011100,北京市,北京市,密云区,[],[],充电站,密云区
B0LAYZZ6BT,驴充充汽车充电站(太师屯村后街33),117.120595,40.542121,太师屯村后街33号太师屯镇中心小学西464米,0797-966991,汽车服务;充电站;充电站,011100,北京市,北京市,密云区,[],[],充电站,密云区
B0MDAN0TME,驴充充汽车充电站(新城子镇归璞南山私汤民宿充电站),117.328580,40.589752,新城子镇大树洼村南梁甲11号北京归璞南山私汤民宿,0797-966991,汽车服务;充电站;充电站,011100,北京市,北京市,密云区,[],[],充电站,密云区
B0MBNBRV29,驴充充汽车充电站(梁双木业开发公司南281米),117.119823,40.543237,太师屯镇太师屯村后街261号大星发超市,0797-966991,汽车服务;充电站;充电站,011100,北京市,北京市,密云区,[],[],充电站,密云区
B0J0CHCPYE,驴充充汽车充电站(石桥西区内石桥西区幼儿园附近39米),116.867095,40.383348,"城后东街石桥(西区)内,石桥西区幼儿园附近37米",0797-966991,汽车服务;充电站;充电站,011100,北京市,北京市,密云区,[],[],充电站,密云区
B0IKUP1T11,驴充充汽车充电站(蔡家洼小区),116.893610,40.372116,宁菜路密云区蔡家洼小区(宁菜路西),0797-966991,汽车服务;充电站;充电站,011100,北京市,北京市,密云区,[],[],充电站,密云区
B0LUOPG21O,驴充充汽车充电站(超快充好诺维多正汽车充电站),116.853790,40.371292,新南路63号密云钻石公寓,18514766778,汽车服务;充电站;充电站,011100,北京市,北京市,密云区,[],[],充电站,密云区
B0LU2PR1K5,驴充充汽车充电站(超快充好诺维建材汽车充电站),116.845240,40.364410,区阳光街689-20好诺维建材家居,18514766778,汽车服务;充电站;充电站,011100,北京市,北京市,密云区,密云县县城,[],充电站,密云区
B0JKB5KK0V,麓秀小区北侧汽车充电站,116.845897,40.475155,环南线与金溪路交叉口东北140米,18501029700,汽车服务;充电站;充电站,011100,北京市,北京市,密云区,密云水库,[],充电站,密云区
B0MGUYAUW2,Dukk的共享充电桩,116.987416,40.161214,杨家桥路27号,18810187833,汽车服务;充电站;充电站,011100,北京市,北京市,平谷区,[],[],充电站,平谷区
B0LDVR6P6S,万德福小区汽车充电站,117.094998,40.147924,顺平路77号,[],汽车服务;充电站;充电站,011100,北京市,北京市,平谷区,[],[],充电站,平谷区
B0M6JUDWUO,云快充充电站(陆峰达客运),117.127625,40.163825,兴谷西路与平谷北街交叉口东北180米,[],汽车服务;充电站;充电站,011100,北京市,北京市,平谷区,兴谷,[],充电站,平谷区
B0LUAXPA7G,云快充汽车充电站(万家瑞药业),117.140210,40.176800,兴谷东路4号院,4008288517,汽车服务;充电站;充电站,011100,北京市,北京市,平谷区,[],[],充电站,平谷区
B0KRPKEN0E,云快充汽车充电站(北京市平谷区夏各庄直流充电站),117.179825,40.123500,夏各庄新城前营南小区门前停车场,4008288517,汽车服务;充电站;充电站,011100,北京市,北京市,平谷区,[],[],充电站,平谷区
B0KA2HEVM1,云快充汽车充电站(北京市平谷区平翔东园新能源汽车充电站),117.126986,40.153458,平翔东园广源居饭店西侧停车场,4008288517,汽车服务;充电站;充电站,011100,北京市,北京市,平谷区,兴谷,[],充电站,平谷区
B0KB4L431V,云快充汽车充电站(北方华创平谷充电站),116.992000,40.039750,北京北方华创半导体装备有限公司内部地面停车场,4008288517,汽车服务;充电站;充电站,011100,北京市,北京市,平谷区,[],[],充电站,平谷区
B0MDDLPN53,云快充汽车充电站(好易充北京金山观景充电站),117.048460,40.242355,金山观景,4008288517,汽车服务;充电站;充电站,011100,北京市,北京市,平谷区,[],[],充电站,平谷区
B0I2AKIC10,云快充汽车充电站(平谷京东大溶洞),117.254917,40.212831,黑豆峪中路与北山路交叉口北140米,[],汽车服务;充电站;充电站,011100,北京市,北京市,平谷区,[],[],充电站,平谷区
B0L6YOUVH7,云快充汽车充电站(平谷电影院充电站),117.122550,40.140920,平谷影剧院停车场,4008288517,汽车服务;充电站;充电站,011100,北京市,北京市,平谷区,平谷城区,[],充电站,平谷区
B0HG7CJVAE,云快充汽车充电站(普洛斯北京平谷物流园),117.022950,40.091633,马坊规划六路东150米普洛斯平谷物流园,4008288517,汽车服务;充电站;充电站,011100,北京市,北京市,平谷区,[],[],充电站,平谷区
B0K2K7ZA56,云快充汽车充电站(瑞丰商务酒店),117.111703,40.165208,平程路与平瑞街交叉口东南120米,010-69963105,汽车服务;充电站;充电站,011100,北京市,北京市,平谷区,兴谷,[],充电站,平谷区
B0K0J69GGS,云快充汽车充电站(马坊开发区西区一志汽车充电站),117.000565,40.040035,马坊工业开发区西区一志汽车东侧公共地面停车场,4008288517,汽车服务;充电站;充电站,011100,北京市,北京市,平谷区,[],[],充电站,平谷区
B0L0HNP3R1,云快充汽车充电站(马昌营镇政府公共充电站),117.022033,40.134338,马昌营镇政府东门外停车场,4008288517,汽车服务;充电站;充电站,011100,北京市,北京市,平谷区,马昌营,[],充电站,平谷区
B0LRKSHC6W,云快充目的地充电站(中石化龙禹山东庄镇政府充电站),117.158069,40.187962,山东庄镇政府,4008288517,汽车服务;充电站;充电站,011100,北京市,北京市,平谷区,[],[],充电站,平谷区
B0L1LBCRED,云快充目的地充电站(云来电南山美庐民宿充电站),117.266980,40.129147,南独乐河南山村东罗庄21号院,4008288517,汽车服务;充电站;充电站,011100,北京市,北京市,平谷区,[],[],充电站,平谷区
B0J34KJFQI,云快充目的地充电站(云来电瓦官头卫生室充电站),117.067690,40.311543,大华山镇瓦官头村卫生室停车场,4008288517,汽车服务;充电站;充电站,011100,北京市,北京市,平谷区,[],[],充电站,平谷区
B0M6D574GW,云快充目的地充电站(利嘉充电站平谷区大华山镇西峪村站),117.121590,40.140804,府前大街与平中东巷交叉口西北60米,4008288517,汽车服务;充电站;充电站,011100,北京市,北京市,平谷区,[],[],充电站,平谷区
B0KRPK1KZO,云快充目的地充电站(北京市平谷区夏各庄充电站),117.179830,40.123500,夏各庄新城前营南小区门前停车场,4008288517,汽车服务;充电站;充电站,011100,北京市,北京市,平谷区,[],[],充电站,平谷区
B0LDHSN5XX,云快充目的地充电站(平谷区龙家务村委会北充电站),117.158896,40.141085,夏各庄镇龙家务村委会北侧,4008288517,汽车服务;充电站;充电站,011100,北京市,北京市,平谷区,[],[],充电站,平谷区
B0MA6ULAJ4,云快充目的地充电站(胡家营共享充电站),117.020676,40.211930,北京市峪胡路平谷区峪口镇胡家营,13601118471;4008288517,汽车服务;充电站;充电站,011100,北京市,北京市,平谷区,[],[],充电站,平谷区
B0LKJ60CFQ,云快充超级充电站(马坊首城汇景湾公共充电站),117.005110,40.061848,马坊镇梨羊路56号楼东侧,4008288517,汽车服务;充电站;充电站,011100,北京市,北京市,平谷区,[],[],充电站,平谷区
B0LANUXJH1,优速充汽车充电站(平谷和美购物广场),117.110350,40.142796,北京市平谷区滨河街道文化北街7号和美购物广场停车场内南侧,13311542002,汽车服务;充电站;充电站,011100,北京市,北京市,平谷区,[],[],充电站,平谷区
B0KRDGK75B,依威能源汽车充电站(当代旭辉墅),117.077350,40.159630,北京市大兴庄镇古槐路117号,4001800910,汽车服务;充电站;充电站,011100,北京市,北京市,平谷区,[],[],充电站,平谷区
B0FFL6BV0U,依威能源汽车充电站(第一服务旭辉墅),117.076716,40.159498,大兴庄镇古槐路95号地面停车场109,4001800910,汽车服务;充电站;充电站,011100,北京市,北京市,平谷区,[],[],充电站,平谷区
B0J0UKQ4XD,依威能源汽车充电站(联东U谷平谷科技园A1),117.129450,40.176083,联东U谷·北京平谷科技园停车场,4001800910,汽车服务;充电站;充电站,011100,北京市,北京市,平谷区,[],[],充电站,平谷区
B0LUMH5H3E,依威能源汽车充电站(联东U谷平谷科技园A2),117.129940,40.176200,联东U谷·北京平谷科技园停车场,4001800910,汽车服务;充电站;充电站,011100,北京市,北京市,平谷区,[],[],充电站,平谷区
B0KRR6NXNS,依威能源汽车充电站(联东U谷平谷科技园B1),117.125150,40.176155,联东U谷·北京平谷科技园停车场,4001800910,汽车服务;充电站;充电站,011100,北京市,北京市,平谷区,[],[],充电站,平谷区
B0JAX521UV,依威能源汽车充电站(联东U谷平谷科技园B2),117.125260,40.176147,联东U谷·北京平谷科技园停车场,4001800910,汽车服务;充电站;充电站,011100,北京市,北京市,平谷区,[],[],充电站,平谷区
B0JAX54TVW,依威能源汽车充电站(联东U谷平谷科技园C),117.124680,40.175976,联东U谷·北京平谷科技园停车场,4001800910,汽车服务;充电站;充电站,011100,北京市,北京市,平谷区,[],[],充电站,平谷区
B0L3U4GMFE,利嘉新能源汽车充电站,117.118775,40.164275,谷丰东路与平瑞街交叉口南220米,[],汽车服务;充电站;充电站,011100,北京市,北京市,平谷区,兴谷,[],充电站,平谷区
B0L3SN1G0M,利嘉智充充电站(平谷京东大溶洞充电站),117.254986,40.212705,黑豆峪中路与北山路交叉口北120米,[],汽车服务;充电站;充电站,011100,北京市,北京市,平谷区,[],[],充电站,平谷区
B0MBFD6DDZ,利嘉智充充电站(平谷区岳协医院充电站),117.101634,40.140698,府前西街与新平西路交叉口东180米,[],汽车服务;充电站;充电站,011100,北京市,北京市,平谷区,[],[],充电站,平谷区
B0MG3C9MAU,利嘉智充平谷区金海湖景区站,117.300359,40.180180,海子中路14号,[],汽车服务;充电站;充电站,011100,北京市,北京市,平谷区,[],[],充电站,平谷区
B0J1Y6FJAU,利嘉智充汽车充电站(平谷金海湖碧波花园岛),117.333932,40.168171,"凯湖路金海湖景区内,微澜山谷金海湖营地西492米",[],汽车服务;充电站;充电站,011100,北京市,北京市,平谷区,[],[],充电站,平谷区
B0K0KMDY94,利嘉汽车充电站(利嘉充电站平谷区怡馨家园充电站),117.114545,40.143266,金乡路52号,4008885008,汽车服务;充电站;充电站,011100,北京市,北京市,平谷区,[],[],充电站,平谷区
B0M6YURGWN,利嘉汽车充电站(利嘉充电站齐各庄超充站),117.111755,40.159554,兴谷街道罗庄兔肉丸子,4001100835,汽车服务;充电站;充电站,011100,北京市,北京市,平谷区,王辛庄村,[],充电站,平谷区
B0MDTRDSC6,北京静态交通平谷府前街充电站,117.113134,40.140367,府前街29号,18514513383,汽车服务;充电站;充电站,011100,北京市,北京市,平谷区,[],[],充电站,平谷区
B0L03RDRDW,卡泰驰充电站(北大市场充电站),117.115605,40.145890,新平北路与农贸街交叉口东140米,[],汽车服务;充电站;充电站,011100,北京市,北京市,平谷区,兴谷,[],充电站,平谷区
B0KG6NUVIM,卡泰驰汽车充电站(府前街7号楼),117.104570,40.140430,府前街7号楼,13311266042;4006876996,汽车服务;充电站;充电站,011100,北京市,北京市,平谷区,[],[],充电站,平谷区
B0MBX6Y83W,卡泰驰汽车充电站(府前街7号楼),117.104570,40.140430,府前西街与大龙环岛交叉口西80米,[],汽车服务;充电站;充电站,011100,北京市,北京市,平谷区,[],[],充电站,平谷区
B0KDZNI40I,卡泰驰汽车充电站(钨丝邦创意工厂),117.096245,40.146684,西环路与迎宾环岛交叉口北60米,[],汽车服务;充电站;充电站,011100,北京市,北京市,平谷区,[],[],充电站,平谷区
B0L6K95IVW,卫莱电汽车充电站(北京农商银行平谷支行充电站对内使用),117.119026,40.146700,平乐街8号院1幢等4幢,18601301670,汽车服务;充电站;充电站,011100,北京市,北京市,平谷区,兴谷,[],充电站,平谷区
B0LKPBY8S0,卫莱电汽车充电站(小鱼阳便民充电站),117.108860,40.154037,兴谷街道谷丰路98号院原气象局院内东南方向90米,15210123421,汽车服务;充电站;充电站,011100,北京市,北京市,平谷区,王辛庄村,[],充电站,平谷区
B0L2HN9RGD,卫莱电汽车充电站(平谷峰台51号院充电站),117.197130,40.170013,南独乐河镇同乐路208号,13522677555,汽车服务;充电站;充电站,011100,北京市,北京市,平谷区,[],[],充电站,平谷区
B0KDO6Y93E,卫莱电汽车充电站(金谷家具城汽车充电站),117.135510,40.152195,金谷家具城太和东园北街3号,18601301670,汽车服务;充电站;充电站,011100,北京市,北京市,平谷区,兴谷,[],充电站,平谷区
B0LRONWD9S,卫莱电汽车充电站(魏太务充电站),117.189730,40.139088,马魏路,18601301670,汽车服务;充电站;充电站,011100,北京市,北京市,平谷区,[],[],充电站,平谷区
B0FFL19SC1,国家电网充电站(北京市平谷区天子谷一线天景区公共充电站),117.226691,40.325541,镇罗营镇天子谷一线天景区停车场,[],汽车服务;充电站;充电站,011100,北京市,北京市,平谷区,玻璃台,[],充电站,平谷区
B0FFHVF8QG,国家电网充电站(大华山电机厂),117.070816,40.276443,大华山公安局对面,[],汽车服务;充电站;充电站,011100,北京市,北京市,平谷区,[],[],充电站,平谷区
B0FFI1ZTD5,国家电网充电站(平谷供电公司),117.096627,40.135286,西环路-道路停车位,18601376118,汽车服务;充电站;充电站,011100,北京市,北京市,平谷区,[],[],充电站,平谷区
B0FFMAVWER,国家电网充电站(马坊镇政府),117.012686,40.061161,马坊镇政府院内停车场,18601376118,汽车服务;充电站;充电站,011100,北京市,北京市,平谷区,[],[],充电站,平谷区
B0FFHVF8QI,国家电网汽车充电站(北京市平谷区丛海逸园),117.026592,40.256486,大华山镇小峪子村丛海逸园景区停车场,[],汽车服务;充电站;充电站,011100,北京市,北京市,平谷区,[],[],充电站,平谷区
B0FFL35FFN,国家电网汽车充电站(北京市平谷区东四道岭村充电站),117.140659,40.321581,镇罗营镇东四道岭村西侧停车场,[],汽车服务;充电站;充电站,011100,北京市,北京市,平谷区,[],[],充电站,平谷区
B0JRYK7L5Y,国家电网汽车充电站(北京市平谷区东寺渠市场公共充电站),117.124131,40.126329,城南路30号东寺渠批发市场停车场,18601376118,汽车服务;充电站;充电站,011100,北京市,北京市,平谷区,[],[],充电站,平谷区
B0FFI0YO67,国家电网汽车充电站(北京市平谷区东高村公共充电站),117.113676,40.102970,东高村镇兴业路55号,[],汽车服务;充电站;充电站,011100,北京市,北京市,平谷区,[],[],充电站,平谷区
B0FFLC1JWW,国家电网汽车充电站(北京市平谷区乐政务乡斋各庄村北充电站),117.033370,40.233222,平谷区殡仪馆院内东侧停车场,[],汽车服务;充电站;充电站,011100,北京市,北京市,平谷区,[],[],充电站,平谷区
B0K6TNOWO8,国家电网汽车充电站(北京市平谷区京东石林峡景区公共充电站),117.259620,40.272170,京东石林峡旅游区东停车场东侧(刁窝北478米),18601376118,汽车服务;充电站;充电站,011100,北京市,北京市,平谷区,[],[],充电站,平谷区
B0FFHXNDRU,国家电网汽车充电站(北京市平谷区兴旺开闭站公共充电站),117.139610,40.178772,兴旺开闭站停车场,[],汽车服务;充电站;充电站,011100,北京市,北京市,平谷区,[],[],充电站,平谷区
B0FFL37560,国家电网汽车充电站(北京市平谷区前台头村公共充电站),117.084867,40.104136,东高村镇前台头村地面停车场,[],汽车服务;充电站;充电站,011100,北京市,北京市,平谷区,[],[],充电站,平谷区
B0FFL83JZT,国家电网汽车充电站(北京市平谷区北京渔阳国际滑雪场充电站),117.146648,40.080940,北京渔阳国际滑雪场滑雪场路南4号停车场,[],汽车服务;充电站;充电站,011100,北京市,北京市,平谷区,[],[],充电站,平谷区
B0GU51V0SS,国家电网汽车充电站(北京市平谷区北张岱村充电站),117.049880,40.097510,东高村镇北张岱村北张岱路与北张岱中路交叉口北侧公共停车场,[],汽车服务;充电站;充电站,011100,北京市,北京市,平谷区,[],[],充电站,平谷区
B0FFKCW9SF,国家电网汽车充电站(北京市平谷区华晨金鼎4S店公共充电站),117.109860,40.155580,谷峰路98号院华晨金鼎汽车销售服务有限公司,[],汽车服务;充电站;充电站,011100,北京市,北京市,平谷区,王辛庄村,[],充电站,平谷区
B0G3VMCT6Z,国家电网汽车充电站(北京市平谷区南张岱村充电站),117.035280,40.081400,东高村镇南张岱村委会停车场内,[],汽车服务;充电站;充电站,011100,北京市,北京市,平谷区,[],[],充电站,平谷区
B0FFIMX4X8,国家电网汽车充电站(北京市平谷区国泰公共充电站),117.111438,40.140653,文化北街13号国泰百货平谷店地面停车场047,[],汽车服务;充电站;充电站,011100,北京市,北京市,平谷区,平谷城区,[],充电站,平谷区
B0FFHXNDTV,国家电网汽车充电站(北京市平谷区城北水乡公共充电站),117.081769,40.180773,王辛庄镇放光东路3号,[],汽车服务;充电站;充电站,011100,北京市,北京市,平谷区,[],[],充电站,平谷区
B0LUAKHF3J,国家电网汽车充电站(北京市平谷区夏各庄供电所公共充电站),117.174940,40.129680,夏各庄镇夏贤路与S32京平高速交叉口东南100米,18601376118,汽车服务;充电站;充电站,011100,北京市,北京市,平谷区,[],[],充电站,平谷区
B0FFK860D4,国家电网汽车充电站(北京市平谷区夏各庄桃园仙居民俗饭店公共充电站),117.198449,40.145592,纪太务大北街185号桃园仙居民俗饭店地面停车场,[],汽车服务;充电站;充电站,011100,北京市,北京市,平谷区,[],[],充电站,平谷区
B0FFKZH35N,国家电网汽车充电站(北京市平谷区大东沟村充电站),117.278973,40.220579,大东沟村委会北侧公共停车场,[],汽车服务;充电站;充电站,011100,北京市,北京市,平谷区,[],[],充电站,平谷区
B0FFK8ESOU,国家电网汽车充电站(北京市平谷区大兴庄镇政府公共充电站),117.042250,40.145447,顺福街81号大兴庄镇政府南侧地面停车场,18601376118,汽车服务;充电站;充电站,011100,北京市,北京市,平谷区,[],[],充电站,平谷区
B0FFHVF8QH,国家电网汽车充电站(北京市平谷区大华山镇挂甲峪村公共充电站),117.108188,40.260883,挂甲峪村停车场,[],汽车服务;充电站;充电站,011100,北京市,北京市,平谷区,[],[],充电站,平谷区
B0FFI0YO9W,国家电网汽车充电站(北京市平谷区实利德公司公共充电站),117.015771,40.239453,实利德机电公司院内停车场,[],汽车服务;充电站;充电站,011100,北京市,北京市,平谷区,[],[],充电站,平谷区
B0IKT9M8C1,国家电网汽车充电站(北京市平谷区山东庄镇敬老院南),117.158319,40.183815,山东庄镇小北关东环路4号(南大街2号),[],汽车服务;充电站;充电站,011100,北京市,北京市,平谷区,[],[],充电站,平谷区
B0HK3CRNRY,国家电网汽车充电站(北京市平谷区峪口),117.007383,40.183971,峪口镇政府西,[],汽车服务;充电站;充电站,011100,北京市,北京市,平谷区,[],[],充电站,平谷区
B0LBNDMQD5,国家电网汽车充电站(北京市平谷区峪口新村东区公共充电站),117.016075,40.186768,密三路峪口新村小区东区,[],汽车服务;充电站;充电站,011100,北京市,北京市,平谷区,峪口,[],充电站,平谷区
B0FFHVF8QD,国家电网汽车充电站(北京市平谷区峪口杨家桥村公共充电站),116.986170,40.155186,峪口杨家桥村公共充电点,[],汽车服务;充电站;充电站,011100,北京市,北京市,平谷区,[],[],充电站,平谷区
B0FFL1AF87,国家电网汽车充电站(北京市平谷区峪口禽业孵化场充电站),117.022135,40.154150,峪口禽业孵化场内部地面停车场,[],汽车服务;充电站;充电站,011100,北京市,北京市,平谷区,[],[],充电站,平谷区
B0GU51WAZ7,国家电网汽车充电站(北京市平谷区峪口镇中侨村公共充电站),117.041332,40.177588,峪口镇中桥村北侧广场,[],汽车服务;充电站;充电站,011100,北京市,北京市,平谷区,[],[],充电站,平谷区
B0L1GMAEVI,国家电网汽车充电站(北京市平谷区峪口镇政府公共充电站),117.007965,40.183933,利源祥市政公共快充站,18601376118,汽车服务;充电站;充电站,011100,北京市,北京市,平谷区,[],[],充电站,平谷区
B0G24KCYIO,国家电网汽车充电站(北京市平谷区平谷体育中心),117.076871,40.146003,平谷区体育中心西路东地面停车场,[],汽车服务;充电站;充电站,011100,北京市,北京市,平谷区,[],[],充电站,平谷区
B0LKTCXCIJ,国家电网汽车充电站(北京市平谷区平谷体育中心公共充电站),117.077040,40.146217,平谷区体育中心西侧,18601376118,汽车服务;充电站;充电站,011100,北京市,北京市,平谷区,[],[],充电站,平谷区
B0GU51U02J,国家电网汽车充电站(北京市平谷区张岱辛撞村充电站),117.043175,40.092106,东高村镇张岱辛撞村委会停车场内,18601376118,汽车服务;充电站;充电站,011100,北京市,北京市,平谷区,[],[],充电站,平谷区
B0G04R8C8G,国家电网汽车充电站(北京市平谷区新城滨河森林公园北侧公共充电站),117.111160,40.130240,平谷新城滨河森林公园停车场,[],汽车服务;充电站;充电站,011100,北京市,北京市,平谷区,[],[],充电站,平谷区
B0HGUKC2YI,国家电网汽车充电站(北京市平谷区新城滨河森林公园南侧公共充电站),117.107635,40.121746,东高村镇前台头村公共停车场,[],汽车服务;充电站;充电站,011100,北京市,北京市,平谷区,[],[],充电站,平谷区
B0GRDUI59K,国家电网汽车充电站(北京市平谷区星宇昊家具城公共充电站),117.022126,40.135708,星宇昊公司马昌营地面停车场,18601376118,汽车服务;充电站;充电站,011100,北京市,北京市,平谷区,马昌营,[],充电站,平谷区
B0FFI0YO9R,国家电网汽车充电站(北京市平谷区欣江峰建材公共充电站)(内部专用),117.097120,40.078545,欣江峰建材公司院内停车场,[],汽车服务;充电站;充电站,011100,北京市,北京市,平谷区,[],[],充电站,平谷区
B0FFHRJ7C4,国家电网汽车充电站(北京市平谷区湖洞水景区公共充电站),117.252626,40.265871,平谷区黄松峪野生植物园对面,[],汽车服务;充电站;充电站,011100,北京市,北京市,平谷区,[],[],充电站,平谷区
B0FFL18P2F,国家电网汽车充电站(北京市平谷区熊儿寨老泉公园公共充电站),117.133817,40.299084,熊儿寨乡老泉公园停车场,[],汽车服务;充电站;充电站,011100,北京市,北京市,平谷区,[],[],充电站,平谷区
B0FFI0YO6B,国家电网汽车充电站(北京市平谷区金海湖镇政府公共充电站),117.267286,40.179271,韩庄南街111号地面停车场,[],汽车服务;充电站;充电站,011100,北京市,北京市,平谷区,[],[],充电站,平谷区
B0FFL4RWQ6,国家电网汽车充电站(北京市平谷区首创悦洳汇小区充电站),117.078374,40.155403,大兴庄镇首创悦洳汇小区院内南侧停车场,[],汽车服务;充电站;充电站,011100,北京市,北京市,平谷区,[],[],充电站,平谷区
B0FFHNSYAN,国家电网汽车充电站(北京市平谷区马坊),117.019508,40.047259,马坊供电所东侧,[],汽车服务;充电站;充电站,011100,北京市,北京市,平谷区,[],[],充电站,平谷区
B0FFL9BV9L,国家电网汽车充电站(北京市平谷区马坊开发区东区充电站),117.011874,40.042356,马坊开发东区永丰余家纸公司南侧公共地面停车场,[],汽车服务;充电站;充电站,011100,北京市,北京市,平谷区,[],[],充电站,平谷区
B0FFLALXCQ,国家电网汽车充电站(北京市平谷区马坊开发区西区充电站),117.000515,40.041095,马坊开发西区真金昌汽车科技公司东侧公共地面停车场,[],汽车服务;充电站;充电站,011100,北京市,北京市,平谷区,[],[],充电站,平谷区
B0FFL8482X,国家电网汽车充电站(北京市平谷区马坊镇首城汇景湾公共充电站),117.004908,40.062050,马坊镇梨首城汇景湾东侧地面停车场,[],汽车服务;充电站;充电站,011100,北京市,北京市,平谷区,[],[],充电站,平谷区
B0FFHIWFM4,国家电网汽车充电站(北京市平谷区马昌营),117.016293,40.117318,马昌营镇海子村东,18601376118,汽车服务;充电站;充电站,011100,北京市,北京市,平谷区,马昌营,[],充电站,平谷区
B0FFHVF8QK,国家电网汽车充电站(北京市平谷区马昌营昌盛机械厂公共充电站),117.003428,40.120289,昌盛机械厂(马昌营小学东),[],汽车服务;充电站;充电站,011100,北京市,北京市,平谷区,马昌营,[],充电站,平谷区
B0FFLC1DHT,国家电网汽车充电站(北京市平谷区黑水湾桃花大舞台公共充电站),117.300415,40.217130,黑水湾桃花大舞台停车场内,[],汽车服务;充电站;充电站,011100,北京市,北京市,平谷区,[],[],充电站,平谷区
B0FFI2O9EP,国家电网汽车充电站(夏各庄东桥),117.202357,40.134437,京平高速南太务收费站出口地面停车场,18601376118,汽车服务;充电站;充电站,011100,北京市,北京市,平谷区,[],[],充电站,平谷区
B0FFG4PUWI,国家电网汽车充电站(平谷交通局),117.107797,40.145923,新平北路55号,18601376118,汽车服务;充电站;充电站,011100,北京市,北京市,平谷区,王辛庄村,[],充电站,平谷区
B0FFH83AWF,国家电网汽车充电站(平谷大街),117.121507,40.157984,大街平房原家具城停车场(临近九九之家宾馆),[],汽车服务;充电站;充电站,011100,北京市,北京市,平谷区,兴谷,[],充电站,平谷区
B0FFG968SB,国家电网汽车充电站(平谷金海湖供电所),117.263368,40.180881,胡靠路金海湖坝前广场停车场,18601376118,汽车服务;充电站;充电站,011100,北京市,北京市,平谷区,[],[],充电站,平谷区
B0FFJ9XNQN,国家电网汽车充电站(起亚中德兴旺4S店),117.074121,40.145636,起亚汽车4S店停车场,18601376118,汽车服务;充电站;充电站,011100,北京市,北京市,平谷区,[],[],充电站,平谷区
B0IG1CG5FI,国家电网汽车充电站(镇罗营村民委员会),117.150790,40.345177,文化广场内(东侧),[],汽车服务;充电站;充电站,011100,北京市,北京市,平谷区,[],[],充电站,平谷区
B0L6KHHV17,奥动换电(平谷东高村站),117.118157,40.104984,东夏路与平三路交叉口东320米,[],汽车服务;充电站;充电站,011100,北京市,北京市,平谷区,[],[],充电站,平谷区
B0LR66FXP0,小鹏超级充电站(小鹏S4超快充北京平谷南环路站),117.092600,40.130547,平谷镇泃河西路6号维达北方纸业(北京)有限公司,4007836688,汽车服务;充电站;充电站,011100,北京市,北京市,平谷区,[],[],充电站,平谷区
B0LD1UI98S,小麦电站汽车充电站(紫贵御园小区-南区地下车库-37号),117.024910,40.140938,南定福东路180号,010-53654350,汽车服务;充电站;充电站,011100,北京市,北京市,平谷区,马昌营,[],充电站,平谷区
B0FFHJJ8Q2,平方原家具城充电站,117.122674,40.156904,平翔路46号,4000610999,汽车服务;充电站;充电站,011100,北京市,北京市,平谷区,兴谷,[],充电站,平谷区
B0FFHVEDFN,平谷区交通局驾校充电站,117.111663,40.154403,平谷南街交通局驾校院内,[],汽车服务;充电站;充电站,011100,北京市,北京市,平谷区,王辛庄村,[],充电站,平谷区
B0I0HLUIT5,开迈斯汽车充电站(北京市金海湖国际会展中心站),117.295282,40.185349,金海湖镇金海湖国际会展中心,4006657666,汽车服务;充电站;充电站,011100,北京市,北京市,平谷区,金海湖,[],充电站,平谷区
B0M6D57IMY,快电(天蝎座卫星超能舱北京中信金陵酒店),117.115125,40.318775,上季路与上镇路交叉口西300米,[],汽车服务;充电站;充电站,011100,北京市,北京市,平谷区,[],[],充电站,平谷区
B0KULBZRNT,捷顺充汽车充电站(梧桐浅山嘉园),117.183090,40.125990,夏各庄镇中国铁建梧桐浅山,4007005305,汽车服务;充电站;充电站,011100,北京市,北京市,平谷区,[],[],充电站,平谷区
B0LRS62JRG,新电途汽车充电站(利嘉充电站(平谷区齐各庄快充站)),117.111515,40.159343,星光市集停车场,4001100835,汽车服务;充电站;充电站,011100,北京市,北京市,平谷区,兴谷,[],充电站,平谷区
B0LAJYOVPS,新电途汽车充电站(平谷区速来航宇街充电站),117.092880,40.130466,航宇街14号,4001100835,汽车服务;充电站;充电站,011100,北京市,北京市,平谷区,[],[],充电站,平谷区
B0KKFGJJ19,新电途汽车充电站(电莫愁锐E空间超级充电站),117.118034,40.158860,兴谷街道中关村软件园领昱锐E空间产业园,4001100835,汽车服务;充电站;充电站,011100,北京市,北京市,平谷区,王辛庄村,[],充电站,平谷区
B0M6DU7CNK,新电途汽车充电站(随手充北京天润香墅湾充电站),117.077820,40.143654,平谷镇天润·香墅湾1号东区,4006660886,汽车服务;充电站;充电站,011100,北京市,北京市,平谷区,[],[],充电站,平谷区
B0LGPGBP4V,昆仑网电汽车充电站(中国石油北京远升加油站充电站),117.105060,40.138220,林荫南街3号,956100,汽车服务;充电站;充电站,011100,北京市,北京市,平谷区,平谷城区,[],充电站,平谷区
B0KKN1AXOA,星星充电汽车充电站(平谷充电站),117.015920,40.040047,马坊工业园区397号,13716895969,汽车服务;充电站;充电站,011100,北京市,北京市,平谷区,[],[],充电站,平谷区
B0LK1PCC2U,星星充电汽车充电站(平谷大华山充电站),117.073990,40.275635,大华山镇平关路北京市平谷区大华山中心小学,13401031717,汽车服务;充电站;充电站,011100,北京市,北京市,平谷区,[],[],充电站,平谷区
B0JAMDHPMP,星星充电汽车充电站(星星充电-北京金海湖国际会展中心),117.294420,40.185251,金海湖镇北京金海湖国际会展中心,[],汽车服务;充电站;充电站,011100,北京市,北京市,平谷区,金海湖,[],充电站,平谷区
B0G3L7J59O,星星充电汽车充电站(星星充电-平谷-联东U谷平谷科技园充电站),117.125872,40.175421,平和街与平兴街交叉口东,4008280768,汽车服务;充电站;充电站,011100,北京市,北京市,平谷区,[],[],充电站,平谷区
B0KKU1KE2Y,星星充电汽车充电站(星星充电-平谷区建设西街速能超充1站),117.104195,40.137016,平谷镇博苑幼儿园东南(建设西街),13910904004,汽车服务;充电站;充电站,011100,北京市,北京市,平谷区,平谷城区,[],充电站,平谷区
B0L3LUQ3GI,星星充电汽车充电站(星星充电-平谷区建设西街速能超充2站),117.104155,40.136991,建设西街11号,13910904004,汽车服务;充电站;充电站,011100,北京市,北京市,平谷区,平谷城区,[],充电站,平谷区
B0MBAXB5A2,星星充电汽车充电站(星星充电-平谷大华山北公园充电站),117.074905,40.280590,大华山镇平关路,13401031717,汽车服务;充电站;充电站,011100,北京市,北京市,平谷区,[],[],充电站,平谷区
B0MBCSNW3Q,星星充电汽车充电站(星星充电-建设大厦内部充电站),117.112040,40.141130,滨河街道龙文教育(国泰校区)建设大厦,13401031717,汽车服务;充电站;充电站,011100,北京市,北京市,平谷区,[],[],充电站,平谷区
B0MBZLCURZ,星星充电汽车充电站(龙门服务区承德方向),117.204200,40.143300,承廊高速,18032917580,汽车服务;充电站;充电站,011100,北京市,北京市,平谷区,[],[],充电站,平谷区
B0L6XBSXPO,春宇智充汽车充电站(北京市平谷区烤局充电站),117.111500,40.150880,谷丰路与北环路交叉路口烤局儿烧烤涮自助,4009988722,汽车服务;充电站;充电站,011100,北京市,北京市,平谷区,王辛庄村,[],充电站,平谷区
B0L0TSASMQ,春雨充电站,117.106090,40.158804,校园路32号,[],汽车服务;充电站;充电站,011100,北京市,北京市,平谷区,王辛庄村,[],充电站,平谷区
B0MBAOAMHG,智停易充超级充电站(金海湖服务区·华为超充技术支持),117.253247,40.190089,金海湖镇,[],汽车服务;充电站;充电站,011100,北京市,北京市,平谷区,[],[],充电站,平谷区
B0MBBNVJTA,比亚迪闪充汽车充电站(比亚迪北京瑞鹏鸿达),117.113950,40.113117,东高村镇平三路比亚迪汽车王朝网,4000306666,汽车服务;充电站;充电站,011100,北京市,北京市,平谷区,[],[],充电站,平谷区
B0LUNA1AMP,汇景湾北区6号车位充电桩,117.002401,40.061615,梨羊路5号院,15910685911,汽车服务;充电站;充电站,011100,北京市,北京市,平谷区,[],[],充电站,平谷区
B0KAGAK903,汽车充电站,116.985346,40.165527,杨家桥路27号,18501010811,汽车服务;充电站;充电站,011100,北京市,北京市,平谷区,[],[],充电站,平谷区
B0KU9MCXRW,汽车充电站(充电桩咔咔电姆北京市平谷区蔳蔳垂钓园),117.059937,40.137052,顺平路1号,13701277285,汽车服务;充电站;充电站,011100,北京市,北京市,平谷区,[],[],充电站,平谷区
B0MUR7EN22,汽车充电站(公共站平谷电动车四期优易充小站),117.134070,40.155365,兴谷路66号,4001100835,汽车服务;充电站;充电站,011100,北京市,北京市,平谷区,兴谷,[],充电站,平谷区
B0LGBHYJXC,汽车充电站(平谷万达广场站),117.119285,40.160326,平谷大街39号,[],汽车服务;充电站;充电站,011100,北京市,北京市,平谷区,兴谷,[],充电站,平谷区
B0JKOMN5NB,汽车充电站(蔚来充电),117.002401,40.061615,金河北街与环马北街交叉口东南80米,[],汽车服务;充电站;充电站,011100,北京市,北京市,平谷区,[],[],充电站,平谷区
B0MBAOAMHF,汽车充电站(金海湖服务区),117.250794,40.193234,S3105承廊高速与金海湖服务区交叉口西北100米,[],汽车服务;充电站;充电站,011100,北京市,北京市,平谷区,[],[],充电站,平谷区
B0JR95LAB7,海尔汽车充电站(万德福小区),117.095330,40.148000,德福广场9号楼1层兴业银行前面地上停车场,13311266042;4006876996,汽车服务;充电站;充电站,011100,北京市,北京市,平谷区,[],[],充电站,平谷区
B0K2DND2U1,海尔汽车充电站(北大市场),117.115590,40.145935,新平北路43号北大市场停车场,13311266042;4006876996,汽车服务;充电站;充电站,011100,北京市,北京市,平谷区,兴谷,[],充电站,平谷区
B0LDO7435V,海尔汽车充电站(钨丝邦创意工厂),117.104740,40.146840,新平北路77号,13311266042;4006876996,汽车服务;充电站;充电站,011100,北京市,北京市,平谷区,王辛庄村,[],充电站,平谷区
B0LRLKL51I,润诚达充电站(上宅客运站),117.299188,40.186204,平蓟路与胡靠路支线交叉口西180米,[],汽车服务;充电站;充电站,011100,北京市,北京市,平谷区,[],[],充电站,平谷区
B0K1HGP3CL,滴滴充电充电站(平谷大街),117.114877,40.159083,平谷大街与谷丰路交叉口东320米,[],汽车服务;充电站;充电站,011100,北京市,北京市,平谷区,王辛庄村,[],充电站,平谷区
B0LKHOSBS4,滴滴充电充电站(联东U谷平谷科技园A1),117.124925,40.176025,平翔路与后罗庄北路交叉口东南240米,[],汽车服务;充电站;充电站,011100,北京市,北京市,平谷区,[],[],充电站,平谷区
B0LKH1SAPV,滴滴充电充电站(联东U谷平谷科技园A2),117.124675,40.175925,平翔路与后罗庄北路交叉口东南240米,[],汽车服务;充电站;充电站,011100,北京市,北京市,平谷区,[],[],充电站,平谷区
B0MBS4DZ95,滴滴充电汽车充电站(北京平谷锐E空间充电站),117.116295,40.160360,锐E空间产业园,4000610999,汽车服务;充电站;充电站,011100,北京市,北京市,平谷区,王辛庄村,[],充电站,平谷区
B0MDVNMFFK,滴滴充电汽车充电站(绿谷超充站怡馨家园充电站),117.112290,40.142956,滨河街道文化北街4-4号道路停车位,4000610999,汽车服务;充电站;充电站,011100,北京市,北京市,平谷区,[],[],充电站,平谷区
B0L0YN4V1F,特斯拉目的地充电站(北京壹隅千寻民宿-多品牌可用)(暂停营业),116.999703,40.103488,马昌营镇王各庄东大寺西街291号,4009100707,汽车服务;充电站;充电站,011100,北京市,北京市,平谷区,[],[],充电站,平谷区
B0JKUHGZS4,特斯拉目的地充电站(北京平谷万达锦华酒店目的地充电站),117.082000,40.146435,体育中心西路3号院3号楼地面停车场,4009100707,汽车服务;充电站;充电站,011100,北京市,北京市,平谷区,[],[],充电站,平谷区
B0L2SG5248,特斯拉超级充电站(北京平谷万达广场),117.119300,40.160404,兴古街道丰东路31号院平谷万达广场地上车位/入口谷丰东路,4009100707,汽车服务;充电站;充电站,011100,北京市,北京市,平谷区,兴谷,[],充电站,平谷区
B0J2478SDS,特斯拉超级充电站(北京平谷云间coffee)(暂停营业),117.200040,40.112587,夏各庄镇夏各庄内环南路99号院1号-(南山路云间COFFEE)地上停车场,[],汽车服务;充电站;充电站,011100,北京市,北京市,平谷区,[],[],充电站,平谷区
B0I1NS5X5R,特斯拉超级充电站(平谷万德福广场),117.091514,40.147165,迎宾街1号院19号楼地下B1停车场BHGMall华联购物中心路西,[],汽车服务;充电站;专用充电站,011103,北京市,北京市,平谷区,[],[],充电站,平谷区
B0HK34LHRK,特来电充电站(北京华联商厦BHG平谷店),117.093129,40.146188,渔阳地区办事处迎宾街1号院22号楼北京华联BHG Mall(平谷店)地下停车场,4001300001,汽车服务;充电站;充电站,011100,北京市,北京市,平谷区,[],[],充电站,平谷区
B0KKN7617D,特来电汽车充电站(特来电马坊充电站),117.010990,40.073820,英府路12号停车场,4001300001,汽车服务;充电站;充电站,011100,北京市,北京市,平谷区,[],[],充电站,平谷区
B0LDODYQJQ,理想超级充电站(理想超充站北京锐E空间产业园),117.117854,40.161013,兴谷街道碰碰捌24小时自助台球锐E空间产业园,4006860400,汽车服务;充电站;充电站,011100,北京市,北京市,平谷区,兴谷,[],充电站,平谷区
B0L2SY5EZ6,电动汽车充电站(普洛斯东河路店),117.022931,40.090216,陆港北二街与陆港东一路交叉口西100米,[],汽车服务;充电站;充电站,011100,北京市,北京市,平谷区,[],[],充电站,平谷区
B0MARA46HO,绿行共享充电桩,116.991888,40.111026,"毛官营村委南街,十字路口东50米,路北",[],汽车服务;充电站;充电站,011100,北京市,北京市,平谷区,[],[],充电站,平谷区
B0MAGYY5RD,能效邻里共享汽车充电站(北京联东U谷平谷双创产业园),117.004910,40.044690,马坊镇金马北街55号院,18810888671,汽车服务;充电站;充电站,011100,北京市,北京市,平谷区,[],[],充电站,平谷区
B0LBS5FC3D,能效邻里共享汽车充电站(大旺务能效充电桩),117.118866,40.086384,"东高村镇大旺务村第四社区党支部,赵爱军百货商店对面,251号",15711189020,汽车服务;充电站;充电站,011100,北京市,北京市,平谷区,[],[],充电站,平谷区
B0LG25IWHT,能效邻里共享汽车充电站(王各庄能效充电桩),116.998470,40.108055,毛官营路与王各庄环路交叉口,15711189020,汽车服务;充电站;充电站,011100,北京市,北京市,平谷区,[],[],充电站,平谷区
B0MAGYYQ0Y,能效邻里共享汽车充电站(能效刘),116.998460,40.108020,老水塔停车场,18201035453,汽车服务;充电站;充电站,011100,北京市,北京市,平谷区,[],[],充电站,平谷区
B0I0S1IW4S,蔚景云汽车充电站(北京市平谷平旺街联东U谷充电站),117.133083,40.178302,王辛庄镇平旺街联东U谷(建设中),4006803880,汽车服务;充电站;充电站,011100,北京市,北京市,平谷区,[],[],充电站,平谷区
B0I3X17LUL,蔚景云汽车充电站(汇景湾6号院251车位),117.017589,40.063256,马坊镇金河北街6号首城汇景湾东区6号院251车位,18500988099;4006803880,汽车服务;充电站;充电站,011100,北京市,北京市,平谷区,[],[],充电站,平谷区
B0MAZAC02L,蔚景云汽车充电站(融科充电站北京大渔不见山精品民宿),117.167310,40.229270,山东庄镇大渔·不见山精品民宿平谷桃花海,4006803880,汽车服务;充电站;充电站,011100,北京市,北京市,平谷区,[],[],充电站,平谷区
B0MAZACV04,蔚景云汽车充电站(融科充电站北京清月民宿),117.170730,40.227190,山东庄镇木北云间平谷桃花海,4006803880,汽车服务;充电站;充电站,011100,北京市,北京市,平谷区,[],[],充电站,平谷区
B0J1UL18Y6,蔚来能源汽车充电站(北京平谷航宇北街),117.094220,40.134530,航宇北街3号东院,[],汽车服务;充电站;充电站,011100,北京市,北京市,平谷区,[],[],充电站,平谷区
B0JB1UFA35,蔚来能源目的地充电站(内部使用北京中石化平谷培训中心),117.071500,40.141285,中国石化北京石油平谷培训中心,[],汽车服务;充电站;充电站,011100,北京市,北京市,平谷区,[],[],充电站,平谷区
B0L1J58U4M,西长峪村委会充电站,117.072699,40.324509,西牛角峪路46号,13331123729,汽车服务;充电站;充电站,011100,北京市,北京市,平谷区,[],[],充电站,平谷区
B0L6971Y3F,迎宾超充站,117.094713,40.144868,枫尚奥特莱斯停车场,[],汽车服务;充电站;充电站,011100,北京市,北京市,平谷区,[],[],充电站,平谷区
B0IUZZ41P6,进充星满汽车充电桩,117.139391,40.156065,兴谷东路10号,[],汽车服务;充电站;充电站,011100,北京市,北京市,平谷区,[],[],充电站,平谷区
B0IR7S66UY,进充星满汽车充电站,117.138807,40.150854,上纸寨西路25号(上纸寨实验学校南50米停车场内),17810353205,汽车服务;充电站;充电站,011100,北京市,北京市,平谷区,[],[],充电站,平谷区
B0MU3PNV1A,逸安启超级充电站(北京平谷万达),117.119736,40.160400,兴谷街道谷丰东路31号院北京平谷万达广场地上停车场,4000010780,汽车服务;充电站;充电站,011100,北京市,北京市,平谷区,兴谷,[],充电站,平谷区
B0HA6UDIUB,隆瑞三优(平谷918路充电站),117.134886,40.154188,平谷南街丙2号,[],汽车服务;充电站;充电站,011100,北京市,北京市,平谷区,兴谷,[],充电站,平谷区
B0KAOL31R5,隆瑞三优超级充电站(隆瑞三优平谷852超级充电站),117.129260,40.145412,新平北路22-1号,[],汽车服务;充电站;充电站,011100,北京市,北京市,平谷区,平谷城区,[],充电站,平谷区
B0LR4RPVPG,马坊镇英城小学充电站,117.018025,40.081358,洼里东路1号,[],汽车服务;充电站;充电站,011100,北京市,北京市,平谷区,[],[],充电站,平谷区
B0MD1NQZHH,驴充充汽车充电站(刘家沟),117.341440,40.176200,金海湖(地区)镇X025(环湖路)北京山禾悦民宿,0797-966991,汽车服务;充电站;充电站,011100,北京市,北京市,平谷区,[],[],充电站,平谷区
B0MDFN8FK7,驴充充汽车充电站(北京塔洼人家),117.273000,40.282540,塔洼人家度假村(塔洼路南)塔洼村,0797-966991,汽车服务;充电站;充电站,011100,北京市,北京市,平谷区,[],[],充电站,平谷区
B0KU9PWH2G,驴充充汽车充电站(北京市挚友航空飞行营地),117.312386,40.208410,金海湖镇东上营村北京市挚友航空飞行营地精灵飞行精灵露营精灵房车营地,0797-966991,汽车服务;充电站;充电站,011100,北京市,北京市,平谷区,[],[],充电站,平谷区
B0KKVPUK51,驴充充汽车充电站(平谷瑞丰花园),117.106674,40.158460,X909辅路平谷瑞丰花园,[],汽车服务;充电站;充电站,011100,北京市,北京市,平谷区,王辛庄村,[],充电站,平谷区
B0MGSALQXF,中国铁塔汽车充电站(北京延庆石河营东社区充电站),115.975123,40.459088,区石河营东路,10096,汽车服务;充电站;充电站,011100,北京市,北京市,延庆区,[],[],充电站,延庆区
B0M6NHEN4U,云快充充电站(延庆区万达广场快充电站),115.984572,40.474137,园隆西街与新龙南街交叉口西80米,[],汽车服务;充电站;充电站,011100,北京市,北京市,延庆区,[],[],充电站,延庆区
B0MALL7HYI,云快充充电站(延庆大浮坨160kW快充站),115.957825,40.390175,妫川路与S3801京礼高速入口交叉口东北460米,[],汽车服务;充电站;充电站,011100,北京市,北京市,延庆区,[],[],充电站,延庆区
B0MAH1N796,云快充充电站(智创新能源延庆区充电站),116.010025,40.434875,延庆区大榆树镇宗家营村村民委员会北侧170米,[],汽车服务;充电站;充电站,011100,北京市,北京市,延庆区,[],[],充电站,延庆区
B0L1LBCYPI,云快充汽车充电站(世园充电站),115.926894,40.423135,康庄镇小丰营村,4008288517,汽车服务;充电站;充电站,011100,北京市,北京市,延庆区,[],[],充电站,延庆区
B0L2KZFM4K,云快充汽车充电站(东王化小区公牛充电站),116.047853,40.487401,天成中路1号院,4008288517,汽车服务;充电站;充电站,011100,北京市,北京市,延庆区,[],[],充电站,延庆区
B0MA5UPB59,云快充汽车充电站(八里祥居快充站),115.961580,40.489372,延庆镇八里庄村八里祥居农家院,4008288517,汽车服务;充电站;充电站,011100,北京市,北京市,延庆区,[],[],充电站,延庆区
B0JR1KPY4U,云快充汽车充电站(利嘉百泉街道办事处)(不对外开放),115.991339,40.448480,鸿川北路与益祥北街交叉口东100米,[],汽车服务;充电站;充电站,011100,北京市,北京市,延庆区,[],[],充电站,延庆区
B0KG7HSHTS,云快充汽车充电站(北京延庆医药大厦充电站),115.979546,40.461056,东外大街99号后院,4008288517,汽车服务;充电站;充电站,011100,北京市,北京市,延庆区,[],[],充电站,延庆区
B0I2AKKOL0,云快充汽车充电站(北京邮电大学世纪学院),115.892382,40.370331,北京邮电大学世纪学院学思楼西侧130米,[],汽车服务;充电站;充电站,011100,北京市,北京市,延庆区,康庄,[],充电站,延庆区
B0HK3CPJ1O,云快充汽车充电站(南菜园北二区充电站),115.974711,40.447390,菜园南街延庆区第四小学西南98米,4008288517,汽车服务;充电站;充电站,011100,北京市,北京市,延庆区,[],[],充电站,延庆区
B0HK3CS3LP,云快充汽车充电站(客顺利隆充电站),115.939990,40.518777,京银路与018县道交叉口东40米,[],汽车服务;充电站;充电站,011100,北京市,北京市,延庆区,[],[],充电站,延庆区
B0HK3CS3KU,云快充汽车充电站(康庄小区12号楼充电站),115.909477,40.373626,康张路与康元路交叉口西南260米,[],汽车服务;充电站;充电站,011100,北京市,北京市,延庆区,康庄,[],充电站,延庆区
B0L1LBEECW,云快充汽车充电站(延庆区井庄镇政府充电站),116.093087,40.471867,井庄镇政府院内,4008288517,汽车服务;充电站;充电站,011100,北京市,北京市,延庆区,[],[],充电站,延庆区
B0I31K38N9,云快充汽车充电站(延庆簸箕营充电站),115.975760,40.415188,大榆树镇簸萁营村,4008288517,汽车服务;充电站;充电站,011100,北京市,北京市,延庆区,[],[],充电站,延庆区
B0HK3CMI1V,云快充汽车充电站(悦安居6号楼充电站),115.956584,40.463828,"高塔西街悦安居小区内,新白庙路1号院-10号楼北221米",[],汽车服务;充电站;充电站,011100,北京市,北京市,延庆区,[],[],充电站,延庆区
B0LAPXLMLW,云快充汽车充电站(智能空间充电站),116.094215,40.479824,井庄镇艾官营村二区59号,4008288517,汽车服务;充电站;充电站,011100,北京市,北京市,延庆区,[],[],充电站,延庆区
B0LUNXCNC2,云快充汽车充电站(望山居充电站),116.093880,40.369690,井庄碓臼石,4008288517,汽车服务;充电站;充电站,011100,北京市,北京市,延庆区,[],[],充电站,延庆区
B0HK3CTDB7,云快充汽车充电站(格兰山水二期南区18号楼充电站),115.970847,40.466544,高塔街与玉皇阁大街交叉口东北160米,[],汽车服务;充电站;充电站,011100,北京市,北京市,延庆区,[],[],充电站,延庆区
B0I6G5J1X9,云快充汽车充电站(泰安北区充电站),116.002292,40.467173,龙顺路与延琉路交叉口南160米,[],汽车服务;充电站;充电站,011100,北京市,北京市,延庆区,[],[],充电站,延庆区
B0HK3CQ65W,云快充汽车充电站(温泉西里充电站),115.971614,40.465030,高塔路格兰山水二期-南区温泉西里21号楼,4008288517,汽车服务;充电站;充电站,011100,北京市,北京市,延庆区,[],[],充电站,延庆区
B0I2AKHXIC,云快充汽车充电站(湖南北区11号楼),115.985416,40.451616,功德巷与妫水南街交叉口东北240米,[],汽车服务;充电站;充电站,011100,北京市,北京市,延庆区,[],[],充电站,延庆区
B0HK3CQLJR,云快充汽车充电站(湖南小区充电站),115.987387,40.458285,湖北东路与师范路交叉口西200米,[],汽车服务;充电站;充电站,011100,北京市,北京市,延庆区,[],[],充电站,延庆区
B0L1LBCYT2,云快充目的地充电站(云来电八达岭丽枫酒店充电站),115.962257,40.364228,216省道与南山环线交叉口西160米,[],汽车服务;充电站;充电站,011100,北京市,北京市,延庆区,八达岭,[],充电站,延庆区
B0MDHSSIU0,云快充目的地充电站(云来电八达岭尊弘国际酒店充电站),115.965150,40.363373,八达岭镇西拨子丽枫酒店,4008288517,汽车服务;充电站;充电站,011100,北京市,北京市,延庆区,八达岭,[],充电站,延庆区
B0L1LBD61X,云快充目的地充电站(云来电博园雅居4号院5号楼充电站),115.960610,40.434010,博园雅居4号院5号楼,4008288517,汽车服务;充电站;充电站,011100,北京市,北京市,延庆区,[],[],充电站,延庆区
B0L6YOMXZM,云快充目的地充电站(云来电博园雅居4号院车库入口充电站),115.960610,40.434010,延庆镇博园中路博园雅居4号院地下车库入口,4008288517,汽车服务;充电站;充电站,011100,北京市,北京市,延庆区,[],[],充电站,延庆区
B0J35HNZFX,云快充目的地充电站(云来电博园雅居6号院充电站),115.960610,40.434010,延庆镇博园雅居六号院八号楼地库,4008288517,汽车服务;充电站;充电站,011100,北京市,北京市,延庆区,[],[],充电站,延庆区
B0KKD60W93,云快充目的地充电站(云来电大吉祥充电站),116.339440,40.569590,四海镇大吉祥村,4008288517,汽车服务;充电站;充电站,011100,北京市,北京市,延庆区,[],[],充电站,延庆区
B0I2AKGNDR,云快充目的地充电站(云来电天成家园北充电站),116.042360,40.483692,沈家营镇天成家园北区西门,4008288517,汽车服务;充电站;充电站,011100,北京市,北京市,延庆区,[],[],充电站,延庆区
B0KKS6HIKG,云快充目的地充电站(云来电天成家园南区东墙充电站),116.042950,40.482235,沈家营镇天成家园南区23号楼东墙,4008288517,汽车服务;充电站;充电站,011100,北京市,北京市,延庆区,[],[],充电站,延庆区
B0JD4CRG6G,云快充目的地充电站(云来电汇金元民宿充电站),116.017784,40.466423,延庆镇王泉营村汇金元农家乐,4008288517,汽车服务;充电站;充电站,011100,北京市,北京市,延庆区,[],[],充电站,延庆区
B0JRPKJ68D,云快充目的地充电站(云来电石峡充电站),115.953710,40.304195,八达岭镇石峡村停车场,4008288517,汽车服务;充电站;充电站,011100,北京市,北京市,延庆区,[],[],充电站,延庆区
B0JD4CKFHJ,云快充目的地充电站(云来电那一方酒店充电站),115.963382,40.428879,北京那一方民宿停车场,4008288517,汽车服务;充电站;充电站,011100,北京市,北京市,延庆区,[],[],充电站,延庆区
B0LDDX7VJ6,云快充目的地充电站(刘斌堡小学),116.226990,40.567580,刘斌堡小学内部停车场,4008288517,汽车服务;充电站;充电站,011100,北京市,北京市,延庆区,[],[],充电站,延庆区
B0MALR7TGP,云快充目的地充电站(利嘉充电站延庆区百泉街道上都首府东门站),115.984725,40.440275,延庆区S232,4008288517,汽车服务;充电站;充电站,011100,北京市,北京市,延庆区,[],[],充电站,延庆区
B0L2TM3JYU,云快充目的地充电站(利嘉充电站延庆区百泉街道利嘉总部慢充站),115.974610,40.457030,北京市妫水南街1号利嘉集团,4008288517,汽车服务;充电站;充电站,011100,北京市,北京市,延庆区,[],[],充电站,延庆区
B0MBBOXDUX,云快充目的地充电站(利嘉充电站延庆区百泉街道南辛堡4号院充电站),115.969930,40.442520,汇川街9号,4008288517,汽车服务;充电站;充电站,011100,北京市,北京市,延庆区,[],[],充电站,延庆区
B0LRKSGPHW,云快充目的地充电站(小河屯1号充电站),115.885000,40.491800,北京市延庆区京银路延庆区北京今天晚安民宿(延庆休闲度假区3号店)东南,18210946542;4008288517,汽车服务;充电站;充电站,011100,北京市,北京市,延庆区,[],[],充电站,延庆区
B0L6YOOFXF,云快充目的地充电站(延庆里炮村充电站),115.935350,40.353430,延庆里炮村,4008288517,汽车服务;充电站;充电站,011100,北京市,北京市,延庆区,[],[],充电站,延庆区
B0KKS6LY9K,云快充目的地充电站(智创新能源延庆区大榆树镇社区卫生服务中心充电站),116.030305,40.435797,北京中医医院延庆医院大榆树院区,4008288517,汽车服务;充电站;充电站,011100,北京市,北京市,延庆区,[],[],充电站,延庆区
B0MDVNM8YO,云快充目的地充电站(智创新能源延庆区张山营卫生院充电站),115.856790,40.478855,张山营镇张山营卫生服务中心,4008288517,汽车服务;充电站;充电站,011100,北京市,北京市,延庆区,[],[],充电站,延庆区
B0MA3HYUF2,云快充目的地充电站(智创新能源延庆区永宁镇盛世营村陶冉小筑民宿中心),116.162895,40.518253,永宁镇盛世营村,4008288517,汽车服务;充电站;充电站,011100,北京市,北京市,延庆区,[],[],充电站,延庆区
B0MGH4SKKJ,云快充超级充电站(阪泉服务区超级充电站出京),115.929277,40.488916,阪泉服务区,4008288517,汽车服务;充电站;充电站,011100,北京市,北京市,延庆区,[],[],充电站,延庆区
B0JA4UYJIM,云来电下花园村西土窑焖烤停车场汽车充电站,116.018536,40.496281,下花园村村委会西侧190米,[],汽车服务;充电站;充电站,011100,北京市,北京市,延庆区,[],[],充电站,延庆区
B0JACUH4SG,云来电垂钓园汽车充电站,115.958129,40.514198,龙聚山庄垂钓园,[],汽车服务;充电站;充电站,011100,北京市,北京市,延庆区,[],[],充电站,延庆区
B0MD6680RJ,依威能源汽车充电站(文成国际综合商务中心-B1停车场),115.996970,40.466698,延庆镇东外大街49号,4001800910,汽车服务;充电站;充电站,011100,北京市,北京市,延庆区,[],[],充电站,延庆区
B0KR16FU08,依威能源汽车充电站(碧桂园·世奥龙鼎3号地南区),115.968414,40.440475,北京市百泉街道百泉街29号,4001800910,汽车服务;充电站;充电站,011100,北京市,北京市,延庆区,[],[],充电站,延庆区
B0MD3SF4RL,利嘉充电站(延庆区大庄科乡政府站),116.238610,40.431308,昌赤路,[],汽车服务;充电站;充电站,011100,北京市,北京市,延庆区,[],[],充电站,延庆区
B0J1Y6EAUD,利嘉充电站(延庆区大庄科乡解字石村站),116.262225,40.395025,解字石村红色驿站停车场,[],汽车服务;充电站;充电站,011100,北京市,北京市,延庆区,[],[],充电站,延庆区
B0L2JC74DO,利嘉新能源汽车充电站(利嘉充电站延庆区利嘉百泉街道办事处站)(不对外开放),115.991160,40.448290,区鸿川北路6号院2号楼,4008885008,汽车服务;充电站;充电站,011100,北京市,北京市,延庆区,[],[],充电站,延庆区
B0MAURU674,利嘉新能源汽车充电站(利嘉充电站延庆区康庄商业街停车场快充站),115.900630,40.375168,康庄三街康庄三街停车场,4008885008,汽车服务;充电站;充电站,011100,北京市,北京市,延庆区,康庄,[],充电站,延庆区
B0M657JTC1,利嘉新能源汽车充电站(利嘉充电站延庆区百泉街道利嘉总部站),115.986330,40.442253,区妫水南街1号,4008885008,汽车服务;充电站;充电站,011100,北京市,北京市,延庆区,[],[],充电站,延庆区
B0MBBOXOH3,利嘉新能源汽车充电站(利嘉充电站延庆区香水园街道万达广场快充站),115.984604,40.474148,延庆区新城街,4008885008,汽车服务;充电站;充电站,011100,北京市,北京市,延庆区,[],[],充电站,延庆区
B0L06NLYM1,利嘉新能源汽车充电站(利嘉充电站张山营镇辉煌国际南门快充站),115.823400,40.461841,京银路与西五里营路交叉口西南480米辉煌国际度假区,4008885008,汽车服务;充电站;充电站,011100,北京市,北京市,延庆区,[],[],充电站,延庆区
B0M6BPFEC1,利嘉新能源汽车充电站(利嘉充电站永宁镇政府超充站),116.162107,40.529223,小后街9号,4008885008,汽车服务;充电站;充电站,011100,北京市,北京市,延庆区,永宁,[],充电站,延庆区
B0LUMCEDWX,利嘉智充充电站(北京邮电大学世纪学院充电站),115.898293,40.376092,庄祥街与康庄大道交叉口东北220米,[],汽车服务;充电站;充电站,011100,北京市,北京市,延庆区,康庄,[],充电站,延庆区
B0M6CHVQ2T,利嘉智充充电站(延庆区医院西侧内部停车场充电站),115.971339,40.462330,北顺城街与玉皇阁大街交叉口东120米,[],汽车服务;充电站;充电站,011100,北京市,北京市,延庆区,延庆城区,[],充电站,延庆区
B0MAKLP4NV,利嘉智充充电站(延庆区康庄镇望都佳园28号楼充电站),115.900075,40.376825,兴隆北街与文汇街交叉口西北160米,[],汽车服务;充电站;充电站,011100,北京市,北京市,延庆区,康庄,[],充电站,延庆区
B0J1Y6EWYC,利嘉智充充电站(格兰二期南区8号楼充电站),115.970325,40.467325,格兰路与玉皇阁大街交叉口东120米,[],汽车服务;充电站;充电站,011100,北京市,北京市,延庆区,[],[],充电站,延庆区
B0J1Y6D0YX,利嘉智充汽车充电站(八达岭小区),115.976477,40.362344,6A国道复线与八达岭环岛交叉口西220米,[],汽车服务;充电站;充电站,011100,北京市,北京市,延庆区,八达岭,[],充电站,延庆区
B0J1Y6D0Y6,利嘉智充汽车充电站(川北西社区44号楼45号楼),115.979053,40.461733,川北西社区44号楼45号楼,[],汽车服务;充电站;充电站,011100,北京市,北京市,延庆区,[],[],充电站,延庆区
B0M6BPFYM5,利嘉汽车充电站(利嘉充电站会展广场超充站),115.981048,40.476146,香水园街道庆隆街-道路停车位北京八达岭国际会展中心,4008885008,汽车服务;充电站;充电站,011100,北京市,北京市,延庆区,[],[],充电站,延庆区
B0M6D56GR0,利嘉汽车充电站(利嘉充电站延庆区千家店河南村小广场站),116.352390,40.692806,千家店镇河南村花海停车场旁,4008885008,汽车服务;充电站;充电站,011100,北京市,北京市,延庆区,[],[],充电站,延庆区
B0M6D57466,利嘉汽车充电站(利嘉充电站延庆区千家店镇乌龙峡谷景区停车场充电站),116.459043,40.698164,区乌龙峡谷乌龙峡谷景区-停车场,4008885008,汽车服务;充电站;充电站,011100,北京市,北京市,延庆区,[],[],充电站,延庆区
B0M6D56PQE,利嘉汽车充电站(利嘉充电站延庆区千家店镇干沟停车场充电站),116.246910,40.662270,中国延庆世界地质公园千家店园区,4008885008,汽车服务;充电站;充电站,011100,北京市,北京市,延庆区,[],[],充电站,延庆区
B0KB4LYQUR,利嘉汽车充电站(利嘉充电站延庆区张山营镇玉渡山风景区站),115.903060,40.529255,张山营镇玉海路北1号玉渡山风景区,4008885008,汽车服务;充电站;充电站,011100,北京市,北京市,延庆区,[],[],充电站,延庆区
B0MURZB08U,利嘉汽车充电站(延庆区八达岭镇帮水峪村村北超充站),115.940140,40.325653,帮水峪村,4008885008,汽车服务;充电站;充电站,011100,北京市,北京市,延庆区,[],[],充电站,延庆区
B0MURREOHW,利嘉汽车充电站(延庆区八达岭镇帮水峪村村南超充站),115.940140,40.325653,帮水峪村北停车场,4008885008,汽车服务;充电站;充电站,011100,北京市,北京市,延庆区,[],[],充电站,延庆区
B0L0T496B0,利嘉集团充电站,115.976113,40.445252,林带路与迎泉街交叉口北160米利嘉集团充电站,4008885008,汽车服务;充电站;充电站,011100,北京市,北京市,延庆区,[],[],充电站,延庆区
B0FFKCNX4T,华商三优汽车充电站,115.980859,40.435780,圣百街与百莲路交叉口东南160米,[],汽车服务;充电站;专用充电站,011103,北京市,北京市,延庆区,[],[],充电站,延庆区
B0H1V5RRNZ,国家电网充电站(延庆火车南站),115.984607,40.435491,延庆站内部停车场,[],汽车服务;充电站;充电站,011100,北京市,北京市,延庆区,[],[],充电站,延庆区
B0LKVC4UHA,国家电网充电站(林场场部停车场),116.020486,40.347872,216省道与八达岭路交叉口西北160米,[],汽车服务;充电站;充电站,011100,北京市,北京市,延庆区,八达岭,[],充电站,延庆区
B0J32CBG1U,国家电网汽车充电站,115.928168,40.486673,京礼高速阪泉服务区(崇礼方向),18601376118,汽车服务;充电站;充电站,011100,北京市,北京市,延庆区,[],[],充电站,延庆区
B0FFIV8VR5,国家电网汽车充电站,115.862182,40.410148,野鸭湖国家湿地公园内(东侧),18601376118,汽车服务;充电站;充电站,011100,北京市,北京市,延庆区,[],[],充电站,延庆区
B0FFGK34UF,国家电网汽车充电站(世界葡萄博览园),115.870106,40.472272,世界葡萄博览园北门地面停车场,[],汽车服务;充电站;充电站,011100,北京市,北京市,延庆区,[],[],充电站,延庆区
B0IGGR0OIO,国家电网汽车充电站(京礼高速阪泉服务区充电站北京方向),115.927317,40.486718,京礼高速阪泉服务区(北京方向),18601376118,汽车服务;充电站;充电站,011100,北京市,北京市,延庆区,[],[],充电站,延庆区
B0IG1CH6W3,国家电网汽车充电站(八达岭国家森林公园),116.020610,40.347883,北京八达岭深林公园青龙谷景区地面停车场,95598,汽车服务;充电站;充电站,011100,北京市,北京市,延庆区,八达岭,[],充电站,延庆区
B0K0MKHZLL,国家电网汽车充电站(北京市延庆区东三岔村公共充电站),116.270035,40.398983,大庄科乡东三岔村,95598,汽车服务;充电站;充电站,011100,北京市,北京市,延庆区,[],[],充电站,延庆区
B0FFHKMSBO,国家电网汽车充电站(北京市延庆区东关停车场),115.979732,40.456003,北京京西北旅行社有限公司地面停车场,[],汽车服务;充电站;充电站,011100,北京市,北京市,延庆区,延庆城区,[],充电站,延庆区
B0FFHYFT7M,国家电网汽车充电站(北京市延庆区乌龙峡谷景区),116.459690,40.697871,千沙公路地面停车场,[],汽车服务;充电站;充电站,011100,北京市,北京市,延庆区,[],[],充电站,延庆区
B0FFHKMQEU,国家电网汽车充电站(北京市延庆区八达岭供电所公共充电站SDK),115.959613,40.363288,八达岭供电所停车场,18601376118,汽车服务;充电站;充电站,011100,北京市,北京市,延庆区,八达岭,[],充电站,北京市
B0FFM8JFWU,国家电网汽车充电站(北京市延庆区八达岭国际会展中心东侧),115.983284,40.473210,北京八达岭国际会展中心东南地面停车场,18601376118,汽车服务;充电站;充电站,011100,北京市,北京市,延庆区,延庆城区,[],充电站,延庆区
B0FFKY9BW2,国家电网汽车充电站(北京市延庆区八达岭国际会展中心西侧),115.980301,40.472712,北京八达岭国际会展中心西南地面停车场,18601376118,汽车服务;充电站;充电站,011100,北京市,北京市,延庆区,延庆城区,[],充电站,延庆区
B0FFK89IHA,国家电网汽车充电站(北京市延庆区八达岭水关长城景区公共充电站),116.038649,40.335589,八达岭水关长城游客中心地面停车场,[],汽车服务;充电站;充电站,011100,北京市,北京市,延庆区,八达岭,[],充电站,延庆区
B0FFHJJ9XE,国家电网汽车充电站(北京市延庆区刘斌堡公共充电站),116.236199,40.570265,延琉路青山园农家院附近地面停车场,[],汽车服务;充电站;充电站,011100,北京市,北京市,延庆区,[],[],充电站,延庆区
B0G3TRNZH7,国家电网汽车充电站(北京市延庆区北京大成众信贸易有限公司公共充电站),115.990840,40.481360,地面停车场,[],汽车服务;充电站;充电站,011100,北京市,北京市,延庆区,[],[],充电站,延庆区
B0FFKSVRWA,国家电网汽车充电站(北京市延庆区北老君堂村公共充电站),116.073228,40.483821,沈家营镇北老君堂村西200米地面停车场,18601376118,汽车服务;充电站;充电站,011100,北京市,北京市,延庆区,[],[],充电站,延庆区
B0GKMDSIPW,国家电网汽车充电站(北京市延庆区华风温泉大城堡公共充电站),115.992671,40.473376,八达岭华风温泉大城堡地面停车场,[],汽车服务;充电站;充电站,011100,北京市,北京市,延庆区,[],[],充电站,延庆区
B0FFI0YO8L,国家电网汽车充电站(北京市延庆区南湾村公共充电站),116.364060,40.546196,延庆南湾村村北地面停车场,[],汽车服务;充电站;充电站,011100,北京市,北京市,延庆区,[],[],充电站,延庆区
B0FFHXNDHD,国家电网汽车充电站(北京市延庆区夏都湾公共充电站),116.024790,40.526190,上郝庄村居民小区西侧地面停车场,[],汽车服务;充电站;充电站,011100,北京市,北京市,延庆区,[],[],充电站,延庆区
B0I2OMQJLD,国家电网汽车充电站(北京市延庆区大榆树镇政府公共充电站),116.029119,40.436498,大榆树镇政府院内停车场,18601376118,汽车服务;充电站;充电站,011100,北京市,北京市,延庆区,[],[],充电站,延庆区
B0FFIPD5H0,国家电网汽车充电站(北京市延庆区委党校),115.975819,40.473277,党校东侧地面停车场,18601376118,汽车服务;充电站;充电站,011100,北京市,北京市,延庆区,延庆城区,[],充电站,延庆区
B0FFHVF8PN,国家电网汽车充电站(北京市延庆区岔道村),115.988306,40.362961,八达岭长城岔西地面停车场CB272,[],汽车服务;充电站;充电站,011100,北京市,北京市,延庆区,八达岭,[],充电站,延庆区
B0L1SKOZQF,国家电网汽车充电站(北京市延庆区岔道村公共充电站SDK),115.987595,40.363020,岔道村南侧停车场,18601376118,汽车服务;充电站;充电站,011100,北京市,北京市,延庆区,八达岭,[],充电站,延庆区
B0FFI0YO8Q,国家电网汽车充电站(北京市延庆区康庄收费站公共充电站),115.909615,40.363106,京新高速姜家台服务区出京方向地面停车场,[],汽车服务;充电站;充电站,011100,北京市,北京市,延庆区,康庄,[],充电站,延庆区
B0FFMDNYMS,国家电网汽车充电站(北京市延庆区延庆体育馆公共充电站),115.982810,40.457750,延庆镇体育馆北侧地面停车场,[],汽车服务;充电站;充电站,011100,北京市,北京市,延庆区,延庆城区,[],充电站,延庆区
B0L1YPDRX6,国家电网汽车充电站(北京市延庆区延庆体育馆公共超级充电站),115.982050,40.457626,香水园街道东关小区东关新区,18601376118,汽车服务;充电站;充电站,011100,北京市,北京市,延庆区,延庆城区,[],充电站,延庆区
B0G3TRP7L3,国家电网汽车充电站(北京市延庆区延庆镇世界园艺博览会P4停车场充电站),115.949496,40.434613,世界园艺博览会P4地面停车场,[],汽车服务;充电站;充电站,011100,北京市,北京市,延庆区,[],[],充电站,延庆区
B0FFJS7YCN,国家电网汽车充电站(北京市延庆区旧县镇文体活动中心公共充电站),116.089500,40.550764,旧大路旧县镇文体活动中心地面停车场,[],汽车服务;充电站;充电站,011100,北京市,北京市,延庆区,[],[],充电站,延庆区
B0FFHMC068,国家电网汽车充电站(北京市延庆区松山国家级自然保护区),115.813556,40.503577,012县道松山国家级自然保护区管理处地面停车场,[],汽车服务;充电站;充电站,011100,北京市,北京市,延庆区,[],[],充电站,延庆区
B0I1CM9JCT,国家电网汽车充电站(北京市延庆区永宁镇政府公共充电站),116.159698,40.526803,永宁镇政府旁停车场,18601376118,汽车服务;充电站;充电站,011100,北京市,北京市,延庆区,永宁,[],充电站,延庆区
B0FFL4CHNS,国家电网汽车充电站(北京市延庆区火烧营村充电站),115.899061,40.427119,康庄镇火烧营村小大路西侧地面停车场,[],汽车服务;充电站;充电站,011100,北京市,北京市,延庆区,[],[],充电站,延庆区
B0H2D5E0VX,国家电网汽车充电站(北京市延庆区玻钢厂充电站),115.898163,40.368603,地面停车场,[],汽车服务;充电站;充电站,011100,北京市,北京市,延庆区,康庄,[],充电站,延庆区
B0FFL2V4A0,国家电网汽车充电站(北京市延庆区珍珠泉乡公共充电站),116.426811,40.561194,珍珠泉乡政府北侧公共地面停车场,[],汽车服务;充电站;充电站,011100,北京市,北京市,延庆区,[],[],充电站,延庆区
B0FFHST9PY,国家电网汽车充电站(北京市延庆区石京龙滑雪场公共充电站),115.969356,40.522291,北京石京龙滑雪场停车场,[],汽车服务;充电站;充电站,011100,北京市,北京市,延庆区,[],[],充电站,延庆区
B0MAJ735XH,国家电网汽车充电站(北京市延庆区石峡村公共充电站),115.958560,40.312225,外石路石峡村民委员会西北方向200米,18601376118,汽车服务;充电站;充电站,011100,北京市,北京市,延庆区,[],[],充电站,延庆区
B0HGFM4H60,国家电网汽车充电站(北京市延庆区辉煌国际度假区南门公共充电站),115.821913,40.461345,辉煌国际度假区南门地面停车场,[],汽车服务;充电站;充电站,011100,北京市,北京市,延庆区,[],[],充电站,延庆区
B0L356CQS9,国家电网汽车充电站(北京市延庆区里炮村公共充电站SDK),115.936040,40.354327,八达岭镇里炮村民委员会东侧90米,[],汽车服务;汽车服务相关;汽车服务相关,010000,北京市,北京市,延庆区,[],[],充电站,延庆区
B0FFI1ZTBN,国家电网汽车充电站(北京市延庆区里炮村公共充电站SDK)(暂停营业),115.936050,40.354310,八达岭镇里炮村居民小区北侧地面停车场,[],汽车服务;充电站;充电站,011100,北京市,北京市,延庆区,[],[],充电站,延庆区
B0LDXZ9PJ3,国家电网汽车充电站(北京市延庆区野鸭湖景区公共充电站),115.857970,40.411217,康野路与027县道交叉口西北460米,[],汽车服务;充电站;充电站,011100,北京市,北京市,延庆区,[],[],充电站,延庆区
B0FFHOR7MM,国家电网汽车充电站(北京市延庆区龙庆峡景区),116.017325,40.537533,龙庆峡风景区地面停车场,[],汽车服务;充电站;充电站,011100,北京市,北京市,延庆区,龙庆峡,[],充电站,延庆区
B0FFHST9PZ,国家电网汽车充电站(北京市延庆区龙聚山庄公共充电站),115.962312,40.520999,龙聚山庄地面停车场南侧,18601376118,汽车服务;充电站;充电站,011100,北京市,北京市,延庆区,[],[],充电站,延庆区
B0M6S744GY,国家电网汽车充电站(张伍堡充电站),116.066710,40.421944,G110青山居私房火锅门前,16635135189,汽车服务;充电站;充电站,011100,北京市,北京市,延庆区,[],[],充电站,延庆区
B0HKFO2LBB,国家电网汽车充电站(张山营镇人民政府东),115.844869,40.477097,张山营镇张山营供电所门前停车场,[],汽车服务;充电站;充电站,011100,北京市,北京市,延庆区,[],[],充电站,延庆区
B0FFG86KYP,国家电网汽车充电站(柳沟民俗村),116.100771,40.447215,井庄镇柳沟村95号农家乐对面地面停车场,[],汽车服务;充电站;充电站,011100,北京市,北京市,延庆区,[],[],充电站,延庆区
B0HK915UIZ,国家电网汽车充电站(百里山水画廊店),116.333683,40.692241,东囤路千家店朝阳寺景区地面停车场,[],汽车服务;充电站;充电站,011100,北京市,北京市,延庆区,[],[],充电站,延庆区
B0FFJ9XMBD,国家电网汽车充电站(营城子北),115.955035,40.380090,八达岭高速营城子出口东侧地面停车场,[],汽车服务;充电站;充电站,011100,北京市,北京市,延庆区,[],[],充电站,延庆区
B0MG74GNRM,国网电动汽车充电站(北京延庆供电公司),115.989478,40.474412,香苑街与新龙南街交叉口东120米,[],汽车服务;充电站;充电站,011100,北京市,北京市,延庆区,[],[],充电站,延庆区
B0I19CY41W,奥动换电,115.986794,40.441741,妫水南街7号,[],汽车服务;充电站;充电站,011100,北京市,北京市,延庆区,[],[],充电站,延庆区
B0M60MLWI2,小桔充电汽车充电站(北京长城云酒店公共),115.908826,40.369701,西官路与康张路交叉口西180米,[],汽车服务;充电站;充电站,011100,北京市,北京市,延庆区,康庄,[],充电站,延庆区
B0JBXLSDDZ,小鹏汽车充电站(北京延庆万达广场小鹏超充站),115.984542,40.474842,香水园街道新城街80号延庆万达广场(入口新龙中街),4007836688,汽车服务;充电站;充电站,011100,北京市,北京市,延庆区,[],[],充电站,延庆区
B0LKZXGN3C,平高智联汽车充电站(北京延庆启迪之星体育园区),115.983280,40.440777,启迪之星延庆体育园基地,4000217008,汽车服务;充电站;充电站,011100,北京市,北京市,延庆区,[],[],充电站,延庆区
B0LKYX5HXS,平高智联汽车充电站(北方工业大学康庄校区),115.887870,40.368960,康庄镇不老山庄停车场北京工业大学创新港,4000217008,汽车服务;充电站;充电站,011100,北京市,北京市,延庆区,[],[],充电站,延庆区
B0LKZXH0LG,平高智联汽车充电站(无人机产业园),115.921530,40.360970,中关村延庆园无人机产业园,4000217008,汽车服务;充电站;充电站,011100,北京市,北京市,延庆区,康庄,[],充电站,延庆区
B0LU64L07N,广汽能源汽车充电站(广汽能源北京水关长城目的地站),116.050752,40.340251,长城脚下的公社停车场,4006665330,汽车服务;充电站;充电站,011100,北京市,北京市,延庆区,[],[],充电站,延庆区
B0JD0LLYJG,开迈斯汽车充电站(北京市延庆区万达广场地下站),115.983845,40.473631,区庆园街59号新城街西入口地下负2层停车场,4006657666,汽车服务;充电站;充电站,011100,北京市,北京市,延庆区,延庆城区,[],充电站,延庆区
B0IGYUH3QW,张山营中学汽车充电站,115.859893,40.476307,张山营镇下卢凤村东五巷20号,13581998899;4008288517,汽车服务;充电站;充电站,011100,北京市,北京市,延庆区,[],[],充电站,延庆区
B0M6D574AI,快电八达岭小区充电站,115.976675,40.362725,八达岭路与八达岭环岛交叉口西200米,[],汽车服务;充电站;充电站,011100,北京市,北京市,延庆区,八达岭,[],充电站,延庆区
B0KULBV4KB,捷顺充汽车充电站(瑞祥家园),115.890915,40.376460,康庄镇康庄瑞祥家园小区,4007005305,汽车服务;充电站;充电站,011100,北京市,北京市,延庆区,康庄,[],充电站,延庆区
B0MDA41RN1,新电途汽车充电站(井庄镇人民政府充电站),116.094130,40.472180,去井庄镇人民政府院外停车场,4001100835,汽车服务;充电站;充电站,011100,北京市,北京市,延庆区,[],[],充电站,延庆区
B0MDA41YS6,新电途汽车充电站(大浮坨杏花源充电站),115.957825,40.389896,八达岭镇延庆榆木红木工厂店,4001100835,汽车服务;充电站;充电站,011100,北京市,北京市,延庆区,[],[],充电站,延庆区
B0L3NYD5CP,新电途汽车充电站(碓臼石充电站),116.108060,40.369583,井庄镇京银路望山居酒店门前,15176283880;16635135189;18500989310,汽车服务;充电站;充电站,011100,北京市,北京市,延庆区,[],[],充电站,延庆区
B0I3FAQN2V,无人机产业园快充桩,115.922453,40.360892,康庄镇中关村延庆园无人机产业园,[],汽车服务;充电站;充电站,011100,北京市,北京市,延庆区,康庄,[],充电站,延庆区
B0LRUPBIS0,昆仑网电汽车充电站(昆仑网电北京八达岭国际会展北区超充站),115.982400,40.475920,北京八达岭国际会展中心,956100,汽车服务;充电站;充电站,011100,北京市,北京市,延庆区,[],[],充电站,延庆区
B0LUJP9ZLF,昆仑网电汽车充电站(昆仑网电北京八达岭国际会展南区超充站),115.980310,40.473026,北京八达岭国际会展中心西南停车场,956100,汽车服务;充电站;充电站,011100,北京市,北京市,延庆区,延庆城区,[],充电站,北京市
B0I6R7VZBF,星星充电汽车充电站(不对外开放延庆区-北京市水生野生动植物救护中心一期),115.982752,40.424573,大榆树镇开发区路,4008280768,汽车服务;充电站;专用充电站,011103,北京市,北京市,延庆区,[],[],充电站,延庆区
B0G105EHT8,星星充电汽车充电站(内部专用星星充电-延庆-天成家园充电站),116.042336,40.483680,沈家营镇八峪路天成家园,4008280768,汽车服务;充电站;专用充电站,011103,北京市,北京市,延庆区,[],[],充电站,延庆区
B0KB75ISRJ,星星充电汽车充电站(延庆镇付余屯村充电站),115.933690,40.481194,延庆镇团结路,13716597198,汽车服务;充电站;充电站,011100,北京市,北京市,延庆区,[],[],充电站,延庆区
B0L1L1F7M1,欧特孚汽车充电站(大泥河博雅园小区西侧快慢充站),116.008877,40.418371,北京市大榆树镇大泥河村博雅园小区西侧,13911117421,汽车服务;充电站;充电站,011100,北京市,北京市,延庆区,[],[],充电站,延庆区
B0K3JU48PJ,汽车充电站(北顺城街3号),115.967620,40.461900,北顺城街3号,15101024890,汽车服务;充电站;充电站,011100,北京市,北京市,延庆区,延庆城区,[],充电站,延庆区
B0KDODLA65,汽车充电站(国家电网),116.235244,40.431421,大庄科乡人民政府南侧50米,[],汽车服务;充电站;充电站,011100,北京市,北京市,延庆区,[],[],充电站,延庆区
B0LBX7JS5A,汽车换电站(蔚来换电站),115.980104,40.472916,北京八达岭国际会展中心西南停车场,[],汽车服务;汽车服务相关;汽车服务相关,010000,北京市,北京市,延庆区,延庆城区,[],充电站,延庆区
B0L14G0QDR,泰莱充汽车充电站(东门营村智雅居),115.790146,40.451570,北京市东门营村西街西三巷5号,13161745397,汽车服务;充电站;充电站,011100,北京市,北京市,延庆区,[],[],充电站,延庆区
B0LU1YDS2U,滴滴充电汽车充电站(北京静态交通环球新意充电站),115.975639,40.462718,沃尔玛延庆妫水北街店停车场,[],汽车服务;充电站;充电站,011100,北京市,北京市,延庆区,延庆城区,[],充电站,延庆区
B0FFFA7UI7,特斯拉充电站(长城脚下的公社),116.055393,40.340268,八达岭镇石佛寺村京藏高速路水关长城G53出口地面车位,4009100707,汽车服务;充电站;充电站,011100,北京市,北京市,延庆区,[],[],充电站,延庆区
B0M6GGOAQ2,特斯拉目的地充电站(北京世园凯悦酒店目的地充电站),115.963776,40.440840,阜康南路1号院世园凯悦酒店1号楼地面停车场01-04,4009100707,汽车服务;充电站;充电站,011100,北京市,北京市,延庆区,[],[],充电站,延庆区
B0J29G2MME,特斯拉目的地充电站(龙庆峡志勇民宿),116.019840,40.541840,北外大街26号地面停车场,4009100707,汽车服务;充电站;充电站,011100,北京市,北京市,延庆区,[],[],充电站,延庆区
B0HGZA26SY,特斯拉超级充电站(八达岭滑雪场),115.955426,40.349710,八达岭镇八达岭滑雪场,[],汽车服务;充电站;充电站,011100,北京市,北京市,延庆区,八达岭,[],充电站,延庆区
B0J2479FIO,特斯拉超级充电站(北京世园凯悦酒店),115.963037,40.441474,阜康南路1号院1号楼A地上停车位/入口延康路,[],汽车服务;充电站;充电站,011100,北京市,北京市,延庆区,[],[],充电站,延庆区
B0J2477I2P,特斯拉超级充电站(北京世园璞燊酒店),115.941940,40.442596,"延庆区百康路1-66号,务必从世园公园7号门进入,入园前10分钟拨打酒店前台电话010-",[],汽车服务;充电站;充电站,011100,北京市,北京市,延庆区,[],[],充电站,延庆区
B0K13GV4ZO,特斯拉超级充电站(北京延庆奥林匹克园区),115.790670,40.524840,张山营镇西大庄科村奥林匹克园区P6停车场,4009100707,汽车服务;充电站;专用充电站,011103,北京市,北京市,延庆区,[],[],充电站,延庆区
B0JB3RD1Z5,特来电汽车充电站(特来电北京沐澜餐厅充电站),115.978815,40.388886,八达岭镇小浮坨村沐澜餐厅,18803026661,汽车服务;充电站;充电站,011100,北京市,北京市,延庆区,[],[],充电站,延庆区
B0MDTDC5FF,理想超级充电站(理想5C超充站京藏高速康庄服务区西藏方向),115.894400,40.358850,康庄服务区,4006860400,汽车服务;充电站;充电站,011100,北京市,北京市,延庆区,[],[],充电站,延庆区
B0K0HCHA8L,理想超级充电站(理想5C超充站北京世园凯悦嘉轩酒店),115.964251,40.442140,北京世园凯悦嘉轩酒店地面停车点,4006860400,汽车服务;充电站;充电站,011100,北京市,北京市,延庆区,[],[],充电站,延庆区
B0KD96S5PC,电动自行车充电站(利嘉充电站延庆区南辛堡4号院充电站),115.970380,40.446583,南辛堡四号院,4008288517,汽车服务;充电站;充电站,011100,北京市,北京市,延庆区,[],[],充电站,延庆区
B0MBFS3ROU,电徕云汽车充电站(利嘉充电站延庆区香营乡东白庙万达有机农业园站),116.132913,40.567238,北京万达有机农业有限公司北侧100米,[],汽车服务;充电站;充电站,011100,北京市,北京市,延庆区,[],[],充电站,延庆区
B0K0C5CAJT,能效邻里共享汽车充电站(TESLR共享充电桩),116.093360,40.530163,团山村西街路边电线杆下(密码888),15810410511,汽车服务;充电站;充电站,011100,北京市,北京市,延庆区,[],[],充电站,延庆区
B0L3D55THA,能效邻里共享汽车充电站(杏花朵朵开),115.994590,40.404736,小泥河村村民委员会西北约111米,13691030200,汽车服务;充电站;充电站,011100,北京市,北京市,延庆区,[],[],充电站,延庆区
B0LK058GMC,能效邻里共享汽车充电站(石河营中街一号院车库充电桩),115.994510,40.462685,石河营中街一号院地下车库B1-072车位,13811376006,汽车服务;充电站;充电站,011100,北京市,北京市,延庆区,[],[],充电站,延庆区
B0MDU71J9G,能效邻里共享汽车充电站(耿家营村北影壁西侧),116.091689,40.566881,中区十巷17号,15201319102,汽车服务;充电站;充电站,011100,北京市,北京市,延庆区,[],[],充电站,延庆区
B0MGBCTROU,蔚宁能源超级充电站(北京延庆康庄服务区充电站·华为超充技术支持),115.897520,40.358120,康庄服务区与G6京藏高速出口交叉口东440米,[],汽车服务;充电站;充电站,011100,北京市,北京市,延庆区,[],[],充电站,延庆区
B0L064M0LG,蔚景云汽车充电站(云汐精品民宿充电站),116.013016,40.531185,沈韩路韩郝庄,4006803880,汽车服务;充电站;个人充电站,011104,北京市,北京市,延庆区,[],[],充电站,延庆区
B0JR94BZX3,蔚景云汽车充电站(北京阳光乡村农家饭庄充电站2),116.015220,40.528236,韩郝庄东区阳光乡村农家饭庄旁正北方向18米,4006803880,汽车服务;充电站;个人充电站,011104,北京市,北京市,延庆区,龙庆峡,[],充电站,延庆区
B0J1S6K3LM,蔚景云汽车充电站(张皂明农家饭庄充电站),116.013184,40.528475,张山营镇韩郝庄村中区79号,4006803880,汽车服务;充电站;充电站,011100,北京市,北京市,延庆区,龙庆峡,[],充电站,延庆区
B0LD2ZJLXM,蔚景云汽车充电站(沃尔智电康庄服务区充电站),115.894000,40.359100,康庄镇达克云汽车充电站(华为康庄服务区超充站)康庄服务区,4006803880,汽车服务;充电站;充电站,011100,北京市,北京市,延庆区,康庄,[],充电站,延庆区
B0L2BZIT7M,蔚景云汽车充电站(绿森充电桩),116.097890,40.404774,井庄镇瓦窑路,4006803880,汽车服务;充电站;充电站,011100,北京市,北京市,延庆区,[],[],充电站,延庆区
B0H0YCJZ9L,蔚来能源目的地充电站(北京世园汤泉酒店)(暂停营业),115.962694,40.439810,北京世园汤泉酒店,[],汽车服务;充电站;充电站,011100,北京市,北京市,延庆区,[],[],充电站,延庆区
B0J2MHVJQE,蔚来能源超级充电站(北京八达岭国际会展中心),115.980231,40.472866,广兴街八达岭国际会展中心地面停车场,[],汽车服务;充电站;充电站,011100,北京市,北京市,延庆区,延庆城区,[],充电站,延庆区
B0KU2AQX4S,达克云汽车充电站(华为康庄服务区超充站),115.893312,40.358867,京藏高速康庄服务区,4008288517,汽车服务;充电站;充电站,011100,北京市,北京市,延庆区,[],[],充电站,延庆区
B0K03M7PZB,逸安启超级充电站(北京延庆奥林匹克园区),115.790490,40.525115,张山营镇西大庄科村北京延庆奥林匹克园区P6停车场,4000010780,汽车服务;充电站;充电站,011100,北京市,北京市,延庆区,[],[],充电站,延庆区
B0GKBBCIUA,隆瑞三优延庆永宁Y41路-充电站,116.159535,40.526585,永宁镇873公交总站,[],汽车服务;充电站;充电站,011100,北京市,北京市,延庆区,永宁,[],充电站,延庆区
B0LKOAGJEJ,驴充充充电站(延庆永宁学校),116.174116,40.524616,昌赤路与永偏路交叉口东南240米,[],汽车服务;充电站;充电站,011100,北京市,北京市,延庆区,永宁,[],充电站,延庆区
B0LDDPAI4Y,驴充充汽车充电站(下营村充电站),115.795522,40.442969,下营-公交车站,0797-966991,汽车服务;充电站;充电站,011100,北京市,北京市,延庆区,[],[],充电站,延庆区
B0LA9U1I4M,驴充充汽车充电站(中关村延庆体育科技前沿技术创新中心),115.983154,40.440480,百泉街10号中关村(延庆)体育科技前沿技术创新中心,0797-966991,汽车服务;充电站;充电站,011100,北京市,北京市,延庆区,[],[],充电站,延庆区
B0L0SNI3FN,驴充充汽车充电站(中羊坊村充电站),115.971246,40.513052,张山营镇G110(京青线)中羊坊村村民委员会,0797-966991,汽车服务;充电站;充电站,011100,北京市,北京市,延庆区,[],[],充电站,延庆区
B0LACCL1V3,驴充充汽车充电站(卓家营村充电站),115.981230,40.505080,110国道卓家营新区往北100米庄主私房菜,0797-966991,汽车服务;充电站;充电站,011100,北京市,北京市,延庆区,[],[],充电站,延庆区
B0L2OPV5YT,驴充充汽车充电站(季枫国际酒店延庆万达广场店),115.994960,40.472343,延庆镇京张路口东商业开发区1号楼季枫国际酒店,0797-966991,汽车服务;充电站;充电站,011100,北京市,北京市,延庆区,[],[],充电站,延庆区
B0LROPVLTG,驴充充汽车充电站(小河屯村),115.881078,40.490239,张山营镇Y014(小松路)小河屯村三区-118号楼,0797-966991,汽车服务;充电站;充电站,011100,北京市,北京市,延庆区,[],[],充电站,延庆区
B0MA2NPJRT,驴充充汽车充电站(玉皇庙村充电站),115.896570,40.512580,张山营镇Y015(玉下路)玉渡山刘玉焕农家院,0797-966991,汽车服务;充电站;充电站,011100,北京市,北京市,延庆区,[],[],充电站,延庆区
B0L0SNHPB0,驴充充汽车充电站(苏庄村充电站),116.013000,40.512222,张山营镇Y018(东上路)苏庄村村民委员会,0797-966991,汽车服务;充电站;充电站,011100,北京市,北京市,延庆区,[],[],充电站,延庆区
B0LDDPAI4X,驴充充汽车充电站(黄柏寺充电站),115.993710,40.525920,旧小路黄柏寺村公交车站北邻(近龙庆峡、万龙滑雪场、玉渡山)龙庆峡龙顺达农家饭庄·餐厅,0797-966991,汽车服务;充电站;充电站,011100,北京市,北京市,延庆区,[],[],充电站,延庆区
B0M66N9JOU,驴充充汽车充电站(龙聚山庄二期18号楼22号楼充电桩),115.957375,40.522728,张山营镇G110(京银路)龙聚山庄二期,0797-966991,汽车服务;充电站;充电站,011100,北京市,北京市,延庆区,[],[],充电站,延庆区
B0MDY1VYMK,K充电汽车充电站(十悦山漫充电站),116.553920,40.408504,渤海镇苇店村十悦山漫温泉度假酒店,4008015583,汽车服务;充电站;充电站,011100,北京市,北京市,怀柔区,[],[],充电站,怀柔区
B0LUK6H4ZH,万城万充新汽车充电站(怀柔万达广场充电站),116.629820,40.316677,龙山街道府前街1号院,4008083392,汽车服务;充电站;充电站,011100,北京市,北京市,怀柔区,泉河,[],充电站,怀柔区
B0K6NB3JW6,中国石化汽车充电站(迎宾园充电站),116.641375,40.301775,迎宾南路与葛各庄路交叉口西40米,95105888,汽车服务;充电站;充电站,011100,北京市,北京市,怀柔区,庙城,[],充电站,怀柔区
B0MDJ4HCCI,中国石化目的地充电站(云岫内部充电站),116.685040,40.396255,雁水路2号中国石化销售有限公司技术培训中心,95105888,汽车服务;充电站;充电站,011100,北京市,北京市,怀柔区,[],[],充电站,怀柔区
B0K6NB0QQ9,中国石化超级充电站(庙城充电站),116.620613,40.291889,庙城镇富密路金善名居北侧,95105888,汽车服务;充电站;充电站,011100,北京市,北京市,怀柔区,庙城,[],充电站,怀柔区
B0MG1PRHTQ,中国石化超级充电站(怀柔车站路充电站),116.646822,40.317327,府前东街7号(碧云蓝山商旅酒店后院公厕旁),95105888,汽车服务;充电站;充电站,011100,北京市,北京市,怀柔区,泉河,[],充电站,怀柔区
B0MD16RNL9,乐来电汽车充电站(怀柔),116.633880,40.339256,富乐大街小中富乐一区村一佳板面,4008973688,汽车服务;充电站;充电站,011100,北京市,北京市,怀柔区,泉河,[],充电站,怀柔区
B0MGYL7Q0R,云山中民宿充电桩,116.679751,40.566535,京加路020县,[],汽车服务;充电站;充电站,011100,北京市,北京市,怀柔区,[],[],充电站,怀柔区
B0LUOSHT4F,云快充汽车充电站(乐成智联下元充电站),116.645730,40.325855,北京市北京怀柔区开放路京客隆西南侧停车场,4008288517,汽车服务;充电站;专用充电站,011103,北京市,北京市,怀柔区,泉河,[],充电站,怀柔区
B0MAPBVO92,云快充汽车充电站(云快充怀柔劳动大厦充电站),116.645440,40.340770,开放路86号院怀柔劳动大厦,4008288517,汽车服务;充电站;充电站,011100,北京市,北京市,怀柔区,泉河,[],充电站,怀柔区
B0L1LBDZM5,云快充汽车充电站(仙台村站),116.683165,40.279236,111,4008288517,汽车服务;充电站;个人充电站,011104,北京市,北京市,怀柔区,[],[],充电站,怀柔区
B0LK3KYL4W,云快充汽车充电站(北京三山超级充电站),116.596900,40.271023,王史山村东,4008288517,汽车服务;充电站;充电站,011100,北京市,北京市,怀柔区,[],[],充电站,怀柔区
B0HK3CP3OR,云快充汽车充电站(北京双杰电气充电站),116.684564,40.346012,杨雁路与乐园南一街交叉口北100米,[],汽车服务;充电站;充电站,011100,北京市,北京市,怀柔区,雁栖,[],充电站,怀柔区
B0LA666TDA,云快充汽车充电站(北京市怀柔区车与家公共充电站),116.653760,40.343269,雁栖镇八路,4008288517,汽车服务;充电站;充电站,011100,北京市,北京市,怀柔区,[],[],充电站,怀柔区
B0IDRL01AH,云快充汽车充电站(北京市音乐舞蹈学校)(内部专用),116.620897,40.290080,富密路与庙城路交叉口东北80米,[],汽车服务;充电站;专用充电站,011103,北京市,北京市,怀柔区,庙城,[],充电站,怀柔区
B0L1LBDZEL,云快充汽车充电站(北京智远优充科学城公共充电站),116.686516,40.345314,怀柔科学城乐园南一街五号,4008288517,汽车服务;充电站;充电站,011100,北京市,北京市,怀柔区,雁栖开发区,[],充电站,怀柔区
B0LKJ93NAW,云快充汽车充电站(北京车与家超充站),116.709320,40.322334,北房镇裕华路10号,4008288517,汽车服务;充电站;充电站,011100,北京市,北京市,怀柔区,北房镇,[],充电站,怀柔区
B0MG5PXKI2,云快充汽车充电站(南华大街27号楼),116.627718,40.307922,南华大街与府东一条交叉口北60米,[],汽车服务;充电站;充电站,011100,北京市,北京市,怀柔区,[],[],充电站,怀柔区
B0JRPKAUAY,云快充汽车充电站(四海同心充电站),116.650410,40.322025,车站路临88号,4008288517,汽车服务;充电站;充电站,011100,北京市,北京市,怀柔区,泉河,[],充电站,怀柔区
B0L30NJS27,云快充汽车充电站(开放环岛),116.658720,40.321420,地面停车场,4008288517,汽车服务;充电站;充电站,011100,北京市,北京市,怀柔区,[],[],充电站,怀柔区
B0KDPL8UU2,云快充汽车充电站(怀柔城市客厅B8号楼充电站),116.689796,40.381131,永乐北二街9号院8号楼,4008288517,汽车服务;充电站;充电站,011100,北京市,北京市,怀柔区,[],[],充电站,怀柔区
B0K1BSWDY7,云快充汽车充电站(智远优充开放环岛充电站一期),116.657780,40.321514,地面停车场,4008288517,汽车服务;充电站;充电站,011100,北京市,北京市,怀柔区,[],[],充电站,怀柔区
B0KB4LZE0D,云快充汽车充电站(顺冠慢充澜西园二区28号楼南侧),116.626460,40.323290,西园二区28号楼,4008288517,汽车服务;充电站;充电站,011100,北京市,北京市,怀柔区,泉河,[],充电站,怀柔区
B0JRPKIB9X,云快充汽车充电站(麦壳天香充电站),116.668310,40.434566,北京麦壳天香酒店地面停车场,4008288517,汽车服务;充电站;充电站,011100,北京市,北京市,怀柔区,怀北滑雪场,[],充电站,怀柔区
B0LAMXF0HY,云快充目的地充电站(北京智远优充科学城公共交流充电站),116.686520,40.345310,怀柔科学城乐园南一街五号,4008288517,汽车服务;充电站;充电站,011100,北京市,北京市,怀柔区,雁栖开发区,[],充电站,怀柔区
B0MA9N98PA,云快充目的地充电站(壹家喜聚民宿红螺寺店目的地充电桩),116.630730,40.368840,北京壹家喜聚民宿(红螺寺店),4008288517,汽车服务;充电站;充电站,011100,北京市,北京市,怀柔区,[],[],充电站,怀柔区
B0M6FNWHUO,云快充目的地充电站(怀柔区北房镇幸福大街绿能充电站),116.707590,40.325985,幸福东园西站,4008288517,汽车服务;充电站;充电站,011100,北京市,北京市,怀柔区,北房镇,[],充电站,怀柔区
B0MBY95SQ3,云快充目的地充电站(怀柔区北房镇龙芸路绿能充电站),116.713560,40.325450,幸福大街,4008288517,汽车服务;充电站;充电站,011100,北京市,北京市,怀柔区,北房镇,[],充电站,怀柔区
B0MAYNZCRZ,云快充目的地充电站(融科充电站北京城边小筑),116.559380,40.426094,慕田峪村38号,4008288517,汽车服务;充电站;充电站,011100,北京市,北京市,怀柔区,[],[],充电站,怀柔区
B0MAJB1O77,云快充目的地充电站(融科充电站北京奈斯餐厅),116.699570,40.447006,大水峪村193号,4008288517,汽车服务;充电站;充电站,011100,北京市,北京市,怀柔区,青龙峡,[],充电站,怀柔区
B0MAYN0BG1,云快充目的地充电站(融科充电站北京左邻右里民宿),116.697150,40.445408,怀北镇大水峪村99号,4008288517,汽车服务;充电站;充电站,011100,北京市,北京市,怀柔区,[],[],充电站,怀柔区
B0MAYN042Z,云快充目的地充电站(融科充电站北京暖暖亲子民宿),116.702156,40.445360,怀北镇大水峪村698号,4008288517,汽车服务;充电站;充电站,011100,北京市,北京市,怀柔区,[],[],充电站,怀柔区
B0MAAN8OX5,云快充目的地充电站(融科充电站北京漫拾光卡农野奢民宿),116.601430,40.466270,雁栖镇交界河村25号,4008288517,汽车服务;充电站;充电站,011100,北京市,北京市,怀柔区,[],[],充电站,怀柔区
B0MAYNZKHF,云快充目的地充电站(融科充电站北京漫拾光溪谷艺术民宿),116.600395,40.466473,雁栖镇交界河村105号,4008288517,汽车服务;充电站;充电站,011100,北京市,北京市,怀柔区,[],[],充电站,怀柔区
B0KB15A5GA,云快充目的地充电站(麦步充电站汉庭酒店站),116.679370,40.287290,杨宋镇凤翔大街11-2号汉庭酒店(北京怀柔杨宋电影学院店),4008288517,汽车服务;充电站;充电站,011100,北京市,北京市,怀柔区,杨宋,[],充电站,怀柔区
B0LUOSGQGX,云快充超级充电站(乐成智充液冷超充),116.629762,40.341603,红螺寺路大地燃气(红螺寺路西),4008288517,汽车服务;充电站;充电站,011100,北京市,北京市,怀柔区,泉河,[],充电站,怀柔区
B0LAMK3030,云快充超级充电站(北京通天下超充站),116.685386,40.323128,北房镇杨雁路7号院(重卡站),4008288517,汽车服务;充电站;充电站,011100,北京市,北京市,怀柔区,[],[],充电站,怀柔区
B0JKOYGOC9,云快充超级充电站(铭宇佳业大巴充电站),116.658160,40.321148,开放东路一号开放广场西北角,4008288517,汽车服务;充电站;充电站,011100,北京市,北京市,怀柔区,[],[],充电站,怀柔区
B0LD1K99K6,依威能源汽车充电站(HIMAMA锦会农场),116.641150,40.264180,庙城镇中高路13号,4001800910,汽车服务;充电站;充电站,011100,北京市,北京市,怀柔区,[],[],充电站,怀柔区
B0JAX53REA,依威能源汽车充电站(好运农庄),116.586416,40.435151,雁栖镇范崎路004县,4001800910,汽车服务;充电站;充电站,011100,北京市,北京市,怀柔区,[],[],充电站,怀柔区
B0L3N6C616,依威能源汽车充电站(怀柔碧桂园中心地下停车场),116.655990,40.313442,怀柔镇永泰北街9号院,4001800910,汽车服务;充电站;充电站,011100,北京市,北京市,怀柔区,[],[],充电站,怀柔区
B0JAX55GYQ,依威能源汽车充电站(怀柔碧桂园中心地下停车场站),116.656196,40.312058,怀柔镇永泰北街9号院怀柔碧桂园中心地下停车场内,[],汽车服务;充电站;充电站,011100,北京市,北京市,怀柔区,[],[],充电站,怀柔区
B0MDDXQMZL,依威能源汽车充电站(怀柔碧桂园中心酒店地下停车场),116.655990,40.313442,怀柔镇永泰北街9号院,4001800910,汽车服务;充电站;充电站,011100,北京市,北京市,怀柔区,[],[],充电站,怀柔区
B0K0JDAKAZ,依威能源汽车充电站(皇后镇度假村),116.579233,40.532963,雁栖镇x004,4001800910,汽车服务;充电站;充电站,011100,北京市,北京市,怀柔区,[],[],充电站,怀柔区
B0IATZL6A7,保时捷汽车充电站(渔唐度假酒店目的地充电站),116.490576,40.398946,渤海镇景峪村梁家峪49号渔唐度假酒店,010-61632740,汽车服务;充电站;充电站,011100,北京市,北京市,怀柔区,[],[],充电站,怀柔区
B0MACHVA7F,公牛充电汽车充电站(北京市桥梓镇秦家东庄村),116.575745,40.321360,桥梓镇,17340547528,汽车服务;充电站;充电站,011100,北京市,北京市,怀柔区,[],[],充电站,怀柔区
B0GK1GUMS4,北京公交集团充电站,116.645907,40.316491,开放路怀柔汽车站,[],汽车服务;充电站;充电站,011100,北京市,北京市,怀柔区,泉河,[],充电站,怀柔区
B0H1ULXMWC,北京怀柔北房小学电动汽车充电站,116.697604,40.326003,幸福大街与中高路交叉口东180米,[],汽车服务;充电站;充电站,011100,北京市,北京市,怀柔区,北房镇,[],充电站,怀柔区
B0FFGI80AK,北京汽车汽车充电站(北京京柔东方汽车销售服务有限公司),116.649217,40.296152,京柔东方汽车销售服务有限公司地面停车场,[],汽车服务;充电站;充电站,011100,北京市,北京市,怀柔区,庙城,[],充电站,怀柔区
B0LDC6HWI6,叮叮目的地充电站(猪猪农场),116.535120,40.344395,桥梓镇峪泉湖庄园,15210861698,汽车服务;充电站;充电站,011100,北京市,北京市,怀柔区,[],[],充电站,怀柔区
B0GKR5CWLZ,启明充电站(比亚迪4S店),116.685934,40.323191,杨雁路10号,[],汽车服务;充电站;充电站,011100,北京市,北京市,怀柔区,北房镇,[],充电站,怀柔区
B0FFL6OKB3,国家电网充电站(北京市怀柔区三亩园烧烤城)(暂停营业),116.551662,40.366157,三亩园烧烤城停车场内,[],汽车服务;充电站;充电站,011100,北京市,北京市,怀柔区,[],[],充电站,怀柔区
B0FFK860GX,国家电网充电站(怀柔区怀柔供电公司西侧),116.630109,40.334813,青春路湖光小区36号,[],汽车服务;充电站;充电站,011100,北京市,北京市,怀柔区,泉河,[],充电站,怀柔区
B0FFI0YO72,国家电网充电站(怀柔区长哨营政府),116.750745,40.793558,长哨营政府内地面停车场,[],汽车服务;充电站;充电站,011100,北京市,北京市,怀柔区,[],[],充电站,怀柔区
B0FFL4YTKT,国家电网冷水峪桥汽车充电站,116.660767,40.469844,京加路x019号,[],汽车服务;充电站;充电站,011100,北京市,北京市,怀柔区,[],[],充电站,怀柔区
B0FFLJC9QE,国家电网汽车充电站,116.669837,40.365828,京加路雁栖镇范各庄村路口停车场,18601376118,汽车服务;充电站;充电站,011100,北京市,北京市,怀柔区,[],[],充电站,怀柔区
B0FFI5BVGJ,国家电网汽车充电站,116.580953,40.294858,桥梓镇后桥梓村小型停车场,18601376118,汽车服务;充电站;充电站,011100,北京市,北京市,怀柔区,桥梓,[],充电站,怀柔区
B0FFGK36E4,国家电网汽车充电站(北京市怀柔区APEC远端停车场),116.648611,40.381833,"雁栖镇范畦路P5停车场内,怀柔区雁栖镇范畦路安保中心对面D开闭站内",[],汽车服务;充电站;充电站,011100,北京市,北京市,怀柔区,[],[],充电站,怀柔区
B0FFK8SCOC,国家电网汽车充电站(北京市怀柔区东关汽车修理厂充电站),116.638193,40.312560,迎宾路东东关汽车修理厂地面停车场,[],汽车服务;充电站;充电站,011100,北京市,北京市,怀柔区,[],[],充电站,怀柔区
B0FFI0YO74,国家电网汽车充电站(北京市怀柔区中榆店村),116.584934,40.927490,017县道北50米停车场(中榆树店村),[],汽车服务;充电站;充电站,011100,北京市,北京市,怀柔区,[],[],充电站,怀柔区
B0M1D1WQ4Q,国家电网汽车充电站(北京市怀柔区中石化信富加油站公共充电站),116.650942,40.352180,雁栖镇中国石化信富加油站,95598,汽车服务;充电站;充电站,011100,北京市,北京市,怀柔区,[],[],充电站,怀柔区
B0J13RHWSG,国家电网汽车充电站(北京市怀柔区中石化杨宋加油站公共充电站),116.678007,40.300583,杨宋镇中国石化杨宋加油站,95598,汽车服务;充电站;充电站,011100,北京市,北京市,怀柔区,[],[],充电站,怀柔区
B0HA1MFJ6A,国家电网汽车充电站(北京市怀柔区九渡河水长城公共充电站),116.314567,40.410810,九渡河镇西水峪村水长城旅游景点停车场内,18601376118,汽车服务;充电站;充电站,011100,北京市,北京市,怀柔区,黄花城水长城,[],充电站,怀柔区
B0FFHXNDI0,国家电网汽车充电站(北京市怀柔区京北大世界),116.631657,40.315682,南华市场西侧地面停车场,18601376118,汽车服务;充电站;充电站,011100,北京市,北京市,怀柔区,泉河,[],充电站,怀柔区
B0FFHUG7W2,国家电网汽车充电站(北京市怀柔区北房园林基地公共充电站),116.734261,40.328655,北房园林基地,[],汽车服务;充电站;充电站,011100,北京市,北京市,怀柔区,[],[],充电站,怀柔区
B0FFHRJ7BM,国家电网汽车充电站(北京市怀柔区北房镇安各庄村),116.706754,40.337973,安各庄村,[],汽车服务;充电站;充电站,011100,北京市,北京市,怀柔区,北房镇,[],充电站,怀柔区
B0LDROLFMA,国家电网汽车充电站(北京市怀柔区北房镇幸福东园),116.709369,40.326609,裕华路与幸福大街交叉口东北60米,[],汽车服务;充电站;充电站,011100,北京市,北京市,怀柔区,北房镇,[],充电站,怀柔区
B0G06GMW2S,国家电网汽车充电站(北京市怀柔区北房镇幸福东园公共充电站),116.712186,40.325581,[],18601376118,汽车服务;充电站;充电站,011100,北京市,北京市,怀柔区,北房镇,[],充电站,怀柔区
B0K2FKHE53,国家电网汽车充电站(北京市怀柔区北沟村),116.550420,40.431076,渤海镇北沟村村委会,95598,汽车服务;充电站;充电站,011100,北京市,北京市,怀柔区,[],[],充电站,怀柔区
B0FFG84TX0,国家电网汽车充电站(北京市怀柔区卧佛山庄充电站),116.544182,40.419313,慕田峪村慕田峪长城停车场内,[],汽车服务;充电站;充电站,011100,北京市,北京市,怀柔区,[],[],充电站,怀柔区
B0IUYLJ2VO,国家电网汽车充电站(北京市怀柔区喇叭沟原始森林风景区公共充电站),116.606862,40.915326,高寒植物园停车场,18601376118,汽车服务;充电站;充电站,011100,北京市,北京市,怀柔区,[],[],充电站,怀柔区
B0JUJHMG58,国家电网汽车充电站(北京市怀柔区圣泉寺景区公共充电站),116.577960,40.362316,圣泉寺景区停车场,18601376118,汽车服务;充电站;充电站,011100,北京市,北京市,怀柔区,[],[],充电站,怀柔区
B0FFHP1W8W,国家电网汽车充电站(北京市怀柔区城区),116.644370,40.333240,开放路与于家园路交叉口北220米,[],汽车服务;充电站;充电站,011100,北京市,北京市,怀柔区,泉河,[],充电站,怀柔区
B0FFHUG7W4,国家电网汽车充电站(北京市怀柔区大屯村),116.659080,40.329586,大屯村停车场(北京盛通恒运汽车配件销售中心东侧),[],汽车服务;充电站;充电站,011100,北京市,北京市,怀柔区,[],[],充电站,怀柔区
B0KD7DMEGS,国家电网汽车充电站(北京市怀柔区宝山寺供电所公共充电站),116.575660,40.692787,宝山寺供电所,18601376118,汽车服务;充电站;充电站,011100,北京市,北京市,怀柔区,[],[],充电站,怀柔区
B0FFL1UEPA,国家电网汽车充电站(北京市怀柔区宝山镇文化活动中心公共充电站),116.613106,40.696472,宝山镇转年村东侧停车场,[],汽车服务;充电站;充电站,011100,北京市,北京市,怀柔区,[],[],充电站,怀柔区
B0KD7DN1LR,国家电网汽车充电站(北京市怀柔区宝山镇道德坑村公共充电站),116.408630,40.870514,宝山镇道德坑村西北79米,18601376118,汽车服务;充电站;充电站,011100,北京市,北京市,怀柔区,[],[],充电站,怀柔区
B0FFGI0VX9,国家电网汽车充电站(北京市怀柔区怀北滑雪场公共充电站),116.665186,40.444568,怀北镇河防口怀北滑雪场内,18601376118,汽车服务;充电站;充电站,011100,北京市,北京市,怀柔区,[],[],充电站,怀柔区
B0L1MKFW68,国家电网汽车充电站(北京市怀柔区怀北滑雪场公共充电站SDK),116.665379,40.444497,怀北镇河防口怀北滑雪场内地面停车场,18601376118,汽车服务;充电站;充电站,011100,北京市,北京市,怀柔区,[],[],充电站,怀柔区
B0K2ZK2CVO,国家电网汽车充电站(北京市怀柔区怀西庄园充电站),116.596690,40.363090,西三村怀西庄园停车场,18601376118,汽车服务;充电站;充电站,011100,北京市,北京市,怀柔区,[],[],充电站,怀柔区
B0GK1O2RAV,国家电网汽车充电站(北京市怀柔区杨宋镇仙台村公共充电站),116.673217,40.283002,中影酒店南侧地面停车场,[],汽车服务;充电站;充电站,011100,北京市,北京市,怀柔区,[],[],充电站,怀柔区
B0IG1CGRVI,国家电网汽车充电站(北京市怀柔区杨宋镇供电所公共充电站SDK),116.676921,40.296676,杨宋镇张自口大桥东侧羊世界停车场,18601376118,汽车服务;充电站;充电站,011100,北京市,北京市,怀柔区,[],[],充电站,北京市
B0FFJDJCX3,国家电网汽车充电站(北京市怀柔区桥梓镇峪口村),116.524075,40.346537,台关路195号,[],汽车服务;充电站;充电站,011100,北京市,北京市,怀柔区,[],[],充电站,怀柔区
B0FFHXNDHT,国家电网汽车充电站(北京市怀柔区渤海镇明清栗园公共充电站SDK),116.467680,40.414482,明清栗园停车场,[],汽车服务;充电站;充电站,011100,北京市,北京市,怀柔区,[],[],充电站,怀柔区
B0MG272V4D,国家电网汽车充电站(北京市怀柔区瀛公馆公寓公共充电站),116.644020,40.287548,瀛公馆公寓停车场,18601376118,汽车服务;充电站;充电站,011100,北京市,北京市,怀柔区,庙城,[],充电站,怀柔区
B0IUYLHV0Q,国家电网汽车充电站(北京市怀柔区灵慧山景区公共充电站),116.585324,40.393375,灵慧山景区停车场(甘涧峪北侧),[],汽车服务;充电站;充电站,011100,北京市,北京市,怀柔区,[],[],充电站,怀柔区
B0FFHC80D3,国家电网汽车充电站(北京市怀柔区石门山景区),116.663181,40.485082,怀北镇椴树岭村1号石门山景区停车场,[],汽车服务;充电站;充电站,011100,北京市,北京市,怀柔区,[],[],充电站,怀柔区
B0LUADO1SQ,国家电网汽车充电站(北京市怀柔区科学城公共充电站),116.685010,40.342220,雁栖开发区牤牛河西路北京怀柔科学城管理委员会南门,18601376118,汽车服务;充电站;充电站,011100,北京市,北京市,怀柔区,雁栖开发区,[],充电站,怀柔区
B0FFHJJA7T,国家电网汽车充电站(北京市怀柔区红军庄村公共充电站),116.589645,40.344273,红军庄村水德广场地面停车场(红军庄公交站南侧),[],汽车服务;充电站;充电站,011100,北京市,北京市,怀柔区,[],[],充电站,怀柔区
B0FFH5LWGT,国家电网汽车充电站(北京市怀柔区芦庄村),116.620418,40.370162,芦庄村南停车场(小靳饭店对面),[],汽车服务;充电站;充电站,011100,北京市,北京市,怀柔区,红螺寺,[],充电站,怀柔区
B0FFL5L4QD,国家电网汽车充电站(北京市怀柔区融城小区南区充电站),116.634311,40.290918,融城小区南区9号楼西侧地面停车场,18601376118,汽车服务;充电站;充电站,011100,北京市,北京市,怀柔区,庙城,[],充电站,怀柔区
B0FFHXNDXK,国家电网汽车充电站(北京市怀柔区西三村),116.593893,40.362869,绿极山庄门口,[],汽车服务;充电站;充电站,011100,北京市,北京市,怀柔区,[],[],充电站,怀柔区
B0FFH6MSHR,国家电网汽车充电站(北京市怀柔区雁栖湖游乐园公共充电站SDK),116.685713,40.399356,规划一路与怀丰公路东侧路交叉口南260米,[],汽车服务;充电站;充电站,011100,北京市,北京市,怀柔区,[],[],充电站,怀柔区
B0FFG9JH0J,国家电网汽车充电站(北京市怀柔区雁栖镇范各庄),116.669584,40.365819,京加路雁栖镇范各庄村路口,18601376118,汽车服务;充电站;充电站,011100,北京市,北京市,怀柔区,雁栖,[],充电站,怀柔区
B0FFHJJA4F,国家电网汽车充电站(北京市怀柔区青龙峡景区公共充电站),116.696913,40.452655,青龙峡旅游度假区停车场,[],汽车服务;充电站;充电站,011100,北京市,北京市,怀柔区,青龙峡,[],充电站,怀柔区
B0FFFS4LPV,国家电网汽车充电站(北宅村),116.561454,40.337997,桥梓镇北宅村就业服务中心门口地面停车场,[],汽车服务;充电站;充电站,011100,北京市,北京市,怀柔区,[],[],充电站,怀柔区
B0LAYKURAW,国家电网汽车充电站(怀柔区庙城镇焦村充电站),116.636665,40.271190,庙城镇焦村,010-53686699,汽车服务;充电站;充电站,011100,北京市,北京市,怀柔区,庙城,[],充电站,怀柔区
B0FFG100ND,国家电网汽车充电站(怀柔城区供电营业厅),116.644380,40.333267,怀柔供电公司城区供电所门口北侧,18601376118,汽车服务;充电站;充电站,011100,北京市,北京市,怀柔区,泉河,[],充电站,怀柔区
B0IG1CG5FH,国家电网汽车充电站(杨宋镇羊世界),116.676380,40.304336,杨宋镇张自口大桥东侧羊世界停车场,[],汽车服务;充电站;充电站,011100,北京市,北京市,怀柔区,[],[],充电站,怀柔区
B0FFFS4M8O,国家电网汽车充电站(桥梓供电所),116.581028,40.294904,桥梓派出所西侧道路向北直行到头右转地面停车场,[],汽车服务;充电站;充电站,011100,北京市,北京市,怀柔区,桥梓,[],充电站,怀柔区
B0FFH685U5,圣泉寺停车场电动汽车充电站,116.577736,40.363139,圣泉山旅游风景区正门停车场,[],汽车服务;充电站;充电站,011100,北京市,北京市,怀柔区,[],[],充电站,怀柔区
B0M66B9KE3,壳牌充电汽车充电站(壳牌充电北京怀柔丽兴草堂根据地地面充电站),116.343750,40.424740,九渡河镇二道关村S213东口楼公交站近300米,4007160699,汽车服务;充电站;充电站,011100,北京市,北京市,怀柔区,[],[],充电站,怀柔区
B0J3242NOU,壳牌兴怀大街桥下充电站,116.649160,40.321466,车站路兴怀大街立交桥下地面停车场24,4007160699,汽车服务;充电站;充电站,011100,北京市,北京市,怀柔区,泉河,[],充电站,怀柔区
B0LDUUHE85,宝马充电站(宝马站怀柔纳百川酒楼),116.645522,40.411573,范崎路雁栖不夜谷,[],汽车服务;充电站;充电站,011100,北京市,北京市,怀柔区,[],[],充电站,怀柔区
B0L2D19B6N,小杰新能源汽车充电站(怀柔科学城A会客厅A栋B2充电站),116.700540,40.376774,怀柔未来科学城城市会客厅A-A栋B2层,4000580116,汽车服务;充电站;充电站,011100,北京市,北京市,怀柔区,[],[],充电站,怀柔区
B0L2DP887T,小杰新能源汽车充电站(怀柔科学城A会客厅D栋B2充电站),116.697120,40.377110,怀柔未来科学城城市会客厅-D栋B2层,4000580116,汽车服务;充电站;充电站,011100,北京市,北京市,怀柔区,[],[],充电站,怀柔区
B0JAT4RO2B,小桔充电充电站(众安堂超级充电站),116.692975,40.362125,北京玛诺生物制药有限公司南门旁,[],汽车服务;充电站;充电站,011100,北京市,北京市,怀柔区,[],[],充电站,怀柔区
B0LKMN4VQQ,小桔充电汽车充电站(怀柔金隅科技园报告厅停车场充电站)(内部专用),116.680680,40.427500,怀北镇北京雁栖湖应用数学研究院,4000610999,汽车服务;充电站;专用充电站,011103,北京市,北京市,怀柔区,[],[],充电站,怀柔区
B0LKMN4G3P,小桔充电汽车充电站(怀柔金隅科技园综合服务区充电站),116.677925,40.428520,怀北镇北京雁栖湖应用数学研究院,4000610999,汽车服务;充电站;充电站,011100,北京市,北京市,怀柔区,[],[],充电站,怀柔区
B0MDVSN9EE,小桔充电汽车充电站(首能星华科学城创新小镇慢充充电站),116.673191,40.364755,工业小区路53号,[],汽车服务;充电站;充电站,011100,北京市,北京市,怀柔区,[],[],充电站,怀柔区
B0L1XMQOCB,小桔充电汽车充电站(首能星华科学城创新小镇液冷超级充电站),116.673960,40.363914,雁栖镇工业小区路51号栖美广场(雁栖河西二路)山水酒店门口,4000610999,汽车服务;充电站;充电站,011100,北京市,北京市,怀柔区,雁栖开发区,[],充电站,怀柔区
B0MAARAIO1,小麦电站汽车充电站(大桥饭店易静听溪民宿),116.662028,40.487724,怀北镇椴树岭村峪道河临63号,010-53654350,汽车服务;充电站;充电站,011100,北京市,北京市,怀柔区,[],[],充电站,怀柔区
B0MA3ZYLN1,巧克力换电站(怀柔红螺寺路站)(建设中),116.629692,40.340672,北京城区北京大地燃气工程有限责任公司,4000152025,汽车服务;充电站;充电站,011100,北京市,北京市,怀柔区,泉河,[],充电站,怀柔区
B0MDYXX09S,平高智联汽车充电站(鑫双泉度假村充电站),116.546104,40.414780,渤海镇苇店村鑫双泉度假村,4000217008,汽车服务;充电站;充电站,011100,北京市,北京市,怀柔区,[],[],充电站,怀柔区
B0IB5L4CA2,开迈斯汽车充电站(北京市人济庄园站),116.558770,40.346432,桥梓镇人济高尔夫俱乐部人济庄园台关路与郭卧路交叉口北侧953米,4006657666,汽车服务;充电站;充电站,011100,北京市,北京市,怀柔区,[],[],充电站,怀柔区
B0JB6PGXRP,开迈斯汽车充电站(北京市怀柔区青春万达广场地下站),116.630179,40.316438,府前西街1号院1号楼地下停车场地下三层F区3道F139(青春路驶入),4008083392,汽车服务;充电站;充电站,011100,北京市,北京市,怀柔区,泉河,[],充电站,怀柔区
B0J24CGPK0,摩完摩了骑行驿站汽车充电站,116.616769,40.411864,雁栖镇长元村临531号,[],汽车服务;充电站;充电站,011100,北京市,北京市,怀柔区,[],[],充电站,怀柔区
B0L3BHEUZG,新电途汽车充电站(栗花溪悦精品民宿-悦小厨中餐厅),116.555176,40.376694,渤海镇三渡河村34号院,4001100835,汽车服务;充电站;充电站,011100,北京市,北京市,怀柔区,[],[],充电站,怀柔区
B0MUKGWYAW,昆仑网电汽车充电站(北京怀柔恒裕超充站),116.692950,40.362100,北京雁栖经济开发区雁栖大街25号,95700,汽车服务;充电站;充电站,011100,北京市,北京市,怀柔区,[],[],充电站,怀柔区
B0KGD1KWY6,星星充电汽车充电站(星星充电-怀柔漫心酒店充电站),116.325330,40.409840,九渡河镇石湖峪村201号院酒店地下停车场,4008280768,汽车服务;充电站;充电站,011100,北京市,北京市,怀柔区,[],[],充电站,怀柔区
B0FFHQ07O5,星星汽车充电站(北京京柔东方汽车销售服务有限公司),116.649311,40.295911,庙城镇高两河村西10米地面停车场,[],汽车服务;充电站;充电站,011100,北京市,北京市,怀柔区,庙城,[],充电站,怀柔区
B0J10UE7CN,普天充电桩(北京电影学院怀柔校区站),116.693881,40.283799,祥瑞路50号,[],汽车服务;充电站;充电站,011100,北京市,北京市,怀柔区,[],[],充电站,怀柔区
B0HDYXRMTW,普天新能源充电站(普天新能源光荣院),116.633045,40.335636,北大街26号北京市怀柔区民政局停车场,[],汽车服务;充电站;充电站,011100,北京市,北京市,怀柔区,泉河,[],充电站,怀柔区
B0HA9K5VCO,普天新能源汽车充电站(纳百川酒楼站),116.645481,40.411556,纳百川度假村停车场,[],汽车服务;充电站;充电站,011100,北京市,北京市,怀柔区,神堂峪,[],充电站,怀柔区
B0MBBNVDQB,比亚迪闪充汽车充电站(比亚迪北京北方瑞丰4S店),116.636910,40.272181,庙城镇京密路北京北方瑞丰汽车销售服务有限公司,4000306666,汽车服务;充电站;充电站,011100,北京市,北京市,怀柔区,庙城,[],充电站,怀柔区
B0MBPN06AT,比亚迪闪充汽车充电站(比亚迪北京鑫敏恒怀瑾),116.639336,40.293156,庙城镇501号,4000306666,汽车服务;充电站;充电站,011100,北京市,北京市,怀柔区,庙城,[],充电站,怀柔区
B0G3JC6L3P,汽车充电站(Offer卧佛山庄充电桩停车场),116.535197,40.440657,辛桃路2层,[],汽车服务;充电站;充电站,011100,北京市,北京市,怀柔区,[],[],充电站,怀柔区
B0KA6MDMMB,汽车充电站(五一小学站),116.682992,40.283440,和平路32号,[],汽车服务;充电站;充电站,011100,北京市,北京市,怀柔区,杨宋,[],充电站,怀柔区
B0K2T7W91W,汽车充电站(亚楠民宿共享充电站),116.696857,40.673074,琉璃庙镇狼虎哨村21号,13716476016,汽车服务;充电站;充电站,011100,北京市,北京市,怀柔区,[],[],充电站,怀柔区
B0L2C5HC54,汽车充电站(京瑞恒诚电气北京股份有限公司站),116.716518,40.287329,怀耿路99号,[],汽车服务;充电站;充电站,011100,北京市,北京市,怀柔区,[],[],充电站,怀柔区
B0FFGK3149,汽车充电站(北京公交集团),116.657501,40.317258,怀柔新医院西侧公交场站,[],汽车服务;充电站;充电站,011100,北京市,北京市,怀柔区,[],[],充电站,怀柔区
B0K2D612JY,汽车充电站(派捷充-雁栖国际社区一期B2停车场),116.677519,40.348865,雁栖国际社区一期B2停车场,[],汽车服务;充电站;充电站,011100,北京市,北京市,怀柔区,雁栖开发区,[],充电站,怀柔区
B0K2DSB0B3,汽车充电站(神堂太公营地快充站),116.644221,40.414592,雁山路17号,13717731981,汽车服务;充电站;充电站,011100,北京市,北京市,怀柔区,神堂峪,[],充电站,怀柔区
B0KKVDK4MG,汽车充电站(隆瑞三优怀柔916路充电站),116.645746,40.315814,府前东街4号,[],汽车服务;充电站;充电站,011100,北京市,北京市,怀柔区,泉河,[],充电站,怀柔区
B0K2OUT358,汽车充电站(隆瑞三优雁西快充站),116.702526,40.368566,牤牛河西路29号,[],汽车服务;充电站;充电站,011100,北京市,北京市,怀柔区,[],[],充电站,怀柔区
B0I1UCZ411,河防口那家客栈汽车充电站,116.673314,40.434974,怀北镇河防口村那家客栈,13581515938;15010359511,汽车服务;充电站;充电站,011100,北京市,北京市,怀柔区,[],[],充电站,怀柔区
B0MDXL12VF,滴滴充电充电站(北京有色金属研究院总院充电站),116.687407,40.336167,北房镇有色金属研究总院怀柔基地(南门),4000610999,汽车服务;充电站;充电站,011100,北京市,北京市,怀柔区,[],[],充电站,怀柔区
B0MGPMZS9N,滴滴充电汽车充电站(北京怀柔郑重庄充电站),116.618900,40.288197,北京首怀兴业汽车服务有限公司(大型车辆可充电),4000610999,汽车服务;充电站;充电站,011100,北京市,北京市,怀柔区,庙城,[],充电站,怀柔区
B0M6HA8S36,滴滴充电汽车充电站(泊增超充庙城镇政府站),116.634920,40.292805,庙城地区办事处庙城镇人民政府,4000610999,汽车服务;充电站;充电站,011100,北京市,北京市,怀柔区,庙城,[],充电站,怀柔区
B0L3H78ZNF,特斯拉充电站(特斯拉目的地充电站雁栖湖高尔夫俱乐部),116.701606,40.400302,山海赋房车租赁俱乐部东南侧250米,[],汽车服务;充电站;充电站,011100,北京市,北京市,怀柔区,[],[],充电站,怀柔区
B0J29GYFMY,特斯拉目的地充电站(北京嘉度度假酒店),116.521840,40.399260,渤海镇渤海所村八渡河岭73号,4009100707,汽车服务;充电站;充电站,011100,北京市,北京市,怀柔区,[],[],充电站,怀柔区
B0L1UG2H5O,特斯拉目的地充电站(北京怀柔宝麓观塘酒店目的地充电站),116.614110,40.412964,雁栖镇长元村环坨子66号宝麓观塘酒店地上停车场,4009100707,汽车服务;充电站;充电站,011100,北京市,北京市,怀柔区,[],[],充电站,怀柔区
B0KGRON6CT,特斯拉目的地充电站(北京放风儿民宿目的地充电站),116.671430,40.436417,河防口村放风民宿地面车位,4009100707,汽车服务;充电站;充电站,011100,北京市,北京市,怀柔区,[],[],充电站,怀柔区
B0L1UG2BRD,特斯拉目的地充电站(北京日出东方目的地充电站),116.677630,40.387120,雁栖湖南路11号院18幢日出东方凯宾斯基酒店地下车库020、021、022、023地下,4009100707,汽车服务;充电站;充电站,011100,北京市,北京市,怀柔区,[],[],充电站,怀柔区
B0J29G3218,特斯拉目的地充电站(北京鹅和鸭农庄),116.564430,40.336600,桥梓镇北宅村南,4009100707,汽车服务;充电站;充电站,011100,北京市,北京市,怀柔区,[],[],充电站,怀柔区
B0J29GV8II,特斯拉目的地充电站(瓦厂酒店),116.555760,40.433650,渤海镇北沟村村南100米,4009100707,汽车服务;充电站;充电站,011100,北京市,北京市,怀柔区,[],[],充电站,怀柔区
B0FFIVXHX3,特来电充电站(北京渤海板栗联合会站),116.473109,40.413568,245乡道与怀黄路交叉口西440米,[],汽车服务;充电站;充电站,011100,北京市,北京市,怀柔区,[],[],充电站,怀柔区
B0MDHSSIS9,特来电汽车充电站(乐成智充科学城一站),116.705890,40.379227,科学城城市客厅C北区地下停车场,13911755390,汽车服务;充电站;充电站,011100,北京市,北京市,怀柔区,[],[],充电站,怀柔区
B0MDHSRYT8,特来电汽车充电站(乐成智充科学城二站),116.702510,40.373024,科学城城市客厅C南区地下一层停车场,13911755390,汽车服务;充电站;充电站,011100,北京市,北京市,怀柔区,[],[],充电站,怀柔区
B0FFHJJ4VP,特来电汽车充电站(北京九樨餐厅),116.567940,40.290597,S308(怀长路),4001300001,汽车服务;充电站;充电站,011100,北京市,北京市,怀柔区,桥梓,[],充电站,怀柔区
B0FFHST762,特来电汽车充电站(北京大星发-丽湖店充电站),116.628719,40.308763,大星发丽湖停车场,4001300001,汽车服务;充电站;充电站,011100,北京市,北京市,怀柔区,[],[],充电站,怀柔区
B0FFHJJ4VO,特来电汽车充电站(北京焱聚鹏),116.690767,40.391411,京加路与龙德行路交叉口南140米,[],汽车服务;充电站;充电站,011100,北京市,北京市,怀柔区,[],[],充电站,怀柔区
B0K3YXEK3O,特来电汽车充电站(特来电北京中建雁栖湖景酒店充电站),116.680984,40.404278,怀北镇中建雁栖湖景酒店B1层车位120-,4001300001,汽车服务;充电站;充电站,011100,北京市,北京市,怀柔区,雁栖湖,[],充电站,怀柔区
B0FFHJJ4VM,特来电汽车充电站(特来电北京大石窑农家院充电站),116.698462,40.681292,琉璃庙镇狼虎哨村村委会东1000米,[],汽车服务;充电站;充电站,011100,北京市,北京市,怀柔区,[],[],充电站,怀柔区
B0KB2PISLZ,特来电汽车充电站(特来电北京市怀柔区兴怀大街桥下充电站),116.649604,40.321526,龙山街道火车站路北京荣顺通装卸有限公司,4001300001,汽车服务;充电站;充电站,011100,北京市,北京市,怀柔区,泉河,[],充电站,怀柔区
B0IBAZ9XB3,特来电汽车充电站(特来电北京怀柔北大街1号充电站),116.643060,40.335643,泉河街道北大街1号金泰苑小区地面停车场,4001300001,汽车服务;充电站;充电站,011100,北京市,北京市,怀柔区,泉河,[],充电站,怀柔区
B0FFHJJ4W3,特来电汽车充电站(特来电北京怀柔新渔乐充电站),116.636514,40.336279,北大街49号地面停车场,4001300001,汽车服务;充电站;充电站,011100,北京市,北京市,怀柔区,泉河,[],充电站,怀柔区
B0IBAZBUC5,特来电汽车充电站(特来电北京怀柔红螺寺景区充电站),116.624267,40.373717,红螺东路2号,4001300001,汽车服务;充电站;充电站,011100,北京市,北京市,怀柔区,红螺寺,[],充电站,怀柔区
B0FFI1ZN1B,特来电汽车充电站(特来电北京怀柔长城汽修充电站),116.649701,40.324748,开放东路19号,[],汽车服务;充电站;充电站,011100,北京市,北京市,怀柔区,泉河,[],充电站,怀柔区
B0FFHVF4QY,特来电汽车充电站(特来电北京怀柔鱼师傅充电站),116.558292,40.400935,渤苇店村东地面停车场,[],汽车服务;充电站;充电站,011100,北京市,北京市,怀柔区,[],[],充电站,怀柔区
B0FFI6E837,特来电汽车充电站(长副坝路),116.626775,40.336575,X009(怀黄路)地面停车场,4001300001,汽车服务;充电站;充电站,011100,北京市,北京市,怀柔区,泉河,[],充电站,怀柔区
B0FFHWSNMZ,特来电汽车充电站(雁栖湖P5),116.649056,40.383030,雁栖湖西山步道停车点,4001300001,汽车服务;充电站;充电站,011100,北京市,北京市,怀柔区,[],[],充电站,怀柔区
B0FFIQWAJ8,特来电汽车充电站(鹿世界主题公园),116.704451,40.294108,北辰路1号地面停车场,4001300001,汽车服务;充电站;充电站,011100,北京市,北京市,怀柔区,[],[],充电站,怀柔区
B0LRZX3J56,特来电目的地充电站(北京市怀柔区雁栖湖火车站充电站),116.659970,40.373657,雁栖湖站停车场,13810460444,汽车服务;充电站;充电站,011100,北京市,北京市,怀柔区,[],[],充电站,怀柔区
B0LRYRX2CD,特来电目的地充电站(北京市怀柔区雁栖镇优品园北充电站充电站),116.658639,40.344965,雁栖镇优品园,13810460444,汽车服务;充电站;充电站,011100,北京市,北京市,怀柔区,[],[],充电站,怀柔区
B0LUL79G1A,特来电目的地充电站(北京市怀柔区雁栖镇光织谷东区充电站),116.660770,40.349396,雁栖镇世嘉光织谷东区,13810460444,汽车服务;充电站;充电站,011100,北京市,北京市,怀柔区,雁栖开发区,[],充电站,怀柔区
B0LUL7APY3,特来电目的地充电站(北京市怀柔区雁栖镇光织谷西区充电站),116.656990,40.349808,乐园西大街15号院世嘉光织谷西区停车场,13810460444,汽车服务;充电站;充电站,011100,北京市,北京市,怀柔区,雁栖开发区,[],充电站,怀柔区
B0KB15C80L,特来电目的地充电站(北京市怀柔区雁栖镇顶秀美泉小镇南充电站),116.671846,40.370385,雁栖镇顶秀美泉小镇,13810460444,汽车服务;充电站;充电站,011100,北京市,北京市,怀柔区,[],[],充电站,怀柔区
B0LDF7YS1G,特来电目的地充电站(特来电北京怀柔东关丽枫酒店充电站),116.642380,40.309940,龙山街道东关二区小区丽枫酒店(北京怀柔商业街店),4001300001,汽车服务;充电站;充电站,011100,北京市,北京市,怀柔区,[],[],充电站,怀柔区
B0MA751IV2,琉璃庙镇老公营村路边充电桩,116.643773,40.627671,琉崎路路边,[],汽车服务;充电站;充电站,011100,北京市,北京市,怀柔区,[],[],充电站,怀柔区
B0MD97PG5F,电动汽车充电站,116.645175,40.330925,市政园林路与开放路交叉口东40米,[],汽车服务;充电站;充电站,011100,北京市,北京市,怀柔区,泉河,[],充电站,怀柔区
B0MA76YYVO,电动汽车充电站(社区站北京市昌平区京电博源双兴苑东区北门充电站),116.623825,40.375775,红螺路与红螺寺路交叉口西北40米,[],汽车服务;充电站;充电站,011100,北京市,北京市,怀柔区,[],[],充电站,怀柔区
B0MBZABK1X,粤万通电瓶单车共享充电站,116.642939,40.311534,开放路与南大街交叉口西南300米,[],汽车服务;充电站;充电站,011100,北京市,北京市,怀柔区,[],[],充电站,怀柔区
B0L2RNLBV0,能加超充超级充电站 (怀柔行政大厅超充站),116.644325,40.323936,怀柔区税务服务中心,4001100835,汽车服务;充电站;充电站,011100,北京市,北京市,怀柔区,泉河,[],充电站,怀柔区
B0LGX5BI3H,能效邻里共享汽车充电站(前街充电站),116.432220,40.378730,九渡河镇吉寺村前街323号门口,15810221271,汽车服务;充电站;充电站,011100,北京市,北京市,怀柔区,[],[],充电站,怀柔区
B0L0N5SBLP,能效邻里共享汽车充电站(邻里共享充电),116.662895,40.360482,358号,18510620012,汽车服务;充电站;充电站,011100,北京市,北京市,怀柔区,[],[],充电站,怀柔区
B0MAZACJ8K,蔚景云汽车充电站(融科充电站北京房东花屿客栈),116.703660,40.446020,怀北镇房东花屿客栈(环镇路1号分店)北京昊哲农家院,4006803880,汽车服务;充电站;充电站,011100,北京市,北京市,怀柔区,青龙峡,[],充电站,怀柔区
B0MD7R8DGG,蔚景云汽车充电站(融科充电站北京星野民宿),116.603240,40.412720,雁栖镇北京星野民宿,4006803880,汽车服务;充电站;充电站,011100,北京市,北京市,怀柔区,[],[],充电站,怀柔区
B0MDRZAKUZ,蔚景云汽车充电站(融科充电站北京莫也精品民宿),116.697340,40.446730,怀北镇300流年行藏,4006803880,汽车服务;充电站;充电站,011100,北京市,北京市,怀柔区,[],[],充电站,怀柔区
B0MDRZAZBU,蔚景云汽车充电站(融科充电站北京隐山小筑民宿),116.588800,40.434578,雁栖镇范崎路神堂峪自然风景区内(西侧),4006803880,汽车服务;充电站;充电站,011100,北京市,北京市,怀柔区,[],[],充电站,怀柔区
B0K6SU6OVE,蔚来目充站北京隐居乡里牧马人民宿,116.708167,40.859694,北京利香居食府东北侧260米,[],汽车服务;充电站;充电站,011100,北京市,北京市,怀柔区,[],[],充电站,怀柔区
B0L6165X76,蔚来能源目的地充电站(北京怀柔晏月台度假村),116.665110,40.473545,怀北镇椴树岭村峪道河1号,[],汽车服务;充电站;充电站,011100,北京市,北京市,怀柔区,[],[],充电站,怀柔区
B0FFL1KQYS,隆瑞三优于家园充电站,116.649278,40.331807,泉河路与市政园林路交叉口北220米,[],汽车服务;充电站;充电站,011100,北京市,北京市,怀柔区,泉河,[],充电站,怀柔区
B0G0XZZGNF,隆瑞三优怀柔新医院微循环充电站,116.657554,40.316793,天和路与永泰北街交叉口北120米,[],汽车服务;充电站;充电站,011100,北京市,北京市,怀柔区,[],[],充电站,怀柔区
B0LRP9SITW,隆瑞三优汽车充电站(隆瑞三优雁栖充电站快充站),116.702490,40.368523,牤牛河西路,[],汽车服务;充电站;充电站,011100,北京市,北京市,怀柔区,[],[],充电站,怀柔区
B0KROUYAM1,首能充电汽车充电站(首能星华),116.673917,40.364555,工业小区路51号,13001177010,汽车服务;充电站;充电站,011100,北京市,北京市,怀柔区,[],[],充电站,怀柔区
B0L25PBVAG,驴充充汽车充电站(元熙书舍私汤民宿红螺寺店),116.620980,40.374180,怀柔镇芦庄村52号(近红螺寺)元熙书舍私汤民宿,0797-966991,汽车服务;充电站;充电站,011100,北京市,北京市,怀柔区,红螺寺,[],充电站,怀柔区
B0LDMD0QOU,驴充充汽车充电站(凤和二园),116.681174,40.287047,和平路34号凤和二园,0797-966991,汽车服务;充电站;充电站,011100,北京市,北京市,怀柔区,杨宋,[],充电站,怀柔区
B0L10PC6A4,驴充充汽车充电站(悦静拾光),116.376920,40.366737,怀柔区九渡河镇九渡河村悦静拾光民宿,0797-966991,汽车服务;充电站;充电站,011100,北京市,北京市,怀柔区,[],[],充电站,怀柔区
B0LUXPMJLR,驴充充汽车充电站(车海洋自助洗车站永昌街店),116.696173,40.324094,永昌街谢发旅店,0797-966991,汽车服务;充电站;充电站,011100,北京市,北京市,怀柔区,北房镇,[],充电站,怀柔区
B0LAYSXC11,驴充充汽车充电站(鱼乐小院怀柔农家菜碳烤虹鳟鱼),116.605675,40.413143,鱼乐小院地面停车场,0797-966991,汽车服务;充电站;充电站,011100,北京市,北京市,怀柔区,[],[],充电站,怀柔区
B0LUDC52EZ,IE充汽车充电站(北京龙凤阳明),116.094246,39.755270,伟星房山运营中心北,[],汽车服务;充电站;充电站,011100,北京市,北京市,房山区,[],[],充电站,房山区
B0M61GG2S2,bp pulse汽车充电站(良乡南关地铁站),116.141050,39.722862,拱辰街道南关轻轨南侧停车场东侧(良乡南关地铁站B1南口旁),4006644086,汽车服务;充电站;充电站,011100,北京市,北京市,房山区,良乡,[],充电站,房山区
B0FFIPEUHR,万马新能源紫草坞充电站,116.078978,39.719590,紫码路路程汽车销售服务公司西80米,4000850006,汽车服务;充电站;充电站,011100,北京市,北京市,房山区,[],[],充电站,房山区
B0FFL0DG0G,万马爱充汽车充电站(万马爱充苏庄西区停车场站),116.118491,39.729156,月华大街15号苏庄西区停车场,[],汽车服务;充电站;充电站,011100,北京市,北京市,房山区,良乡,[],充电站,房山区
B0KD0B134W,中国石化汽车充电站(中国石化富燕二区北门充电站),115.980762,39.718965,向阳街道富燕新村二区北门,95105888,汽车服务;充电站;充电站,011100,北京市,北京市,房山区,燕山,[],充电站,房山区
B0K0JB7LE4,中国石化汽车充电站(中国石化明峻嘉园充电站),116.074580,39.644035,窦店镇窦店村委会东200米路北,95105888,汽车服务;充电站;充电站,011100,北京市,北京市,房山区,窦店,[],充电站,房山区
B0K1GSRSHB,中国石化汽车充电站(中国石化良乡体育中心充电站),116.135056,39.743103,良乡体育中心地面停车场,95105888,汽车服务;充电站;充电站,011100,北京市,北京市,房山区,良乡,[],充电站,房山区
B0KUJBDTLJ,中国石化汽车充电站(中国石化金隅糖充电站),116.186292,39.739783,金隅畅和园4号院西1门西北90米,95105888,汽车服务;充电站;充电站,011100,北京市,北京市,房山区,长阳,[],充电站,北京市
B0MDJ4IVCG,中国石化汽车充电站(中国石化长沟超级充电站),115.902650,39.590730,中国石化长沟加油站西北100米,95105888,汽车服务;充电站;充电站,011100,北京市,北京市,房山区,[],[],充电站,房山区
B0LRPAR9VK,中国石化汽车充电站(中国石化阎村重卡充电站),116.095190,39.722126,阎村镇阎吕路中国石化阎村加油站,95105888,汽车服务;充电站;充电站,011100,北京市,北京市,房山区,[],[],充电站,北京市
B0K0OBACT8,中国石化汽车充电站(新红充电站),115.934954,39.654305,周口店镇新街村,95105888,汽车服务;充电站;充电站,011100,北京市,北京市,房山区,[],[],充电站,房山区
B0L1KBU1IA,中国石化汽车充电站(星城南充电站),116.057140,39.705708,阎村镇昊腾家园中国石化国普加油站东北,95105888,汽车服务;充电站;充电站,011100,北京市,北京市,房山区,[],[],充电站,房山区
B0M63A76EP,中国石化汽车充电站(燕山石化厂区北门充电站),115.948904,39.761266,迎风街道西区职工停车场,95105888,汽车服务;充电站;充电站,011100,北京市,北京市,房山区,燕山,[],充电站,房山区
B0LD0BESH3,中国石化汽车充电站(燕山综合服务站充电站),115.981290,39.743484,东风街道中国石化储运氢能加油加气站,95105888,汽车服务;充电站;充电站,011100,北京市,北京市,房山区,燕山,[],充电站,房山区
B0K0JB3YO3,中国石化汽车充电站(窦店镇政府充电站),116.068436,39.651302,窦店一区6号物美超市对面,95105888,汽车服务;充电站;充电站,011100,北京市,北京市,房山区,窦店,[],充电站,房山区
B0K1UB5L9M,中国石化汽车充电站(良乡镇政府充电站),116.152639,39.704731,拱辰街道黑鲁路良乡镇政府,95105888,汽车服务;充电站;充电站,011100,北京市,北京市,房山区,[],[],充电站,房山区
B0K0OBMPXH,中国石化汽车充电站(苏庄海悦城充电站),116.119080,39.725002,西潞街道苏庄海悦城地上停车场,95105888,汽车服务;充电站;充电站,011100,北京市,北京市,房山区,良乡,[],充电站,房山区
B0M695CXDI,中国石化汽车充电站(长沟充电站),115.902708,39.590720,房易路318号,95105888,汽车服务;充电站;充电站,011100,北京市,北京市,房山区,[],[],充电站,房山区
B0K0OB3BF2,中国石化汽车充电站(饶乐府充电站),116.000213,39.700437,城关街道饶乐府新村万利广场地面停车场内,95105888,汽车服务;充电站;充电站,011100,北京市,北京市,房山区,房山城关,[],充电站,房山区
B0L2UBDA3K,中国石化超级充电站(马各庄充电站),116.013910,39.708363,马各庄福瑞停车场充电站,95105888,汽车服务;充电站;充电站,011100,北京市,北京市,房山区,房山城关,[],充电站,房山区
B0JRPKE8SY,云快充目的地充电站(房山天瑞嘉园交流充电站),116.205860,39.684094,中铁二十二局天瑞嘉园,4008288517,汽车服务;充电站;充电站,011100,北京市,北京市,房山区,[],[],充电站,房山区
B0L1LBDJZE,云快充超级充电站(京雄高速房山停车区进京),116.185394,39.604122,京雄高速房山南停车区(高速上),4008288517,汽车服务;充电站;充电站,011100,北京市,北京市,房山区,[],[],充电站,房山区
B0K3X74F15,云快充超级充电站(宽湾液冷超级充电站),116.206600,39.674603,房山汽车园西门旁,4008288517,汽车服务;充电站;充电站,011100,北京市,北京市,房山区,[],[],充电站,北京市
B0L3V6FOKE,云快充超级充电站(窦店服务区充电站进京方向),116.081689,39.629933,窦店服务区,4008288517,汽车服务;充电站;充电站,011100,北京市,北京市,房山区,窦店,[],充电站,房山区
B0L3V6GAX1,云快充超级充电站(窦店服务区充电站进京方向),116.079522,39.629088,窦店服务区,4008288517,汽车服务;充电站;充电站,011100,北京市,北京市,房山区,窦店,[],充电站,房山区
B0MGH4SD70,云快充超级充电站(韩村河进京超级充电站),115.941790,39.623844,韩村河服务区进京反向,4008288517,汽车服务;充电站;充电站,011100,北京市,北京市,房山区,[],[],充电站,房山区
B0L3F6491V,充小兽汽车充电站(华宇站),116.143484,39.726290,主题雕塑广场(南关东路南),4008758666,汽车服务;充电站;充电站,011100,北京市,北京市,房山区,良乡,[],充电站,房山区
B0L0ZCEXUU,充电桩慢充,115.545934,39.659131,苹果园路,[],汽车服务;充电站;充电站,011100,北京市,北京市,房山区,[],[],充电站,房山区
B0FFH2RTD0,充电站,115.901275,39.612171,韩村河龙门口旅游区水库南侧地面停车场,[],汽车服务;充电站;充电站,011100,北京市,北京市,房山区,[],[],充电站,房山区
B0FFJL5R31,充电队长汽车充电站(绿地缤纷城),116.160810,39.756367,黄辛庄路口东南角绿地新都,[],汽车服务;充电站;充电站,011100,北京市,北京市,房山区,长阳,[],充电站,房山区
B0KDBZYJ9U,北京燕龙充电站,116.016330,39.697134,城关街道化工四厂桥南18米,[],汽车服务;汽车服务相关;汽车服务相关,010000,北京市,北京市,房山区,[],[],充电站,房山区
B0K2A6WT5E,北京车联网汽车充电站(京良路液冷超充),116.189734,39.766676,长阳镇长兴东街10号,18301081505,汽车服务;充电站;充电站,011100,北京市,北京市,房山区,长阳,[],充电站,北京市
B0LRONVHAS,卫莱电汽车充电站(北京科化石油充电站),116.079011,39.765171,北京科化石油化工有限公司东南(良坨路北),13520835328,汽车服务;充电站;充电站,011100,北京市,北京市,房山区,[],[],充电站,房山区
B0FFHXNDHN,国家电网充电站(良乡保良汽修厂),116.032940,39.708614,京周路北侧大石河路口良乡保良汽修厂,[],汽车服务;充电站;充电站,011100,北京市,北京市,房山区,[],[],充电站,房山区
B0FFHN21UT,国家电网汽车充电站(京昆高速韩村河服务区公共充电站北京方向),115.943260,39.623376,京昆高速韩村河服务区进京方向,18601376118,汽车服务;充电站;充电站,011100,北京市,北京市,房山区,[],[],充电站,房山区
B0G2CM80ET,国家电网汽车充电站(京昆高速韩村河服务区公共充电站昆明方向),115.942572,39.625571,京昆高速韩村河服务区(出京方向)地面停车场,18601376118,汽车服务;充电站;充电站,011100,北京市,北京市,房山区,[],[],充电站,房山区
B0J2FSSUOT,国家电网汽车充电站(京港澳高速窦店服务区公共充电站北京方向),116.081814,39.629567,京港澳高速窦店服务区(进京方向)停车场,18601376118,汽车服务;充电站;充电站,011100,北京市,北京市,房山区,窦店,[],充电站,房山区
B0FFI2O8LT,国家电网汽车充电站(京港澳高速窦店服务区公共充电站港澳方向),116.079531,39.629696,窦店服务区内地面停车场,18601376118,汽车服务;充电站;充电站,011100,北京市,北京市,房山区,窦店,[],充电站,房山区
B0FFHQ079G,国家电网汽车充电站(北京市房山区万亩梨园园中园),116.155997,39.605803,琉璃河镇万亩梨园园中园绿色生态休闲农庄院内,[],汽车服务;充电站;充电站,011100,北京市,北京市,房山区,[],[],充电站,房山区
B0HA2MP1SC,国家电网汽车充电站(北京市房山区三八石英厂公共充电站),116.060619,39.733157,阎村镇阎河路西三八石英厂地面停车场,[],汽车服务;充电站;充电站,011100,北京市,北京市,房山区,[],[],充电站,房山区
B0FFKGV958,国家电网汽车充电站(北京市房山区上石堡村充电站),115.762820,39.761920,霞云岭派出所北侧路边停车场,[],汽车服务;充电站;充电站,011100,北京市,北京市,房山区,[],[],充电站,房山区
B0FFL04T17,国家电网汽车充电站(北京市房山区中山寺遗址充电站),115.844217,39.594393,云居寺路与云房路交叉口东侧地面停车场,[],汽车服务;充电站;充电站,011100,北京市,北京市,房山区,[],[],充电站,房山区
B0LK27RXRW,国家电网汽车充电站(北京市房山区京东方生命科技产业基地公共超级充电站),116.126220,39.658960,窦店镇北京京东方生命科技产业基地,18601376118,汽车服务;充电站;充电站,011100,北京市,北京市,房山区,窦店,[],充电站,房山区
B0FFL6PX4L,国家电网汽车充电站(北京市房山区八渡高山漂流公共充电站SDK),115.608070,39.636448,十渡镇八渡村高山漂流东南门停车场,[],汽车服务;充电站;充电站,011100,北京市,北京市,房山区,[],[],充电站,房山区
B0G3TROLD4,国家电网汽车充电站(北京市房山区北潞园农商银行充电站),116.128550,39.739548,地面停车场(北潞芳东北),[],汽车服务;充电站;充电站,011100,北京市,北京市,房山区,良乡,[],充电站,房山区
B0MBM77MMB,国家电网汽车充电站(北京市房山区十渡东湖港风景区南门公共充电站SDK),115.528520,39.674530,"十渡镇十大路北50米,东湖港风景区南门东停车场",18601376118,汽车服务;充电站;充电站,011100,北京市,北京市,房山区,东湖港,[],充电站,房山区
B0HA45T67S,国家电网汽车充电站(北京市房山区十渡拒马乐园公共充电站),115.594090,39.634903,房山十渡风景名胜区拒马乐园地面停车场,[],汽车服务;充电站;充电站,011100,北京市,北京市,房山区,[],[],充电站,房山区
B0FFFNMEUW,国家电网汽车充电站(北京市房山区南召),116.122668,39.605411,琉璃镇东南召村南,010-80398604,汽车服务;充电站;充电站,011100,北京市,北京市,房山区,[],[],充电站,房山区
B0FFHLE9BL,国家电网汽车充电站(北京市房山区周口店文化广场),115.946536,39.681686,周口店镇京周路周口店村文化广场地面停车场,18601376118,汽车服务;充电站;充电站,011100,北京市,北京市,房山区,[],[],充电站,房山区
B0GU1LYS1H,国家电网汽车充电站(北京市房山区坨头村充电站),115.999408,39.660181,石楼镇坨头村文化广场东侧地面停车场,[],汽车服务;充电站;充电站,011100,北京市,北京市,房山区,[],[],充电站,房山区
B0FFL2KAT1,国家电网汽车充电站(北京市房山区大高舍村充电站),116.104768,39.670415,窦店镇大高舍村北侧公共停车场,18601376118,汽车服务;充电站;充电站,011100,北京市,北京市,房山区,窦店,[],充电站,房山区
B0FFHS6Y7T,国家电网汽车充电站(北京市房山区天湖国际酒店公共充电站),116.064499,39.783400,青龙湖镇天湖会议中心停车场,[],汽车服务;充电站;充电站,011100,北京市,北京市,房山区,[],[],充电站,房山区
B0MBM77ZJN,国家电网汽车充电站(北京市房山区小清河公园南侧公共充电站SDK),116.195500,39.724090,长阳镇清苑北街小清河公园西南侧停车场,18601376118,汽车服务;充电站;充电站,011100,北京市,北京市,房山区,长阳,[],充电站,房山区
B0LR6DFDMR,国家电网汽车充电站(北京市房山区广阳西路公共超级充电站),116.152820,39.757755,拱辰街道北京电力房山供电公司,18601376118,汽车服务;充电站;充电站,011100,北京市,北京市,房山区,长阳,[],充电站,房山区
B0FFHYDKIO,国家电网汽车充电站(北京市房山区张坊镇),115.719048,39.575697,张房镇政府文化广场地面停车场(国网张坊营业厅北侧),[],汽车服务;充电站;充电站,011100,北京市,北京市,房山区,[],[],充电站,房山区
B0HKFO26FV,国家电网汽车充电站(北京市房山区惠景新苑小区充电站),115.995267,39.797139,河北镇惠景新苑小区6号楼西侧停车场,[],汽车服务;充电站;充电站,011100,北京市,北京市,房山区,[],[],充电站,房山区
B0IU1YWIJL,国家电网汽车充电站(北京市房山区房山四中公共充电站),115.979425,39.691296,城关街道四中家属楼地面停车场,18601376118,汽车服务;充电站;充电站,011100,北京市,北京市,房山区,房山城关,[],充电站,房山区
B0IG7CQW97,国家电网汽车充电站(北京市房山区文化广场公共充电站),116.123909,39.726155,苏庄大街6号地面停车场(苏庄地铁站A1北口步行440米),[],汽车服务;充电站;充电站,011100,北京市,北京市,房山区,良乡,[],充电站,房山区
B0FFHJJA59,国家电网汽车充电站(北京市房山区河北镇公共充电站),115.932833,39.816571,河北镇辛庄公交站对面地面停车场,[],公司企业;公司企业;公司企业,170000,北京市,北京市,房山区,[],[],充电站,房山区
B0FFIZW75P,国家电网汽车充电站(北京市房山区珍华金属结构厂),116.091151,39.720441,阎村镇阎河路北珍华金属结构厂地面停车场,18601376118,汽车服务;充电站;充电站,011100,北京市,北京市,房山区,[],[],充电站,房山区
B0FFKW24XZ,国家电网汽车充电站(北京市房山区百草畔自然风景区充电站),115.629211,39.789431,杏林苑观光采摘园南侧路边停车场,[],汽车服务;充电站;充电站,011100,北京市,北京市,房山区,[],[],充电站,房山区
B0FFFY1R92,国家电网汽车充电站(北京市房山区窑上),116.198134,39.614461,窑上供电所,[],汽车服务;充电站;充电站,011100,北京市,北京市,房山区,[],[],充电站,房山区
B0FFKZXPKU,国家电网汽车充电站(北京市房山区窦店汽车城充电站),116.071922,39.639270,窦店汽车城院内北侧地面停车场,18601376118,汽车服务;充电站;充电站,011100,北京市,北京市,房山区,窦店,[],充电站,房山区
B0LUOKBW7H,国家电网汽车充电站(北京市房山区篱笆房轻轨站停车场充电站),116.188995,39.758312,篱笆房地铁站东侧停车场内,18601376118,汽车服务;充电站;充电站,011100,北京市,北京市,房山区,长阳,[],充电站,房山区
B0K3MKKFNN,国家电网汽车充电站(北京市房山区良乡夏庄社区公共超级充电站),116.119655,39.719951,夏庄社区服务中心综合楼西(翠柳西路南),95598,汽车服务;充电站;充电站,011100,北京市,北京市,房山区,良乡,[],充电站,房山区
B0FFM7FRC2,国家电网汽车充电站(北京市房山区良乡大学城西地铁站停车场充电站),116.156914,39.724101,良乡大学城西地铁站东北侧P+R地面停车场,18601376118,汽车服务;充电站;充电站,011100,北京市,北京市,房山区,良乡,[],充电站,房山区
B0FFHPF536,国家电网汽车充电站(北京市房山区蒲洼花台公共充电站),115.531620,39.782036,蒲洼乡东村停车场,[],汽车服务;充电站;充电站,011100,北京市,北京市,房山区,[],[],充电站,房山区
B0FFL79FBG,国家电网汽车充电站(北京市房山区襄驸马庄村充电站),115.967604,39.626942,石楼镇襄驸马庄村文化健身广场地面停车场,[],汽车服务;充电站;充电站,011100,北京市,北京市,房山区,[],[],充电站,房山区
B0FFG9K05Q,国家电网汽车充电站(北京市房山区长阳体育公园公共充电站),116.203153,39.757982,长阳镇体育公园南侧地面停车场455,18601376118,汽车服务;充电站;充电站,011100,北京市,北京市,房山区,长阳,[],充电站,房山区
B0G3TRP7W3,国家电网汽车充电站(北京市房山区阎村镇南梨园村充电站),116.079215,39.709080,阎村镇南梨园村地面停车场,[],汽车服务;充电站;充电站,011100,北京市,北京市,房山区,[],[],充电站,房山区
B0FFHOR7NI,国家电网汽车充电站(北京市房山区霞云岭金水湖景区),115.746694,39.738444,霞云岭乡霞云岭村山水人家停车场,[],汽车服务;充电站;充电站,011100,北京市,北京市,房山区,[],[],充电站,房山区
B0G33ZVYRI,国家电网汽车充电站(北京市房山区青龙湖镇水峪村充电站),116.044512,39.789347,青龙湖镇水峪村停车场,[],汽车服务;充电站;充电站,011100,北京市,北京市,房山区,[],[],充电站,房山区
B0JR6KBY5S,国家电网汽车充电站(北京市房山区饶乐府地铁站公共充电站),116.006988,39.701455,饶乐府地铁站北口向南50米处地面停车场(消防中队北),18601376118,汽车服务;充电站;充电站,011100,北京市,北京市,房山区,[],[],充电站,房山区
B0IG1CHD4P,国家电网汽车充电站(北京市房山区首都西南旅游集散中心公共充电站),115.880630,39.584260,北京基金小镇国际会议中心停车场,18601376118,汽车服务;充电站;充电站,011100,北京市,北京市,房山区,[],[],充电站,房山区
B0FFHU2C6T,国家电网汽车充电站(北京市房山区黄山店村公共充电站),115.882205,39.663848,坡峰岭1号地面停车场,[],汽车服务;充电站;充电站,011100,北京市,北京市,房山区,[],[],充电站,房山区
B0MGNUQ4DE,国家电网汽车充电站(房山区十渡镇平急两用保障中心充电站),115.591995,39.634907,十大路19号,010-53686699,汽车服务;充电站;充电站,011100,北京市,北京市,房山区,[],[],充电站,房山区
B0L1UK1P2I,国家电网汽车充电站(房山区十渡镇综合文化中心充电站),115.590065,39.640150,十渡大街66号,010-53686699,汽车服务;充电站;充电站,011100,北京市,北京市,房山区,[],[],充电站,房山区
B0FFI1C28R,国家电网汽车充电站(燕山轻轨站停车场),115.969842,39.722004,吉利石油燕房路加油站北侧地面停车场,[],汽车服务;充电站;充电站,011100,北京市,北京市,房山区,燕山,[],充电站,房山区
B0MAYPZPAL,国家电网汽车充电站(良乡花卉市场智汇港充电站),116.124090,39.680820,良乡花卉市场,13552939289,汽车服务;充电站;充电站,011100,北京市,北京市,房山区,[],[],充电站,房山区
B0IGPDGMJK,天瑞嘉园汽车充电站,116.209008,39.683366,京深路夏场村53号,4008288517,汽车服务;充电站;充电站,011100,北京市,北京市,房山区,[],[],充电站,房山区
B0FFMEB6UY,小易充电充电站(加州水郡),116.165647,39.766629,长阳松园西路加州水郡商业广场地面停车场,4001609001,汽车服务;充电站;充电站,011100,北京市,北京市,房山区,长阳,[],充电站,房山区
B0J3S44ABR,小桔充电汽车充电站(京西速电超充站·燕山原香嘉苑),115.972352,39.713858,城关镇洪寺村原香嘉苑东区东南侧地面停车场146,4000610999,汽车服务;充电站;充电站,011100,北京市,北京市,房山区,燕山,[],充电站,房山区
B0L1RSBDR7,小桔充电汽车充电站(北京房山中润通充电站),116.216650,39.775490,京深路与纬二路交叉口西北80米,[],汽车服务;充电站;充电站,011100,北京市,北京市,房山区,长阳,[],充电站,房山区
B0J3OULC9L,小桔充电汽车充电站(北京房山区中央城惠民停车场),116.214522,39.765730,长阳镇长政北街FCC中央城地面停车场(北侧),4000610999,汽车服务;充电站;充电站,011100,北京市,北京市,房山区,长阳,[],充电站,房山区
B0J0FRUNE9,小桔充电汽车充电站(北京房山区吴店停车场),116.158915,39.755277,拱辰街道昊天大街16号地面停车场340,[],汽车服务;充电站;充电站,011100,北京市,北京市,房山区,长阳,[],充电站,房山区
B0JG7PT7F2,小桔充电汽车充电站(北京房山希尔顿充电站),116.044795,39.720824,阎村镇阎富路66号院1号楼地下停车场,[],汽车服务;充电站;充电站,011100,北京市,北京市,房山区,[],[],充电站,房山区
B0KATPKUN4,小桔充电汽车充电站(北京房山昊天公园),116.154686,39.731384,拱辰街道良乡东路78号昊天公园内(南侧),4000610999,汽车服务;充电站;充电站,011100,北京市,北京市,房山区,良乡,[],充电站,房山区
B0K0JK5O70,小桔充电汽车充电站(北京房山窦店于庄超级),116.070226,39.676919,大窦路与大于路交叉口北220米,[],汽车服务;充电站;充电站,011100,北京市,北京市,房山区,窦店,[],充电站,房山区
B0IUNSEHCI,小桔充电汽车充电站(北京房山苏宁),116.140830,39.731705,拱辰大街99号地面停车场,4000610999,汽车服务;充电站;充电站,011100,北京市,北京市,房山区,良乡,[],充电站,房山区
B0I2LZ1T33,小桔充电汽车充电站(大苑村小村96号),116.108349,39.762880,良坨路15号,[],汽车服务;充电站;充电站,011100,北京市,北京市,房山区,[],[],充电站,房山区
B0LAXD4CF7,小桔充电汽车充电站(开能北京太平庄东里充电站),116.122629,39.734492,太平庄东里北区停车场,[],汽车服务;充电站;充电站,011100,北京市,北京市,房山区,良乡,[],充电站,房山区
B0LUZ9Z6LZ,小桔充电汽车充电站(米街超级液冷充电站),116.214792,39.762105,长政南街与长营路交叉口东南80米,[],汽车服务;充电站;充电站,011100,北京市,北京市,房山区,长阳,[],充电站,房山区
B0J0JGGIMO,小桔充电汽车充电站(绿地启航.燕房电力),116.180339,39.744290,拱辰街道辰光东路启航国际3期社会地面停车场,4000610999,汽车服务;充电站;充电站,011100,北京市,北京市,房山区,长阳,[],充电站,房山区
B0KDMG5DHP,小桔充电汽车充电站(鲸悦能源-长阳部长林南侧),116.188147,39.775450,长阳镇永兴街共和国部长纪念林,4000610999,汽车服务;充电站;充电站,011100,北京市,北京市,房山区,长阳,[],充电站,房山区
B0L3S61UH9,小鹏超级充电站(小鹏-bp S5超快充北京良乡南关站),116.141098,39.722197,长虹东路8号院(入口长虹东路),4007836688,汽车服务;充电站;充电站,011100,北京市,北京市,房山区,良乡,[],充电站,房山区
B0LB96S119,小鹏超级充电站(小鹏S4超快充北京房山印象城站),116.209619,39.753613,长阳镇广阳新路9号院1号楼北京房山印象城地下停车场,4007836688,汽车服务;充电站;充电站,011100,北京市,北京市,房山区,长阳,[],充电站,房山区
B0MGAKC0AF,小鹏超级充电站(小鹏S4超快充北京房山绿地启航站),116.180087,39.744392,广艺街与辰光东路交叉口东南180米启航国际3期地面停车场,4007836688,汽车服务;充电站;充电站,011100,北京市,北京市,房山区,长阳,[],充电站,房山区
B0LKCN0CQZ,广汽能源汽车充电站(广汽能源北京房山澎湃汽车园超充站),116.103040,39.723328,阎村镇北京沃德龙鼎汽车销售有限公司,4006665330,汽车服务;充电站;充电站,011100,北京市,北京市,房山区,[],[],充电站,房山区
B0M6346YLH,广汽能源汽车充电站(广汽能源北京房山窦店汇豪酒店超充站),116.069570,39.652460,汇豪国际酒店,4006665330,汽车服务;充电站;充电站,011100,北京市,北京市,房山区,窦店,[],充电站,房山区
B0L0J4FOPY,广汽能源汽车充电站(广汽能源北京房山良乡大学城超充站),116.190210,39.722050,i洗车24小时自助洗车,4000826699,汽车服务;充电站;充电站,011100,北京市,北京市,房山区,良乡,[],充电站,房山区
B0HAFUTCG5,开迈斯汽车充电站(北京市龙湖房山天街地下站),116.141603,39.744932,政通南路2号院1号楼龙湖天街B2层停车场A045车位,4006657666,汽车服务;充电站;充电站,011100,北京市,北京市,房山区,良乡,[],充电站,房山区
B0J2ZUCMOE,房山南停车区电动汽车充电站,116.181734,39.603947,S3601京雄高速与房山南停车区交叉口西南360米,[],汽车服务;充电站;充电站,011100,北京市,北京市,房山区,[],[],充电站,房山区
B0J63D3ZDJ,房山南停车区电动汽车充电站,116.185391,39.604136,S3601京雄高速与房山南停车区交叉口东南340米,[],汽车服务;充电站;充电站,011100,北京市,北京市,房山区,[],[],充电站,房山区
B0H23UQCHK,房山希尔顿欢朋酒店蔚来换电站,116.045029,39.721222,大件路甲8号,[],汽车服务;换电站;换电站,011101,北京市,北京市,房山区,[],[],充电站,房山区
B0LBZ77UVT,新电途汽车充电站(全季北京房山长阳航天城电子科技园酒店充电站),116.191510,39.722780,长阳航天城电子科技园酒店,4001100835,汽车服务;充电站;充电站,011100,北京市,北京市,房山区,长阳,[],充电站,房山区
B0MAAG8ITC,昆仑网电汽车充电站(中国石油北京房山人民公园超充站),116.144720,39.746627,拱辰北大街1正,956100,汽车服务;充电站;充电站,011100,北京市,北京市,房山区,良乡,[],充电站,房山区
B0KK6PJRL2,昆仑网电汽车充电站(中国石油北京房山北关充电站),115.983680,39.702843,美廉美超市房山北关店停车场,956100,汽车服务;充电站;充电站,011100,北京市,北京市,房山区,房山城关,[],充电站,房山区
B0MAAG8BQ5,昆仑网电汽车充电站(中国石油北京房山碳中和公园超充站),116.154625,39.730373,碳中和公园,956100,汽车服务;充电站;充电站,011100,北京市,北京市,房山区,良乡,[],充电站,房山区
B0LAVGV269,昆仑网电汽车充电站(中国石油房山京南便民生活广场超充站),116.136590,39.716640,凯旋大街魅力宝贝幼儿园西南侧停车场,956100,汽车服务;充电站;充电站,011100,北京市,北京市,房山区,良乡,[],充电站,北京市
B0LGFGP3FG,昆仑网电汽车充电站(中国石油房山加州水郡东区充电站),116.168192,39.767733,长阳镇加州水郡东区商业广场进入口右转,956100,汽车服务;充电站;充电站,011100,北京市,北京市,房山区,长阳,[],充电站,房山区
B0LG6GDC72,昆仑网电汽车充电站(中国石油房山大学城东羊庄充电站),116.166305,39.728750,阳光南大街东羊庄新村东南角,956100,汽车服务;充电站;充电站,011100,北京市,北京市,房山区,良乡,[],充电站,房山区
B0LG3L9GWY,昆仑网电汽车充电站(中国石油房山窦店金鑫苑充电站),116.069016,39.669483,大窦路西金鑫苑小区停车场,956100,汽车服务;充电站;充电站,011100,北京市,北京市,房山区,窦店,[],充电站,房山区
B0KU5PQSMA,昆仑网电汽车充电站(北京房山东方1956文创园充电场站),116.015815,39.700960,顾八路20号,956100,汽车服务;充电站;充电站,011100,北京市,北京市,房山区,[],[],充电站,房山区
B0LRJHHM23,星星充电-石楼充电站,115.968179,39.659537,石楼镇支楼村六股道北京鑫源丰收餐饮有限公司,[],汽车服务;充电站;充电站,011100,北京市,北京市,房山区,[],[],充电站,房山区
B0J3M67MQX,星星充电汽车充电站(内部专用星星充电-房山-良乡监狱二期),116.118490,39.696022,良乡监狱,4008280768,汽车服务;充电站;充电站,011100,北京市,北京市,房山区,[],[],充电站,房山区
B0I0YDW0VY,星星充电汽车充电站(房山区-信息大学),116.066292,39.690557,中国信息大学北侧地面停车场,4008280768,汽车服务;充电站;充电站,011100,北京市,北京市,房山区,[],[],充电站,房山区
B0LAMOF863,星星充电汽车充电站(房山良乡充电站),116.152630,39.702070,良乡镇鲁村南路富凯玻璃厂,4008280768,汽车服务;充电站;充电站,011100,北京市,北京市,房山区,[],[],充电站,房山区
B0JAYPA5G0,星星充电汽车充电站(星星充电-北京时代广场地下快充站),116.173332,39.723915,拱辰街道学园北街26号院北京时代广场地下停车场F005,18501120191,汽车服务;充电站;充电站,011100,北京市,北京市,房山区,良乡,[],充电站,房山区
B0JR16MMCD,星星充电汽车充电站(星星充电-房山-中关村前沿产业园充电站),116.103785,39.655585,窦店镇弘安路,4008280768,汽车服务;充电站;充电站,011100,北京市,北京市,房山区,窦店,[],充电站,房山区
B0KK25DXTX,星星充电汽车充电站(星星充电-房山-华冠物流园),116.164635,39.692564,华冠物流园区停车场,4008280768,汽车服务;充电站;充电站,011100,北京市,北京市,房山区,[],[],充电站,房山区
B0HK05D4QL,星星充电汽车充电站(星星充电-房山-熙兆嘉园充电站),116.214239,39.762631,长阳镇首开熙悦山澜庭地下停车场032,4008280768,汽车服务;充电站;充电站,011100,北京市,北京市,房山区,长阳,[],充电站,房山区
B0IUNSEHCQ,星星充电汽车充电站(星星充电-房山-燃气开发中心充电站),116.142374,39.756951,良乡拱辰北大街43号地面停车场,4008280768,汽车服务;充电站;充电站,011100,北京市,北京市,房山区,[],[],充电站,房山区
B0L2XKXFXR,星星充电汽车充电站(良乡南关地铁超级充电站),116.140700,39.722440,拱辰街道星光五金机电建材城,4008280768,汽车服务;充电站;充电站,011100,北京市,北京市,房山区,良乡,[],充电站,房山区
B0MGLKMFAO,星星充电汽车充电站(辛庄村辛朝路充电站),116.111570,39.785790,青龙湖镇大辛路,13381119158,汽车服务;充电站;充电站,011100,北京市,北京市,房山区,[],[],充电站,房山区
B0KUL9A4ND,朗新能源投资有限公司汽车充电站(小朗充电-宜青街2号院充电站),116.069740,39.775760,青龙湖镇宜青街2号院地面停车位,4001100835,汽车服务;充电站;充电站,011100,北京市,北京市,房山区,[],[],充电站,房山区
B0I0HLVJAV,极氪能源超级充电站(北京房山区财富广场超充站),116.142764,39.732898,拱辰大街98号财富广场地面停车场004,4000819993,汽车服务;充电站;充电站,011100,北京市,北京市,房山区,良乡,[],充电站,房山区
B0J6NLQ5WR,极氪能源超级充电站(北京房山启航国际极充站),116.181240,39.743100,辰光东路16号院启航国际3期地下停车场负二层001-008号车位,4000819993,汽车服务;充电站;充电站,011100,北京市,北京市,房山区,长阳,[],充电站,房山区
B0JKV4EZYO,极狐汽车充电站(试运营房山印象城),116.209840,39.753602,北京房山印象城地下停车场B2层D区,4000008899,汽车服务;充电站;充电站,011100,北京市,北京市,房山区,长阳,[],充电站,房山区
B0JU5CG4KK,极狐汽车充电站(龙湖熙悦天街超充站),116.186271,39.731771,拱辰街道长于大街28号熙悦天街地下停车场,4000008899,汽车服务;充电站;充电站,011100,北京市,北京市,房山区,良乡,[],充电站,房山区
B0MD668TB4,比亚迪闪充汽车充电站(北京京良路车联网),116.190350,39.766260,五和万科长阳天地长兴东街12号院,4000306666,汽车服务;充电站;充电站,011100,北京市,北京市,房山区,长阳,[],充电站,北京市
B0M6VNH3ME,比亚迪闪充汽车充电站(比亚迪北京润珵4S店),116.101226,39.721412,阎村镇北京润城汽车维修有限公司4S店检验发牌服务站澎湃汽车公园,4000306666,汽车服务;充电站;充电站,011100,北京市,北京市,房山区,[],[],充电站,房山区
B0MBPN06AG,比亚迪闪充汽车充电站(比亚迪北京润迪),116.171030,39.773487,昊天大街9号院(圣火广场),4000306666,汽车服务;充电站;充电站,011100,北京市,北京市,房山区,长阳,[],充电站,房山区
B0MDSPDD0V,比亚迪闪充汽车充电站(比亚迪北京润迪澎湃4S店),116.170620,39.773376,昊天大街太阳圣火广场,4000306666,汽车服务;充电站;充电站,011100,北京市,北京市,房山区,长阳,[],充电站,房山区
B0KD0BVJSQ,汽车充电站(中国石化裕恒通站),116.147729,39.728704,拱辰街道昊天大街174号裕恒通家居广场地面停车场,95105888,汽车服务;充电站;充电站,011100,北京市,北京市,房山区,良乡,[],充电站,房山区
B0LGCSR97U,汽车充电站(中石油昆仑网电房山首创奥莱站),116.185774,39.764672,京良路100号,[],汽车服务;充电站;充电站,011100,北京市,北京市,房山区,长阳,[],充电站,房山区
B0L3UBGXUA,汽车充电站(公共站汐歌儿张坊镇大峪沟村优易充小站),115.738830,39.591904,房易路19号遇见民宿东,[],汽车服务;充电站;充电站,011100,北京市,北京市,房山区,[],[],充电站,房山区
B0FFHG7PK6,汽车充电站(国家电网长阳供电所站),116.176713,39.751153,长阳路地面停车场,[],汽车服务;充电站;充电站,011100,北京市,北京市,房山区,长阳,[],充电站,房山区
B0KUFR54U4,汽车充电站(小桔充电京西速电超充站城关九洲站),115.983650,39.689710,城关街道兴房大街九洲兴达家园A区停车场南侧,4000610999,汽车服务;充电站;充电站,011100,北京市,北京市,房山区,房山城关,[],充电站,房山区
B0HRAUKQ6D,汽车充电站(小鹏超充北京太阳圣火广场站),116.171255,39.773038,长阳镇太阳圣火广场(入口京周路),4007836688,汽车服务;充电站;充电站,011100,北京市,北京市,房山区,长阳,[],充电站,房山区
B0FFL9GJYJ,汽车充电站(房山区篱笆房轻轨站停车场),116.191304,39.761746,房山篱笆房P+R地面停车场,[],汽车服务;充电站;充电站,011100,北京市,北京市,房山区,长阳,[],充电站,房山区
B0FFHGOCTN,汽车充电站(首创·紫悦台西南),116.185442,39.764601,京良路100号,956100,汽车服务;充电站;充电站,011100,北京市,北京市,房山区,长阳,[],充电站,房山区
B0M6POO90P,汽车充电站(首发能源京昆高速韩村河服务区出京方向),115.943203,39.625273,韩村河服务区,4008288517,汽车服务;充电站;充电站,011100,北京市,北京市,房山区,[],[],充电站,房山区
B0FFK4ORQF,汽车充电站(首发能源京港澳高速窦店服务区出京方向),116.079543,39.629103,窦店服务区内,[],汽车服务;充电站;充电站,011100,北京市,北京市,房山区,窦店,[],充电站,房山区
B0LU7MTEZM,派捷充汽车充电站(天阁58商务连锁酒店充电站),115.986830,39.692760,兴房大街36号,4009608068,汽车服务;充电站;充电站,011100,北京市,北京市,房山区,房山城关,[],充电站,房山区
B0MDSXJS51,滴滴充电充电站(北京市房山区长阳镇长兴街万科停车场内充电站),116.189866,39.766641,长兴东街与篱笆园南路交叉口东60米,[],汽车服务;充电站;充电站,011100,北京市,北京市,房山区,长阳,[],充电站,房山区
B0MDSXJ9HF,滴滴充电充电站(极狐-龙湖熙悦天街超充站),116.186475,39.734375,阜盛西街与水碾屯北路交叉口西南20米,[],汽车服务;充电站;充电站,011100,北京市,北京市,房山区,良乡,[],充电站,房山区
B0M6FNXHPH,滴滴充电汽车充电站,116.149960,39.704933,良乡镇黑鲁路绿甜田,4000610999,汽车服务;充电站;充电站,011100,北京市,北京市,房山区,[],[],充电站,房山区
B0L1RSAYM2,滴滴充电汽车充电站(中国信息大学北侧停车场充电站),116.066284,39.690540,窦店镇下坡店村中国信息大学北侧(水墨林溪东南门路北侧)停车场,4000610999,汽车服务;充电站;充电站,011100,北京市,北京市,房山区,[],[],充电站,房山区
B0KAVGAJEA,滴滴充电汽车充电站(中石化龙禹阎村充电站),116.091593,39.714944,北京航天至信检测技术有限公司,4000610999,汽车服务;充电站;充电站,011100,北京市,北京市,房山区,[],[],充电站,房山区
B0LBRRKM0S,滴滴充电汽车充电站(京西速电·原香嘉苑统建统服),115.972459,39.714059,城关街道小桔充电汽车充电站(京西速电超充站),4000610999,汽车服务;充电站;充电站,011100,北京市,北京市,房山区,燕山,[],充电站,房山区
B0L6ZG1AFO,滴滴充电汽车充电站(京西速电交流站·鲁村西口),116.151125,39.704957,良乡镇黑鲁路华曦农创谷,4000610999,汽车服务;充电站;充电站,011100,北京市,北京市,房山区,[],[],充电站,房山区
B0L0KNP4C2,滴滴充电汽车充电站(北京房山时光汇充电站),116.142340,39.730340,拱辰街道时光汇华亨国际中心,4000610999,汽车服务;充电站;充电站,011100,北京市,北京市,房山区,良乡,[],充电站,房山区
B0J3F4A6FT,滴滴充电汽车充电站(原香漫谷.燕房电力充电站),116.011120,39.712502,城关街道圣水嘉名东侧路原香漫谷一区,4000610999,汽车服务;充电站;充电站,011100,北京市,北京市,房山区,[],[],充电站,房山区
B0KU640AXW,滴滴充电汽车充电站(房山区质量监督局充电站),116.142500,39.735710,拱辰街道拱辰大街42号北京市房山区质量技术监督局,4000610999,汽车服务;充电站;充电站,011100,北京市,北京市,房山区,良乡,[],充电站,房山区
B0K64GNIYJ,滴滴充电汽车充电站(房山区长阳路-鲸悦能源充电站),116.173740,39.752117,北京政产学研资讯技术研究院停车场,4000610999,汽车服务;充电站;充电站,011100,北京市,北京市,房山区,长阳,[],充电站,房山区
B0K6SG67TT,滴滴充电汽车充电站(房山大董村-鲸悦能源充电站),116.063030,39.714916,阎村镇007县道星城北里B区(星城地铁站A2口步行220米),4000610999,汽车服务;充电站;充电站,011100,北京市,北京市,房山区,[],[],充电站,房山区
B0L1T41KMI,滴滴充电汽车充电站(拱辰1954文创园炫煜智充超充站),116.140884,39.729530,拱辰街道拱辰1954文创园国泰良辰百货,4000610999,汽车服务;充电站;充电站,011100,北京市,北京市,房山区,良乡,[],充电站,房山区
B0MB1GVGZS,滴滴充电汽车充电站(米街超级液冷充电站),116.214320,39.761980,长阳镇首开·熙悦山澜庭(长阳地铁站B南口步行310米),4000610999,汽车服务;充电站;充电站,011100,北京市,北京市,房山区,长阳,[],充电站,房山区
B0KKXGIDKA,滴滴充电汽车充电站(良乡大学城地铁站慢充站),116.184410,39.729070,小桔充电汽车充电站(长阳熙悦天街南侧公共停车场超级),4000610999,汽车服务;充电站;充电站,011100,北京市,北京市,房山区,良乡,[],充电站,房山区
B0MAXLMES7,燕新路19号院中关村材料创新谷充电站,115.997808,39.732366,丁东路26号,15778033841,汽车服务;充电站;充电站,011100,北京市,北京市,房山区,燕山,[],充电站,房山区
B0FFM963AA,特斯拉超级充电站(北京房山太阳圣火广场),116.169136,39.773298,京良路太阳圣火广场/入口京周路,[],汽车服务;充电站;充电站,011100,北京市,北京市,房山区,长阳,[],充电站,房山区
B0I1NS98ZE,特斯拉超级充电站(北京房山熙悦天街),116.184715,39.732414,良乡东路与长于大街交汇处北侧熙悦天街地下停车场B2层B2-C-439至444车位对面/入口阜盛西街,[],汽车服务;充电站;专用充电站,011103,北京市,北京市,房山区,良乡,[],充电站,房山区
B0H6Y66IHC,特斯拉超级充电站(房山龙湖天街),116.138820,39.745430,拱辰北大街龙湖天街地下停车场B2层C区,4009100707,汽车服务;充电站;充电站,011100,北京市,北京市,房山区,良乡,[],充电站,房山区
B0JUDHWI77,特来电充电站(圣火超充站),116.171376,39.773196,长阳镇太阳圣火广场地面停车场,4001300001,汽车服务;充电站;充电站,011100,北京市,北京市,房山区,长阳,[],充电站,房山区
B0IAOH0HD8,特来电汽车充电站(中恒中央城快充站),116.209960,39.764593,中央城(长阳地铁站B南口步行380米),4001300001,汽车服务;充电站;充电站,011100,北京市,北京市,房山区,长阳,[],充电站,房山区
B0KU7XPPYI,特来电汽车充电站(中恒房山星德充电站),116.072090,39.726982,阎村镇祥德通商贸有限公司万谷铸管总经销,4001300001,汽车服务;充电站;充电站,011100,北京市,北京市,房山区,[],[],充电站,房山区
B0IG1CGJVG,特来电汽车充电站(北京鸿顺园小区),116.154037,39.721496,长虹东路与揽秀南大街交界西南地面停车场D25,4001300001,汽车服务;充电站;充电站,011100,北京市,北京市,房山区,良乡,[],充电站,房山区
B0HD74O2FQ,特来电汽车充电站(特来电北京太阳圣火广场中恒超能充电站),116.170720,39.773266,京周路与京良桥交叉口北200米太阳圣火广场,4001300001,汽车服务;充电站;充电站,011100,北京市,北京市,房山区,长阳,[],充电站,房山区
B0I2LRCU6X,特来电汽车充电站(特来电北京燕化医院星城分院),116.067658,39.709161,星城街道北京燕化医院星城分院急诊科地面停车场008,4001300001,汽车服务;充电站;充电站,011100,北京市,北京市,房山区,[],[],充电站,房山区
B0I3RRX2GH,特来电汽车充电站(特来电北京联东U谷房山奥得赛科技园充电站),115.997346,39.727567,城关街道联东U谷·北京房山科技园地面停车场,4001300001,汽车服务;充电站;充电站,011100,北京市,北京市,房山区,燕山,[],充电站,房山区
B0JUVS6HGM,理想超级充电站(理想5C超充站京港澳高速窦店服务区北京方向),116.081520,39.629574,窦店服务区,4006860400,汽车服务;充电站;充电站,011100,北京市,北京市,房山区,窦店,[],充电站,房山区
B0KRYC1BBA,理想超级充电站(理想5C超充站京港澳高速窦店服务区港澳方向),116.079852,39.628802,窦店服务区,4006860400,汽车服务;充电站;充电站,011100,北京市,北京市,房山区,窦店,[],充电站,房山区
B0LUJMAKJW,理想超级充电站(理想5C超充站北京房山区昊天大街近米佳丽呈酒店),116.159190,39.755110,吴店地面停车场,4006860400,汽车服务;充电站;充电站,011100,北京市,北京市,房山区,长阳,[],充电站,房山区
B0LAXC1GOJ,理想超级充电站(理想超充站北京启航国际3期),116.179880,39.744400,启航国际3期停车场,4006860400,汽车服务;充电站;充电站,011100,北京市,北京市,房山区,长阳,[],充电站,房山区
B0LU29TMZR,理想超级充电站(理想超充站北京房山区篱笆园南路停车场),116.189659,39.766525,长兴东街10号,4006860400,汽车服务;充电站;充电站,011100,北京市,北京市,房山区,长阳,[],充电站,房山区
B0IGZZXK88,电动车充电站,116.117893,39.727398,苏庄西街与苏庄中路交叉口西北180米,[],汽车服务;充电站;充电站,011100,北京市,北京市,房山区,良乡,[],充电站,房山区
B0MA24POQ4,窦店于庄超级充电站,116.070175,39.676825,于庄村,[],汽车服务;充电站;充电站,011100,北京市,北京市,房山区,窦店,[],充电站,房山区
B0L2FN0UOR,能加超充超级充电站(房山良乡大学城西站超充站·华为超充技术支持),116.157140,39.725536,良乡大学城西地面停车场,4001100835,汽车服务;充电站;充电站,011100,北京市,北京市,房山区,良乡,[],充电站,房山区
B0K2F5D5Q6,能效邻里共享汽车充电站(辛庄快充),116.111247,39.786017,泉湖西路1号院,[],汽车服务;充电站;充电站,011100,北京市,北京市,房山区,[],[],充电站,房山区
B0K33504ZW,能效邻里共享汽车充电站(顾册快充站),115.978740,39.676610,顾册村3区19号,13241772776;13910958635,汽车服务;充电站;充电站,011100,北京市,北京市,房山区,[],[],充电站,房山区
B0LK2BPF3T,腾付充汽车充电站(迎风一里建设银行充电站),115.956660,39.731600,燕山迎风街1号,4006315515,汽车服务;充电站;充电站,011100,北京市,北京市,房山区,燕山,[],充电站,房山区
B0I1259H5E,蔚来换电站G4京港澳高速窦店服务区(北京方向),116.081232,39.628405,窦店镇窦店服务区,[],汽车服务;换电站;换电站,011101,北京市,北京市,房山区,窦店,[],充电站,房山区
B0I2USQYF6,蔚来能源超级充电站(北京方向G4京港澳高速窦店服务区),116.081245,39.628552,窦店服务区(进京方向)入口处右手边地面停车场,[],汽车服务;充电站;充电站,011100,北京市,北京市,房山区,窦店,[],充电站,房山区
B0J364L8ST,超翔汽车充电站(绿地翠庭),116.160370,39.757275,绿地翠庭小区北院地下车库,4008319299,汽车服务;充电站;充电站,011100,北京市,北京市,房山区,长阳,[],充电站,房山区
B0FFHCTYW1,陈家台汽车充电站,115.913081,39.819438,108国道复线附近,[],汽车服务;充电站;充电站,011100,北京市,北京市,房山区,[],[],充电站,房山区
B0G0O5VY8Z,隆瑞三优窦店村993路汽车充电站,116.065298,39.634510,X007(大窦路),[],汽车服务;充电站;充电站,011100,北京市,北京市,房山区,窦店,[],充电站,房山区
B0G16C02YR,韩村河村充电站,115.962058,39.599197,韩村河旅游景村东门停车场,[],汽车服务;汽车服务相关;汽车服务相关,010000,北京市,北京市,房山区,[],[],充电站,房山区
B0M674V2SS,顺顺充超级充电站(茂电·顺顺充拱辰家园超充站),116.142361,39.733054,拱辰街道拱辰南大街36号大南郊商厦,4008069666,汽车服务;充电站;充电站,011100,北京市,北京市,房山区,良乡,[],充电站,房山区
B0L1JB788H,驿充电汽车充电站(北京房山星城三里充电站),116.059750,39.709637,星城服务站东行30米,4008129338,汽车服务;充电站;充电站,011100,北京市,北京市,房山区,[],[],充电站,房山区
B0HG06SHQK,CAMS开迈斯超级充电站(两岸共赢科技产业园),116.207891,40.169416,马池口镇横桥村顺沙路两岸共赢科技产业园院内停车场,4006657666,汽车服务;充电站;充电站,011100,北京市,北京市,昌平区,[],[],充电站,昌平区
B0K0SYZP0X,Hi ZOOM汽车充电站(Hi ZOOM充电站奥北森林公园北入口停车场),116.398198,40.078807,丽湖园公寓东南侧210米,[],汽车服务;充电站;充电站,011100,北京市,北京市,昌平区,东小口,[],充电站,昌平区
B0K30PRJM5,Hi ZOOM汽车充电站(Hi ZOOM超充站上东体育中心),116.389664,40.067610,奥北公园路与42公里绿道交叉口东180米,[],汽车服务;充电站;充电站,011100,北京市,北京市,昌平区,东小口,[],充电站,昌平区
B0KKHZNR81,Hi ZOOM汽车充电站(Hi ZOOM超充站奥北森林公园二期东门停车场),116.404423,40.053167,奥北森林公园二期东门停车场,[],汽车服务;充电站;充电站,011100,北京市,北京市,昌平区,东小口,[],充电站,昌平区
B0L05UU16A,bp pulse汽车充电站(北京冠庭),116.318291,40.075317,回龙观西大街辅路与行知路交叉口东北80米,4006644086,汽车服务;充电站;充电站,011100,北京市,北京市,昌平区,回龙观,[],充电站,昌平区
B0K6PHRQ64,万城万充汽车充电站(腾讯众创空间),116.349420,40.080013,北回归线停车场,4008083392,汽车服务;充电站;充电站,011100,北京市,北京市,昌平区,回龙观,[],充电站,昌平区
B0L6ZBLQVM,中国石化汽车充电站(中国石化昌平东关充电站),116.261622,40.222928,昌平欢朋希尔顿酒店(昌平东关地铁站A西北口步行70米),95105888,汽车服务;充电站;充电站,011100,北京市,北京市,昌平区,[],[],充电站,北京市
B0LA3BZHE1,中国石化汽车充电站(中国石化煌潮大酒店充电站),116.233604,40.194281,城南街道科技园区中兴路10号1号楼,95105888,汽车服务;充电站;充电站,011100,北京市,北京市,昌平区,城南,[],充电站,昌平区
B0J30SBL73,中国石化汽车充电站(沙河东充电站),116.269174,40.129241,沙河镇巩华城大街67号,95105888,汽车服务;充电站;充电站,011100,北京市,北京市,昌平区,沙河,[],充电站,昌平区
B0J3CUGJ9C,中国石化汽车充电站(沙河西充电站),116.266517,40.128691,沙河镇巩华大街76号路段西100米,95105888,汽车服务;充电站;充电站,011100,北京市,北京市,昌平区,沙河,[],充电站,北京市
B0K1MZKELC,中国石化汽车充电站(老牛湾充电站),116.250960,40.112328,沙河镇老牛湾南街2号,95105888,汽车服务;充电站;充电站,011100,北京市,北京市,昌平区,沙河,[],充电站,昌平区
B0LKU4VUB1,中国石化汽车充电站(西关充电站),116.218777,40.216480,城北街道中国石化西关加油站东南侧,95105888,汽车服务;充电站;充电站,011100,北京市,北京市,昌平区,[],[],充电站,北京市
B0IAJR1TU3,云快充(互联接入)汽车充电站(鲲鹏祥瑞西马坊),116.143695,40.164628,阳坊镇西马坊村委会西侧,4008288517,汽车服务;充电站;充电站,011100,北京市,北京市,昌平区,[],[],充电站,昌平区
B0J3S6P2P0,云快充(互联接入汽车充电站鲲鹏祥瑞东沙中联万家),116.409415,40.127896,东沙各庄村村东中联万家超市停车场,4008288517,汽车服务;充电站;充电站,011100,北京市,北京市,昌平区,北七家,[],充电站,昌平区
B0MAF4S133,云快充兴寿汽车充电站(安四路店),116.416175,40.221838,兴寿镇兴寿村788号,4008288517,汽车服务;充电站;充电站,011100,北京市,北京市,昌平区,兴寿,[],充电站,昌平区
B0LUTX6532,云快充汽车充电站(京供华商百泉庄充电站),116.218131,40.203825,百泉庄村东高速辅路,4008288517,汽车服务;充电站;充电站,011100,北京市,北京市,昌平区,马池口,[],充电站,昌平区
B0LDR7HKWP,云快充汽车充电站(京赫能源东贯市充电站),116.158938,40.130282,沙阳路与阳坊南桥交叉口东南120米,4008288517,汽车服务;充电站;充电站,011100,北京市,北京市,昌平区,阳坊村,[],充电站,昌平区
B0MA24P0SF,云快充汽车充电站(天通苑北三角地充电站),116.414734,40.078125,天通苑北三角地(天通苑地铁站C口步行430米),4008288517,汽车服务;充电站;充电站,011100,北京市,北京市,昌平区,天通北苑,[],充电站,昌平区
B0LG0X7B1O,云快充汽车充电站(百葛服务区充电站出京方向),116.238600,40.182695,北京城区北京百葛服务区,4008288517,汽车服务;充电站;充电站,011100,北京市,北京市,昌平区,[],[],充电站,昌平区
B0L3V6GQ8E,云快充汽车充电站(百葛服务区充电站进京方向),116.238151,40.180528,北京城区北京百葛服务区,4008288517,汽车服务;充电站;充电站,011100,北京市,北京市,昌平区,[],[],充电站,昌平区
B0LD9998D6,云快充汽车充电站(鲲鹏祥瑞-东沙各庄充电站),116.408180,40.125607,立汤路东沙各庄村中国石化王府加油站南侧10米,4008288517,汽车服务;充电站;充电站,011100,北京市,北京市,昌平区,北七家,[],充电站,昌平区
B0I2GLHC8C,云快充汽车充电站(鲲鹏祥瑞南农家园充电站),116.118453,40.209842,南口镇南农家园东门南侧地面停车场,4008288517,汽车服务;充电站;充电站,011100,北京市,北京市,昌平区,南口,[],充电站,昌平区
B0LRXR32UP,云快充汽车充电站(鲲鹏祥瑞天通苑充电站),116.406371,40.080185,太平庄北街与中滩村路交叉口北侧地面停车场,[],汽车服务;充电站;充电站,011100,北京市,北京市,昌平区,东小口,[],充电站,昌平区
B0L1LBD65R,云快充目的地充电站(京供华商百泉庄交流桩充电站),116.218184,40.204127,百泉庄村东高速辅路,4008288517,汽车服务;充电站;充电站,011100,北京市,北京市,昌平区,马池口,[],充电站,昌平区
B0J01LAPWD,云快充超级充电站(九州畅行西坨超级充电站),116.226760,40.141376,马池口镇西坨村东停车场,4008288517,汽车服务;充电站;充电站,011100,北京市,北京市,昌平区,[],[],充电站,昌平区
B0MA34YFKI,云快充超级充电站(八仙庄超充站),116.435410,40.137928,北七家镇八曹路与八仙庄北大街交叉口,4008288517,汽车服务;充电站;充电站,011100,北京市,北京市,昌平区,北七家,[],充电站,昌平区
B0KK29MI9T,云快充超级充电站(北京特充未来科学城充电站),116.464367,40.112154,北七家镇未来科学城融尚未来家园岭上东路6号院地上停车场,4008288517,汽车服务;充电站;充电站,011100,北京市,北京市,昌平区,北七家,[],充电站,昌平区
B0KULLV5ND,云快充超级充电站(快充无忧西山口充电站),116.193698,40.242537,西山口地铁站西南268米,4008288517,汽车服务;充电站;充电站,011100,北京市,北京市,昌平区,[],[],充电站,昌平区
B0K16X9UZ1,云快充超级充电站(未来科学城北七家充电站)(暂停营业),116.442960,40.102250,北七家镇北七家村昌海液化气站西侧院内,4008288517,汽车服务;充电站;充电站,011100,北京市,北京市,昌平区,北七家,[],充电站,昌平区
B0J24H150R,云快充超级充电站(鲲鹏祥瑞旧县村直流充电站),116.187580,40.224630,旧县村北,4008288517,汽车服务;充电站;充电站,011100,北京市,北京市,昌平区,[],[],充电站,昌平区
B0I1KZYZUK,京供华商百泉庄充电站,116.218020,40.203949,百泉庄村东侧京藏辅路附近,13801263882,汽车服务;汽车服务相关;汽车服务相关,010000,北京市,北京市,昌平区,马池口,[],充电站,北京市
B0FFH12KKU,充小兽汽车充电站(水屯站),116.228040,40.200600,喆·咖酒店北京昌平科技园店地面停车场,4008758666,汽车服务;充电站;充电站,011100,北京市,北京市,昌平区,马池口,[],充电站,北京市
B0IAHZ45HO,充电桩,116.226515,40.139960,西坨村221号,13811260210,汽车服务;充电站;充电站,011100,北京市,北京市,昌平区,[],[],充电站,昌平区
B0L3F55I1D,北京智充新能源汽车充电站(Hi ZOOM充电站奥北森林公园东门停车场),116.398650,40.048214,奥北森林公园东门停车场,13121999950,汽车服务;充电站;充电站,011100,北京市,北京市,昌平区,东小口,[],充电站,昌平区
B0LK2XS01L,北京智充新能源汽车充电站(Hi ZOOM超充站上东体育中心),116.389843,40.067430,北京市太平庄中街上东体育中心地面停车场,13121999950,汽车服务;充电站;充电站,011100,北京市,北京市,昌平区,东小口,[],充电站,昌平区
B0FFK8EOPP,国家电网兴寿充电桩,116.414561,40.227097,兴寿镇邮局北侧150米,18601376118,汽车服务;充电站;充电站,011100,北京市,北京市,昌平区,兴寿,[],充电站,昌平区
B0IG4R4EZV,国家电网汽车充电站(京礼高速上店服务区充电站北京方向),116.097179,40.170613,上店服务区停车场(北京方向),18601376118,汽车服务;充电站;充电站,011100,北京市,北京市,昌平区,[],[],充电站,昌平区
B0H3GD4V1N,国家电网汽车充电站(京礼高速上店服务区充电站崇礼方向),116.094811,40.172234,上店服务区(崇礼方向),18601376118,汽车服务;充电站;充电站,011100,北京市,北京市,昌平区,[],[],充电站,昌平区
B0LKDKKOW6,国家电网汽车充电站(京藏高速百葛服务区公共充电站北京方向),116.237155,40.181328,百葛高速路服务区进京方向,18601376118,汽车服务;充电站;充电站,011100,北京市,北京市,昌平区,[],[],充电站,昌平区
B0HKFO1CXD,国家电网汽车充电站(北京市昌平区中国石油科技创新基地北侧充电站),116.236798,40.166144,中国石油创新基地A12地块停车场,[],汽车服务;充电站;充电站,011100,北京市,北京市,昌平区,[],[],充电站,昌平区
B0FFL2IR07,国家电网汽车充电站(北京市昌平区中国石油科技创新基地南侧充电站),116.242830,40.158520,中国石油科技创新基地东侧停车场,[],汽车服务;充电站;充电站,011100,北京市,北京市,昌平区,[],[],充电站,昌平区
B0FFHMNO64,国家电网汽车充电站(北京市昌平区乐多港奥特莱斯),116.189820,40.235735,旧县旧西路乐多港奥特莱斯北区地面停车场,18601376118,汽车服务;充电站;充电站,011100,北京市,北京市,昌平区,[],[],充电站,昌平区
B0FFLBSJKC,国家电网汽车充电站(北京市昌平区仙人洞村),116.243411,40.246669,十三陵镇中山口路仙人洞村村南停车场,18601376118,汽车服务;充电站;充电站,011100,北京市,北京市,昌平区,[],[],充电站,昌平区
B0FFHXNDWZ,国家电网汽车充电站(北京市昌平区八达岭奥特莱斯),116.167360,40.233530,八达岭奥特莱斯地面停车场,18601376118,汽车服务;充电站;充电站,011100,北京市,北京市,昌平区,南口,[],充电站,昌平区
B0FFHLE9C1,国家电网汽车充电站(北京市昌平区北七家名佳花园),116.418543,40.103690,七北路速8酒店院内,18601376118,汽车服务;充电站;充电站,011100,北京市,北京市,昌平区,北七家,[],充电站,北京市
B0FFI1ZTCM,国家电网汽车充电站(北京市昌平区北七家提香源海鲜酒楼公共充电站),116.454104,40.118934,北七家镇八仙别墅路北商业地面停车场,18601376118,汽车服务;充电站;充电站,011100,北京市,北京市,昌平区,北七家,[],充电站,昌平区
B0FFHO17U8,国家电网汽车充电站(北京市昌平区南口镇政府),116.147537,40.229239,南辛路6号,18601376118,汽车服务;充电站;充电站,011100,北京市,北京市,昌平区,南口,[],充电站,昌平区
B0H2N6DYJG,国家电网汽车充电站(北京市昌平区天通苑供电所公共充电站),116.427137,40.070438,"太平庄中一街靠近天通中苑第一社区,天通苑供电所停车场",18601376118,汽车服务;充电站;充电站,011100,北京市,北京市,昌平区,东小口,[],充电站,昌平区
B0LB9KS670,国家电网汽车充电站(北京市昌平区奥北森林公园二期南园公共充电站),116.401000,40.061600,太平庄中街奥北森林公园二期,18601376118,汽车服务;充电站;充电站,011100,北京市,北京市,昌平区,东小口,[],充电站,昌平区
B0IBXMPCIT,国家电网汽车充电站(北京市昌平区小汤山文化广场公共充电站),116.397807,40.176010,顺沙路北侧(小汤山文化广场地面停车场内),18601376118,汽车服务;充电站;充电站,011100,北京市,北京市,昌平区,小汤山,[],充电站,昌平区
B0G3LBEHQV,国家电网汽车充电站(北京市昌平区昌平供电公司公共充电站),116.233778,40.205061,永安路33号昌平供电公司营业厅地面停车场,18601376118,汽车服务;充电站;充电站,011100,北京市,北京市,昌平区,城南,[],充电站,昌平区
B0H0Z5VP0X,国家电网汽车充电站(北京市昌平区温榆河公园充电站),116.468844,40.101319,温榆河公园未来智谷60号门停车场,18601376118,汽车服务;充电站;充电站,011100,北京市,北京市,昌平区,北七家,[],充电站,昌平区
B0KD7DBPPM,国家电网汽车充电站(北京市昌平区燕子口村公共充电站),116.199905,40.310104,燕子口公交站西南方向公共停车场,18601376118,汽车服务;充电站;充电站,011100,北京市,北京市,昌平区,[],[],充电站,昌平区
B0FFKRUO6Y,国家电网汽车充电站(北京市昌平区白各庄新村西一区),116.349892,40.115634,白各庄新村西一区西侧停车场最北侧,18601376118,汽车服务;充电站;充电站,011100,北京市,北京市,昌平区,[],[],充电站,昌平区
B0LR4DOV04,国家电网汽车充电站(北京市昌平区百沙路公共超级充电站),116.296418,40.153277,沙河镇国家电网(沙河供电所营业厅),18601376118,汽车服务;充电站;充电站,011100,北京市,北京市,昌平区,沙河,[],充电站,昌平区
B0I665OC2J,国家电网汽车充电站(北京市昌平区阳坊镇西贯市村公共充电站),116.141019,40.139415,阳坊镇温南路38号地面停车场,[],汽车服务;充电站;充电站,011100,北京市,北京市,昌平区,阳坊,[],充电站,昌平区
B0FFJS7Z5W,国家电网汽车充电站(北京市昌平区马池口供电所公共),116.197535,40.201176,马池口镇北京钢铁集团建材专卖场西侧地面停车场,18601376118,汽车服务;充电站;充电站,011100,北京市,北京市,昌平区,马池口,[],充电站,昌平区
B0FFITO5P2,国家电网汽车充电站(大广高速土沟服务区公共充电站广州方向),116.482876,40.129915,京承高速土沟服务区(广州方向),18601376118,汽车服务;充电站;充电站,011100,北京市,北京市,昌平区,[],[],充电站,昌平区
B0FFGJ5PY8,国家电网汽车充电站(定陵机场路定陵机场西邻),116.238599,40.289502,长陵镇定陵路口西200米,[],汽车服务;充电站;充电站,011100,北京市,北京市,昌平区,[],[],充电站,昌平区
B0FFGB3FXS,国家电网汽车充电站(昌平文化区),116.325175,40.079233,育知西路通达园向东风雅园三区停车场,18601376118,汽车服务;充电站;充电站,011100,北京市,北京市,昌平区,回龙观,[],充电站,昌平区
B0FFH8XMIT,国家电网汽车充电站(生命园西环路),116.277166,40.091348,创新大厦地面停车场,18601376118,汽车服务;充电站;充电站,011100,北京市,北京市,昌平区,[],[],充电站,昌平区
B0FFIDRRZQ,国家电网汽车充电站(生命科学园地铁站停车场公共),116.292200,40.094303,生命科学园地面停车场0006(生命科学园地铁站B2南口步行280米),18601376118,汽车服务;充电站;充电站,011100,北京市,北京市,昌平区,回龙观,[],充电站,昌平区
B0FFI02KXC,国家电网汽车充电站(金榜园北),116.327511,40.059405,金榜园小区(城北龙城医院对面),18601376118,汽车服务;充电站;充电站,011100,北京市,北京市,昌平区,回龙观,[],充电站,昌平区
B0H2S7BZC0,国网充电桩,116.184418,40.202910,上奤路与水南路交叉口北260米,[],汽车服务;汽车服务相关;汽车服务相关,010000,北京市,北京市,昌平区,马池口,[],充电站,北京市
B0K1T6R14T,壳牌充电汽车充电站(壳牌充电北京中国石油大学地面充电站),116.245876,40.219233,府学路18号,4007160699,汽车服务;充电站;充电站,011100,北京市,北京市,昌平区,[],[],充电站,昌平区
B0MGXKWPX9,壳牌充电汽车充电站(壳牌充电北京昌平国华加油站地面快充站),116.280880,40.113970,回龙观镇定福黄庄74号国华加油站内,4007160699,汽车服务;充电站;充电站,011100,北京市,北京市,昌平区,[],[],充电站,昌平区
B0KK4N4ISC,壳牌充电汽车充电站(壳牌充电北京昌平新龙城地面快充站),116.320560,40.068175,回龙观昌平路380号院新龙城一期西南50米,4007160699,汽车服务;充电站;充电站,011100,北京市,北京市,昌平区,回龙观,[],充电站,昌平区
B0IRMLNQP8,壳牌充电汽车充电站(壳牌充电北京昌平菓岭假日广场地面快充站),116.263970,40.222338,昌崔路203号菓岭假日广场地面停车场,4007160699,汽车服务;充电站;充电站,011100,北京市,北京市,昌平区,[],[],充电站,昌平区
B0LKAD8OCH,壳牌充电超级充电站(壳牌充电北京昌平宏福科技园地面超充站),116.364985,40.101100,北七家镇北清路10号院宏福创业园23号,4007160699,汽车服务;充电站;充电站,011100,北京市,北京市,昌平区,北七家,[],充电站,昌平区
B0KRCOEVZJ,壳牌充电超级充电站(壳牌充电北京昌平龙乡停车场地面快充站),116.339657,40.059957,龙乡停车场,4007160699,汽车服务;充电站;充电站,011100,北京市,北京市,昌平区,西三旗,[],充电站,昌平区
B0IADSW1A3,壳牌蔚云府汽车充电站,116.228105,40.219113,昌平蔚云府停车场地下一层,4007160699,汽车服务;充电站;充电站,011100,北京市,北京市,昌平区,[],[],充电站,昌平区
B0LRO4W7PC,奥特迅超充站(北京昌平南郝庄充电站),116.212325,40.212166,郝庄家园南区附近,15665522962,汽车服务;充电站;充电站,011100,北京市,北京市,昌平区,[],[],充电站,北京市
B0LAZAPXBN,小惠易电超级充电站(王府街超充站),116.405198,40.103515,北清路422号,[],汽车服务;充电站;充电站,011100,北京市,北京市,昌平区,北七家,[],充电站,北京市
B0L0O6GXEC,小桔充电(纳帕澜郡充电站),116.395760,40.175470,沙顺路88号,[],汽车服务;充电站;充电站,011100,北京市,北京市,昌平区,小汤山,[],充电站,昌平区
B0JD1DXBFO,小桔充电汽车充电站(BP快速充电站北京昌平枫树),116.409005,40.132304,温哥华森林地面停车场(出入口),4000610999,汽车服务;充电站;充电站,011100,北京市,北京市,昌平区,北七家,[],充电站,昌平区
B0KK0D9OT7,小桔充电汽车充电站(BP快速充电站北京昌平银事达停车场),116.376200,40.075670,霍营街道北京京一蓝物业管理有限公司根据定位即可到达停车场入口,4000610999,汽车服务;充电站;充电站,011100,北京市,北京市,昌平区,东小口,[],充电站,昌平区
B0L0YN56R1,小桔充电汽车充电站(北京昌平九华山庄充电站),116.419554,40.182033,顺沙路与常后路交叉口北420米,[],汽车服务;充电站;充电站,011100,北京市,北京市,昌平区,[],[],充电站,昌平区
B0I0KZY0MI,小桔充电汽车充电站(北京昌平于辛庄),116.295187,40.146377,沙河镇于辛庄路18号未来科学城(建设中),4000610999,汽车服务;充电站;充电站,011100,北京市,北京市,昌平区,沙河,[],充电站,昌平区
B0JRR4SY33,小桔充电汽车充电站(北京昌平区宏福),116.371842,40.109730,宏福大道与上白路交叉口北180米地面停车场1302,[],汽车服务;充电站;充电站,011100,北京市,北京市,昌平区,北七家,[],充电站,昌平区
B0JANGJW85,小桔充电汽车充电站(北京昌平区用电无忧白浮),116.249787,40.184135,地面停车场,[],汽车服务;充电站;充电站,011100,北京市,北京市,昌平区,[],[],充电站,昌平区
B0H62AXL35,小桔充电汽车充电站(北京昌平区福安顺),116.356915,40.109352,地面停车场,4000610999,汽车服务;充电站;充电站,011100,北京市,北京市,昌平区,[],[],充电站,昌平区
B0JG36X2LD,小桔充电汽车充电站(北京昌平林溪),116.314085,40.170017,百善镇D BEER GARDEN(顺驰林溪店)地面停车场,4000610999,汽车服务;充电站;充电站,011100,北京市,北京市,昌平区,百善,[],充电站,昌平区
B0J6CDKQRU,小桔充电汽车充电站(北京昌平科教中心),116.348560,40.081300,龙泽园街道回龙观东大街195号院地下停车场10A100,4000610999,汽车服务;充电站;充电站,011100,北京市,北京市,昌平区,回龙观,[],充电站,昌平区
B0JASG3HZT,小桔充电汽车充电站(北京昌平青秀尚城),116.282434,40.207119,南邵中国铁建青秀尚城地下车库(B2层)地下停车场,4000610999,汽车服务;充电站;充电站,011100,北京市,北京市,昌平区,南邵,[],充电站,昌平区
B0J22DXO3U,小桔充电汽车充电站(北京昌平麦店充电站),116.464953,40.209069,兴寿镇昌金路充电站临街,4000610999,汽车服务;充电站;充电站,011100,北京市,北京市,昌平区,[],[],充电站,昌平区
B0JKJRL3DC,小桔充电汽车充电站(南郝庄),116.218039,40.214184,城北街道南郝庄路进停车场即到,4000610999,汽车服务;充电站;充电站,011100,北京市,北京市,昌平区,[],[],充电站,昌平区
B0KGDPPIF9,小桔充电汽车充电站(南郝庄慢充站),116.210396,40.214730,南郝庄村,4000610999,汽车服务;充电站;充电站,011100,北京市,北京市,昌平区,[],[],充电站,昌平区
B0MGFN3KE4,小桔充电汽车充电站(宝来电八仙庄超充站),116.424820,40.127690,天权路与天宣北街交叉口北60米,15201334744;4000610999,汽车服务;充电站;充电站,011100,北京市,北京市,昌平区,北七家,[],充电站,昌平区
B0LB6GXFUZ,小桔充电汽车充电站(平西府充电站),116.378271,40.099956,北清路98号,4000610999,汽车服务;充电站;充电站,011100,北京市,北京市,昌平区,北七家,[],充电站,昌平区
B0K2VPUSQB,小桔充电汽车充电站(燕丹慢充站),116.439202,40.079170,太平庄北街与七星路交叉口东南160米,[],汽车服务;充电站;充电站,011100,北京市,北京市,昌平区,北七家,[],充电站,昌平区
B0L1RSBDQQ,小桔充电汽车充电站(特速冲燕丹超级充电站),116.440651,40.078263,北七家镇太平庄北街地面停车场,4000610999,汽车服务;充电站;充电站,011100,北京市,北京市,昌平区,北七家,[],充电站,北京市
B0JDGPI738,小桔充电汽车充电站(用电无忧龙锦二街),116.361045,40.087601,霍营街道龙锦二街龙锦二街-道路停车位变电站右侧,4000610999,汽车服务;充电站;充电站,011100,北京市,北京市,昌平区,回龙观,[],充电站,昌平区
B0LAVPV21H,小桔充电汽车充电站(金河充电桩一期),116.251724,40.160789,沙河金河嘉苑小区西北100米(小大路南),4000610999,汽车服务;充电站;充电站,011100,北京市,北京市,昌平区,[],[],充电站,昌平区
B0HUGZR2IA,小桔充电站(北京昌平店上村),116.380134,40.067863,店上村进门直行即到,4000610999,汽车服务;充电站;充电站,011100,北京市,北京市,昌平区,东小口,[],充电站,昌平区
B0LKBNS6QR,小桔汽车充电站(京西速电液冷超充·白浮泉路),116.242040,40.200016,城南街道白浮泉路18号,4000610999,汽车服务;充电站;充电站,011100,北京市,北京市,昌平区,城南,[],充电站,昌平区
B0L1L6DQJG,小鹏超级充电站(小鹏S4超快充北京回龙观全季酒店站),116.316202,40.077005,龙泽园街道北京回龙观全季酒店(入口行知路),4007836688,汽车服务;充电站;充电站,011100,北京市,北京市,昌平区,回龙观,[],充电站,昌平区
B0L666D3Z0,小鹏超级充电站(小鹏S4超快充北京天通苑太海路站),116.440180,40.078514,北七家镇太平庄北街地面停车场(入口太海路),4007836688,汽车服务;充电站;充电站,011100,北京市,北京市,昌平区,北七家,[],充电站,昌平区
B0K3Z6FNRJ,小鹏超级充电站(小鹏S4超快充北京霍营地铁站),116.354976,40.068761,回龙观街道黄平路28号(入口黄平路),4007836688,汽车服务;充电站;充电站,011100,北京市,北京市,昌平区,回龙观,[],充电站,昌平区
B0LB94VQ1P,广汽能源汽车充电站(广汽能源北京昌平华星冰上运动中心超充站),116.274930,40.138878,华星青少年冰上运动中心(沙河馆),4006665330,汽车服务;充电站;充电站,011100,北京市,北京市,昌平区,沙河,[],充电站,昌平区
B0MDD6KSN7,广汽能源汽车充电站(广汽能源北京昌平君巢酒店超充站),116.413694,40.110189,海白路与立汤路交叉口东南140米,4006665330,汽车服务;充电站;充电站,011100,北京市,北京市,昌平区,北七家,[],充电站,昌平区
B0LK2XSJC9,广汽能源汽车充电站(广汽能源北京昌平碧水大厦超充站),116.282380,40.118170,沙河镇如家商旅酒店(北京碧水庄园朱辛庄地铁站店)喆啡酒店,4006665330,汽车服务;充电站;充电站,011100,北京市,北京市,昌平区,[],[],充电站,昌平区
B0MGT664AG,广汽能源汽车充电站(广汽能源北京昌平马池口北小营超充站),116.169480,40.183120,杰俊旅社,4006665330,汽车服务;充电站;充电站,011100,北京市,北京市,昌平区,马池口,[],充电站,昌平区
B0I0HLUPTW,开迈斯汽车充电站(北京市昌平区气象科技园站站),116.228770,40.205638,城北街道G6中国气象科技园地面停车场,4006657666,汽车服务;充电站;充电站,011100,北京市,北京市,昌平区,城南,[],充电站,昌平区
B0KA5H3BKN,恒华超级充电站(北京超极合生汇超充站·华为超充技术支持),116.293150,40.096070,生命科学园地铁站超级合生汇B3停车场E区E7,17720196654;4008288517,汽车服务;充电站;充电站,011100,北京市,北京市,昌平区,回龙观,[],充电站,昌平区
B0MGMCA0CQ,新电途汽车充电站(中研旗航修正产业园超级充电站),116.367330,40.103500,"北七家镇郑上路,修正产业园",4001100835,汽车服务;充电站;充电站,011100,北京市,北京市,昌平区,北七家,[],充电站,昌平区
B0LKYB2QA5,新电途汽车充电站(中研旗航北控科技大厦充电站),116.235360,40.200120,白浮泉路10号地面停车场,4001100835,汽车服务;充电站;充电站,011100,北京市,北京市,昌平区,城南,[],充电站,昌平区
B0MAORJKVC,新电途汽车充电站(优速得悦荟湾超充站),116.214950,40.226950,优速得悦荟湾超充站,4001100835,汽车服务;充电站;充电站,011100,北京市,北京市,昌平区,[],[],充电站,昌平区
B0L1P56G41,新电途汽车充电站(北京特充天通苑北充电站),116.423300,40.080070,天通苑生态休闲公园东南门停车场,4001100835,汽车服务;充电站;充电站,011100,北京市,北京市,昌平区,北七家,[],充电站,北京市
B0L21DTBRI,新电途汽车充电站(北京特充未来科学城充电站),116.464370,40.112152,未来科学城融尚未来岭上东路6号院地上停车场,4001100835,汽车服务;充电站;充电站,011100,北京市,北京市,昌平区,北七家,[],充电站,昌平区
B0MDL9MQ1U,新电途汽车充电站(未来科学城北七家充电站),116.442960,40.102250,未来科学城北七家充电站,4001100835,汽车服务;充电站;充电站,011100,北京市,北京市,昌平区,北七家,[],充电站,昌平区
B0MAJS2TVL,新电途汽车充电站(橡树园回龙观超充站北京昌平回龙观联通营业厅站),116.346141,40.080817,龙泽园街道中国联通回龙观营业厅(南1门)中国联通,13260100920,汽车服务;充电站;充电站,011100,北京市,北京市,昌平区,回龙观,[],充电站,北京市
B0L1TP249X,昆仑网电汽车充电站(中国石油北京昌平区平西府充电站),116.405594,40.104390,北七家农商行平西府分理处内停车场,956100,汽车服务;充电站;充电站,011100,北京市,北京市,昌平区,北七家,[],充电站,昌平区
B0K6FPK648,昆仑网电汽车充电站(中国石油北京昌平沙河地铁充电站),116.297187,40.142963,沙河镇于辛庄路天利和家园南100米,4000610999,汽车服务;充电站;充电站,011100,北京市,北京市,昌平区,沙河,[],充电站,昌平区
B0L3NGCXH6,昆仑网电汽车充电站(中国石油北京昌平温德姆酒店充电站),116.304670,40.084310,昌平路319号北京龙城华美达酒店停车场,956100,汽车服务;充电站;充电站,011100,北京市,北京市,昌平区,回龙观,[],充电站,昌平区
B0LR6PF3Y1,昆仑网电汽车充电站(中国石油北京昌平简式充电站),116.297500,40.108646,简式国际汽车设计(北京)有限公司园区内,956100,汽车服务;充电站;充电站,011100,北京市,北京市,昌平区,[],[],充电站,昌平区
B0LRMPXOFY,昆仑网电汽车充电站(中国石油北京昌平西关环岛超充站),116.216686,40.220909,S216路侧停车场,956100,汽车服务;充电站;充电站,011100,北京市,北京市,昌平区,[],[],充电站,昌平区
B0LKNPOFAK,昆仑网电汽车充电站(中国石油昌平北清路王府街超充站),116.405160,40.103596,北清路422号,956100,汽车服务;充电站;充电站,011100,北京市,北京市,昌平区,北七家,[],充电站,北京市
B0KKRGDAD1,昆仑网电汽车充电站(中国石油碧肯山充电站),116.314760,40.169876,顺沙路与顺驰南路交叉路口林溪物业侧停车场,956100,汽车服务;充电站;充电站,011100,北京市,北京市,昌平区,百善,[],充电站,昌平区
B0FFGSJGIO,星星充电汽车充电站(昌平-且亭山水酒店),116.271853,40.240709,朝凤北路8号地面停车场,4008280768,汽车服务;充电站;充电站,011100,北京市,北京市,昌平区,[],[],充电站,昌平区
B0KUX1W7B9,星星充电汽车充电站(星星充电-中国电子昌平科技园公共充电站),116.251299,40.203317,城南街道中国电子昌平科技园,15210142383,汽车服务;充电站;充电站,011100,北京市,北京市,昌平区,城南,[],充电站,昌平区
B0HKFO1KD9,星星充电汽车充电站(泰康研修院),116.271602,40.096722,史各庄街道生命科学园西路12号中关村生命科学园地下停车场B2,4008280768,汽车服务;充电站;充电站,011100,北京市,北京市,昌平区,[],[],充电站,昌平区
B0JGDHJSSU,极氪能源汽车充电站(北京中联万家超市昌平店极充站),116.409462,40.127740,北七家镇东沙各庄村东北路5号中联万家超市地面停车位023号车位对面,4000819993,汽车服务;充电站;充电站,011100,北京市,北京市,昌平区,北七家,[],充电站,昌平区
B0LKBHT6TS,极氪能源超级充电站(北京首开LONG街极充站),116.371151,40.084292,龙锦二街与霍营西路交叉口南320米首开LONG街地下停车场负一层013-017号车位,4000036036,汽车服务;充电站;充电站,011100,北京市,北京市,昌平区,东小口,[],充电站,昌平区
B0MD668LQ0,比亚迪闪充汽车充电站(北京昌平南郝庄),116.217970,40.214030,城北街道南郝庄路进停车场即到,4000306666,汽车服务;充电站;充电站,011100,北京市,北京市,昌平区,[],[],充电站,昌平区
B0MD6687D4,比亚迪闪充汽车充电站(北京昌平霍营地铁站车联网),116.354890,40.068775,回龙观街道黄平路28号(入口黄平路),4000306666,汽车服务;充电站;充电站,011100,北京市,北京市,昌平区,西三旗,[],充电站,北京市
B0MD66876V,比亚迪闪充汽车充电站(北京昌平龙锦二街龙锦苑),116.360600,40.087437,霍营街道龙锦二街56号,4000306666,汽车服务;充电站;充电站,011100,北京市,北京市,昌平区,回龙观,[],充电站,昌平区
B0MB5NJQS4,比亚迪闪充汽车充电站(方程豹北京环耀之光4S店),116.414925,40.094967,北七家镇立汤路70号北辰亚运村汽车交易市场,4000306666,汽车服务;充电站;充电站,011100,北京市,北京市,昌平区,北七家,[],充电站,昌平区
B0MG4NW90C,比亚迪闪充汽车充电站(比亚迪北京润迪4S店),116.218270,40.217346,城北街道八达岭高速路西西关加油站北侧3号,4000306666,汽车服务;充电站;充电站,011100,北京市,北京市,昌平区,[],[],充电站,昌平区
B0MBPN0AVV,比亚迪闪充汽车充电站(比亚迪北京润迪海洋4S店),116.382848,40.102268,北七家镇平西府派出所户籍室未来科学城(建设中),4000306666,汽车服务;充电站;充电站,011100,北京市,北京市,昌平区,北七家,[],充电站,昌平区
B0M6VNHF70,比亚迪闪充汽车充电站(比亚迪北京瑞鹏之星4S店),116.418178,40.096060,北七家镇立汤路107号,4000306666,汽车服务;充电站;充电站,011100,北京市,北京市,昌平区,北七家,[],充电站,昌平区
B0MBPN0GEL,比亚迪闪充汽车充电站(腾势北京和谐跃腾中心),116.220380,40.214836,G6辅路与南郝庄路交叉口西100米,4000306666,汽车服务;充电站;充电站,011100,北京市,北京市,昌平区,[],[],充电站,昌平区
B0MAR758MZ,比亚迪闪充汽车充电站(闪充北京乐华仕健康产业园充电站),116.253118,40.206857,城南街道振兴路38号乐华仕健康产业园,4000306666,汽车服务;充电站;充电站,011100,北京市,北京市,昌平区,城南,[],充电站,昌平区
B0L6B5NWM1,汽车充电站(人保昌平站),116.233477,40.230366,中国人民财产保险股份有限公司昌平支公司地面停车场,18665489008,汽车服务;充电站;充电站,011100,北京市,北京市,昌平区,[],[],充电站,昌平区
B0LULU82CF,汽车充电站(公共站昌平区京电博源西贯市村南街停车场优易充小站)(暂停营业),116.141260,40.134304,阳坊镇西贯市村南街停车场,[],汽车服务;充电站;充电站,011100,北京市,北京市,昌平区,阳坊村,[],充电站,昌平区
B0MGSALYFK,汽车充电站(特来电北京华联商厦天通苑店),116.414868,40.070161,华联商厦B2停车场内,4001300001,汽车服务;充电站;充电站,011100,北京市,北京市,昌平区,立水桥,[],充电站,昌平区
B0LDUYEDAA,汽车充电站(百葛服务区),116.238590,40.182711,白浮南桥与满白路交叉口南240米,[],汽车服务;充电站;充电站,011100,北京市,北京市,昌平区,[],[],充电站,昌平区
B0LUMUED4C,汽车充电站(首发能源京承高速土沟服务区进京方向站),116.481820,40.128980,未来科学城土沟服务区西侧,4008288517,汽车服务;充电站;充电站,011100,北京市,北京市,昌平区,[],[],充电站,昌平区
B0I1256A2K,汽车换电站(北京方向S11京承高速土沟服务区蔚来换电站),116.482616,40.130076,未来科学城东路与英才北一街交叉口东120米,[],汽车服务;换电站;换电站,011101,北京市,北京市,昌平区,[],[],充电站,昌平区
B0LR64FBEX,滴滴充电汽车充电站(中石化龙禹昌平温都水城充电站),116.370820,40.105350,北七家镇温都水城旅游景区,4000610999,汽车服务;充电站;充电站,011100,北京市,北京市,昌平区,北七家,[],充电站,昌平区
B0M6MNTW9K,滴滴充电汽车充电站(云和桥昌平三合庄充电站),116.318504,40.083305,三合庄西路102号院地面停车场北侧,4000610999,汽车服务;充电站;充电站,011100,北京市,北京市,昌平区,回龙观,[],充电站,昌平区
B0M63C9P3D,滴滴充电汽车充电站(京供华商回龙观街道南充电站),116.325200,40.062634,回龙观街道金榜园西侧路,4000610999,汽车服务;充电站;充电站,011100,北京市,北京市,昌平区,西三旗,[],充电站,昌平区
B0MDUDZAXS,滴滴充电汽车充电站(京供华商百泉庄超充站),116.218130,40.203827,云快充汽车充电站(京供华商百泉庄充电站),4000610999,汽车服务;充电站;充电站,011100,北京市,北京市,昌平区,马池口,[],充电站,昌平区
B0K3BPP571,滴滴充电汽车充电站(京供华商百泉花园充电站),116.213036,40.202713,马池口镇济泉慧康艾灸养生馆百泉庄旗舰店百泉花园,4000610999,汽车服务;充电站;充电站,011100,北京市,北京市,昌平区,马池口,[],充电站,昌平区
B0L29ZR9C0,滴滴充电汽车充电站(北京市昌平区北七家镇八仙庄北大街东停车场充电站),116.435410,40.137802,北七家镇八曹路未来科学城(建设中),4000610999,汽车服务;充电站;充电站,011100,北京市,北京市,昌平区,北七家,[],充电站,昌平区
B0LDRP7XME,滴滴充电汽车充电站(北京快充无忧七间房充电站),116.164660,40.233337,南口镇雪山北路,4000610999,汽车服务;充电站;充电站,011100,北京市,北京市,昌平区,南口,[],充电站,昌平区
B0M6J4BUTF,滴滴充电汽车充电站(北京昌平住总万科天地充电站),116.316120,40.104828,沙河镇TBD新五街商业中心TBD住总万科天地安居路7号院地下,4000610999,汽车服务;充电站;充电站,011100,北京市,北京市,昌平区,回龙观,[],充电站,昌平区
B0L2DS8H6A,滴滴充电汽车充电站(北京霍营地铁站充电站),116.353747,40.068492,回龙观街道北京收乐吧停车场管理有限公司从黄平路进入道闸后向左前方直行从黄平路进入道闸后向左前方直行,4000610999,汽车服务;充电站;充电站,011100,北京市,北京市,昌平区,回龙观,[],充电站,昌平区
B0MAS5FE5U,滴滴充电汽车充电站(回龙观体育文化公园超充站),116.341900,40.075726,"龙泽园街道龙腾街龙腾街-道路停车位在B1层C区,停车场出口处",4000610999,汽车服务;充电站;充电站,011100,北京市,北京市,昌平区,回龙观,[],充电站,昌平区
B0LRH58SK3,滴滴充电汽车充电站(宝来电八仙庄超充站),116.424820,40.127690,北七家镇天权路未来科学城(建设中)进入道闸左转,4000610999,汽车服务;充电站;充电站,011100,北京市,北京市,昌平区,北七家,[],充电站,昌平区
B0MGFN3S5O,滴滴充电汽车充电站(宝来电宏福超充站),116.374986,40.113725,北七家镇未来科学城(建设中)进入路口后直行140米右转后直,15201334744;4000610999,汽车服务;充电站;充电站,011100,北京市,北京市,昌平区,[],[],充电站,昌平区
B0M6FNWW2L,滴滴充电汽车充电站(港龙商业中心回龙观西大街店充电站),116.329250,40.077663,港龙商业中心1段店(回龙观西大街地铁站A1口步行120米),4000610999,汽车服务;充电站;充电站,011100,北京市,北京市,昌平区,回龙观,[],充电站,昌平区
B0MBMN6AB7,滴滴充电汽车充电站(用电无忧大东流充电站),116.462898,40.169665,小汤山镇秦北路,4000610999,汽车服务;充电站;充电站,011100,北京市,北京市,昌平区,[],[],充电站,昌平区
B0MD0BPOZD,滴滴充电汽车充电站(鲲鹏天通苑充电站),116.406474,40.080214,天通苑北街道太平庄北街,4000610999,汽车服务;充电站;充电站,011100,北京市,北京市,昌平区,东小口,[],充电站,昌平区
B0J19AWOWV,燕丹村西七星路旁电瓶车充电桩,116.437145,40.084038,七星路44号,[],生活服务;生活服务场所;生活服务场所,070000,北京市,北京市,昌平区,北七家,[],充电站,昌平区
B0JASA40ZR,特斯拉超级充电站(北京北郝庄停车场),116.207288,40.222358,南北庄路106号,[],汽车服务;充电站;充电站,011100,北京市,北京市,昌平区,[],[],充电站,昌平区
B0I2RST5YD,特斯拉超级充电站(北京市太平庄停车场),116.379710,40.067031,太平庄中街1号,4009100707,汽车服务;充电站;充电站,011100,北京市,北京市,昌平区,东小口,[],充电站,昌平区
B0J2MGP6JA,特斯拉超级充电站(北京白各庄停车场),116.357212,40.109376,沙河镇白各庄新村大酒店南邻1-1号地面停车场,[],汽车服务;充电站;专用充电站,011103,北京市,北京市,昌平区,[],[],充电站,昌平区
B0HGZA1RR2,特斯拉超级充电站(北京碧桂园九华山庄),116.413889,40.183847,顺沙路75号九华山庄16区九华山庄国际会展中心大酒店东侧地上停车场,[],汽车服务;充电站;充电站,011100,北京市,北京市,昌平区,[],[],充电站,昌平区
B0I1NS87X1,特斯拉超级充电站(泰康研修院),116.272758,40.098339,中关村生命科学园科学园路12号地下B2-C区,4009100707,汽车服务;充电站;专用充电站,011103,北京市,北京市,昌平区,[],[],充电站,昌平区
B0KA37Q0U4,特来电汽车充电站(住总衡其西三旗智能充电站),116.361827,40.069021,回龙观街道住总·旗胜家园(北一区),4001300001,汽车服务;充电站;充电站,011100,北京市,北京市,昌平区,西三旗,[],充电站,昌平区
B0FFIQBM80,特来电汽车充电站(北京九华山庄),116.413894,40.183966,九华山庄内九华国际会展中心-A座西南135M,4001300001,汽车服务;充电站;充电站,011100,北京市,北京市,昌平区,[],[],充电站,昌平区
B0LKNHQFXK,特来电汽车充电站(国华温榆河公园未来智谷充电站65号停车场),116.480290,40.109060,蓬莱苑南街1号院北七家镇鲁疃东路北京温榆河公园内(北侧),18911701867,汽车服务;充电站;充电站,011100,北京市,北京市,昌平区,北七家,[],充电站,昌平区
B0LKK1OKTI,特来电汽车充电站(国华温榆河公园未来智谷充电站69号停车场),116.481070,40.114994,英才南一街3号院北七家镇鲁疃东路北京温榆河公园内(北侧),18911701867,汽车服务;充电站;充电站,011100,北京市,北京市,昌平区,北七家,[],充电站,昌平区
B0LKNHQFY4,特来电汽车充电站(国华温榆河公园未来智谷充电站71号停车场),116.461710,40.101070,七北路7号北七家镇七北南路北京温榆河公园·未来智谷内(西侧),18911701867,汽车服务;充电站;充电站,011100,北京市,北京市,昌平区,北七家,[],充电站,昌平区
B0LKN5Q267,特来电汽车充电站(国华温榆河公园未来智谷充电站72号停车场),116.464191,40.094682,七北路7号,18911701867,汽车服务;充电站;充电站,011100,北京市,北京市,昌平区,昌平·千帆音乐公园,[],充电站,昌平区
B0I6Y5UJND,特来电汽车充电站(昌平区路劲世界广场充电站),116.292964,40.206464,南邵镇景荣街4号路劲世界城3期,15640583766,汽车服务;充电站;充电站,011100,北京市,北京市,昌平区,南邵,[],充电站,昌平区
B0J2TS2MXO,特来电汽车充电站(沙河充电基地),116.267520,40.131840,沙河镇巩华城大街88号水工机械厂(东门进),18518550456,汽车服务;充电站;充电站,011100,北京市,北京市,昌平区,沙河,[],充电站,昌平区
B0K2L7PPZE,特来电汽车充电站(燕丹充电站),116.440225,40.078311,北七家镇太海路地面停车场,4001300001,汽车服务;充电站;充电站,011100,北京市,北京市,昌平区,北七家,[],充电站,北京市
B0LAKXLBG2,特来电汽车充电站(特来电北京沙河北大桥超级充电站),116.267520,40.131840,沙河镇水工机械厂院内(进京方向沙河北大桥公交站),18518550456;4001300001,汽车服务;充电站;充电站,011100,北京市,北京市,昌平区,沙河,[],充电站,昌平区
B0LR0UMYJ4,特来电目的地充电站(观山楼充电站),116.175316,40.253710,南涧路11号南口镇北京宝隆联合经贸有限公司北京警察学院,18911939839,汽车服务;充电站;充电站,011100,北京市,北京市,昌平区,[],[],充电站,昌平区
B0L2FC2AJH,特来电超级充电站(特来电北京市昌平区-龙德广场充电站)(暂停营业),116.416654,40.060763,龙德广场东出入口西北60米,4001300001,汽车服务;充电站;充电站,011100,北京市,北京市,昌平区,东小口,[],充电站,昌平区
B0KKTDTLQW,理想充电站(理想城市超充站北京昌平区北七家镇燕丹站),116.438521,40.079509,北七家镇太平庄北街地面停车场,4006860400,汽车服务;充电站;充电站,011100,北京市,北京市,昌平区,北七家,[],充电站,昌平区
B0FFIC7FJ8,理想汽车超级充电站(理想超充站北京宏福大厦),116.369561,40.101014,宏福大厦西侧停车场,4006860400,汽车服务;充电站;充电站,011100,北京市,北京市,昌平区,北七家,[],充电站,昌平区
B0KU3RG663,理想超级充电站(理想5C超充站京礼高速上店服务区北京方向),116.096810,40.170704,上店服务区,4006860400,汽车服务;充电站;充电站,011100,北京市,北京市,昌平区,[],[],充电站,昌平区
B0KRNDGT9W,理想超级充电站(理想5C超充站京礼高速上店服务区崇礼方向),116.096306,40.172424,上店服务区,4006860400,汽车服务;充电站;充电站,011100,北京市,北京市,昌平区,[],[],充电站,昌平区
B0JU3U634F,理想超级充电站(理想5C超充站大广高速土沟服务区广州方向),116.482500,40.129830,土沟服务区,4006860400,汽车服务;充电站;充电站,011100,北京市,北京市,昌平区,[],[],充电站,昌平区
B0I2AKIZ2M,电动车充电站,116.266797,40.164131,北街家园一区附近,[],汽车服务;充电站;充电站,011100,北京市,北京市,昌平区,沙河,[],充电站,昌平区
B0J0J7TDSW,绿行汽车充电站(未来城汽车充电站),116.407848,40.152142,小汤山镇温榆河滨水绿道未来科学城,13811432562,汽车服务;充电站;充电站,011100,北京市,北京市,昌平区,[],[],充电站,昌平区
B0LUTZ56P3,能加超充超级充电站(昌平乐多港万达超充站·华为超充技术支持),116.190664,40.228237,万达广场南侧地面停车场,4001100835,汽车服务;充电站;充电站,011100,北京市,北京市,昌平区,[],[],充电站,昌平区
B0MDS4DCRM,茂电·顺顺充超级充电站(松兰堡街超充站·华为超充技术支持),116.298550,40.153214,沙河镇百沙路318号未来科学城,4008069666,汽车服务;充电站;充电站,011100,北京市,北京市,昌平区,沙河,[],充电站,北京市
B0JDZKCVKL,蔚景云汽车充电站(云和桥龙湖冠寓生命科学园充电站),116.299050,40.089825,回龙观街道龙湖冠寓(北京生命科学园店),[],汽车服务;充电站;充电站,011100,北京市,北京市,昌平区,回龙观,[],充电站,昌平区
B0LUS6T5BC,蔚来换电站(北京天通苑北站),116.405278,40.080433,太平庄北街3-1-037号,[],汽车服务;汽车服务相关;汽车服务相关,010000,北京市,北京市,昌平区,东小口,[],充电站,昌平区
B0H275WOFI,蔚来换电站G6京藏高速百葛服务区北京方向,116.237962,40.180901,G6京藏高速百葛服务区进京方向,[],汽车服务;换电站;换电站,011101,北京市,北京市,昌平区,[],[],充电站,昌平区
B0H0KSO7ZN,蔚来换电站S3801京礼高速上店服务区崇礼方向,116.096174,40.172809,昌流路8号S3801京礼高速上店服务区崇礼方向,[],汽车服务;换电站;换电站,011101,北京市,北京市,昌平区,[],[],充电站,昌平区
B0JKTU9V6E,蔚来能源超级充电站(北京小汤山富来宫温泉山庄),116.404535,40.181396,小汤山镇大柳树环岛北200米,[],汽车服务;充电站;充电站,011100,北京市,北京市,昌平区,小汤山,[],充电站,昌平区
B0KRRUQZOO,蔚来能源超级充电站(北京方向S11京承高速土沟服务区),116.482620,40.130005,土沟服务区,[],汽车服务;充电站;充电站,011100,北京市,北京市,昌平区,[],[],充电站,昌平区
B0HK3ZIQKF,蔚来超充站G6京藏高速百葛服务区,116.238034,40.180847,百葛服务区(进京方向),[],汽车服务;充电站;充电站,011100,北京市,北京市,昌平区,[],[],充电站,昌平区
B0L3CYIFB6,逸安启超级充电站(北京超极合生汇),116.293027,40.095526,"回龙观北清路1号昌平超极合生汇东区地下LG3层,H区H25-H31车位,靠近H1扶梯厅和C3客梯",4000010780,汽车服务;充电站;充电站,011100,北京市,北京市,昌平区,回龙观,[],充电站,昌平区
B0IRYU9TY0,隆瑞三优汽车充电站(隆瑞三优龙锦苑充电站快充站),116.362274,40.089139,龙锦苑公交场站东侧停车场,4000826699,汽车服务;充电站;充电站,011100,北京市,北京市,昌平区,回龙观,[],充电站,昌平区
B0HBRX865P,隆瑞三优超级充电站(丈头超级充电站),116.137634,40.196973,丈头村559路公交场站,[],汽车服务;充电站;充电站,011100,北京市,北京市,昌平区,[],[],充电站,昌平区
B0LUCKSTCY,首发能源充电站(京承高速土沟服务区出京方向),116.484125,40.129089,S11京承高速入口与S11京承高速出口交叉口北200米,[],汽车服务;充电站;充电站,011100,北京市,北京市,昌平区,[],[],充电站,昌平区
B0FFHKMYEP,首发能源充电站(京藏高速百葛服务区进京),116.237748,40.181417,在百葛服务区(京藏高速北京方向)附近,[],汽车服务;充电站;充电站,011100,北京市,北京市,昌平区,[],[],充电站,昌平区
B0I01PNRJP,驴充充汽车充电站(大辛峰汽车充电站对外开放),116.353290,40.201176,崔村镇X012(崔阿路)驴充充充电站(大辛峰村),13810260508,汽车服务;充电站;充电站,011100,北京市,北京市,昌平区,[],[],充电站,昌平区
B0I2GLH4NL,鲲鹏祥瑞东沙各庄汽车充电站,116.407625,40.127474,立汤路367号,[],汽车服务;充电站;充电站,011100,北京市,北京市,昌平区,北七家,[],充电站,昌平区
B0IDGLVQ4S,鲲鹏祥瑞北郝庄充电站,116.207453,40.222449,南北庄路106号地面停车场,4008288517,汽车服务;充电站;充电站,011100,北京市,北京市,昌平区,[],[],充电站,昌平区
B0J2XRSQR5,鲲鹏祥瑞裕祥社区汽车充电站,116.233460,40.233369,城北街道裕祥小区地面停车场,4000610999,汽车服务;充电站;充电站,011100,北京市,北京市,昌平区,[],[],充电站,昌平区
B0MDSKD0W5,Hi ZOOM汽车充电站(Hi ZOOM超充站管庄瑞祥里),116.608894,39.911125,管庄第二社区卫生服务中心西侧100米停车场,4000826699,汽车服务;充电站;充电站,011100,北京市,北京市,朝阳区,管庄,[],充电站,朝阳区
B0MDY9UUIC,K充电汽车充电站(王四营北路充电站),116.548535,39.882741,观音堂桥东(王四营北路),95105888,汽车服务;充电站;充电站,011100,北京市,北京市,朝阳区,[],[],充电站,朝阳区
B0MAB9SPD2,K充电汽车充电站(金盏充电站),116.599410,40.012442,金盏乡深林公园东1号,95105888,汽车服务;充电站;充电站,011100,北京市,北京市,朝阳区,[],[],充电站,朝阳区
B0LUD664XC,PP充电汽车充电站(皮村),116.626041,39.989841,皮村路777号,15130308785,汽车服务;充电站;充电站,011100,北京市,北京市,朝阳区,[],[],充电站,朝阳区
B0L0O4HV1M,bp pulse汽车充电站(北京城环城汽配城),116.454426,39.833433,城环城国际汽配城35号楼停车场,4006644086,汽车服务;充电站;充电站,011100,北京市,北京市,朝阳区,小红门,[],充电站,朝阳区
B0GKMHSYWY,i换电.北京朝阳区奥动换电来广营北站,116.461128,40.024697,来广营北路1号,15735404140,汽车服务;充电站;充电站,011100,北京市,北京市,朝阳区,来广营,[],充电站,朝阳区
B0KGS4B59V,万城万充汽车充电站(华声国际大厦充电站),116.436000,39.914036,华声国际大厦停车场,4008083392,汽车服务;充电站;充电站,011100,北京市,北京市,朝阳区,建国门,[],充电站,朝阳区
B0LR1ARYMV,中化新能源汽车充换电站(北京奥森北园西门充换电站),116.375916,40.027366,奥运村街道黑泉路奥林匹克森林公园北园西门最西侧大门进入左转直行80米,[],汽车服务;充电站;充电站,011100,北京市,北京市,朝阳区,[],[],充电站,朝阳区
B0KAC5ZM82,中国石化汽车充电站(七彩充电站),116.507800,39.936730,石佛营101号七彩停车楼三层,95105888,汽车服务;充电站;充电站,011100,北京市,北京市,朝阳区,姚家园,[],充电站,北京市
B0M69AA32A,中国石化汽车充电站(中国石化北苑充电站),116.424140,40.047054,来广营乡秋时街天九共享控股集团北50米墙内停车场,95105888,汽车服务;充电站;充电站,011100,北京市,北京市,朝阳区,来广营,[],充电站,北京市
B0JBUGC7V4,中国石化汽车充电站(中国石化博大路充电站),116.472769,39.837650,十八里店乡东四环南路甲一号中国石化博大路加油站旁,95105888,汽车服务;充电站;充电站,011100,北京市,北京市,朝阳区,小红门,[],充电站,北京市
B0MG14RWYZ,中国石化汽车充电站(中国石化地坛医院充电站),116.527265,40.022022,崔各庄乡首都医科大学附属北京地坛医院(东南门),95105888,汽车服务;充电站;充电站,011100,北京市,北京市,朝阳区,孙河,[],充电站,北京市
B0KU6B1SVW,中国石化汽车充电站(中国石化奥林匹克P2停车场充电站),116.387679,39.993433,天辰西路奥林匹克公园中心区水立方停车场,95105888,汽车服务;充电站;充电站,011100,北京市,北京市,朝阳区,北辰,[],充电站,北京市
B0LKZNDHI0,中国石化汽车充电站(中国石化爱家商业大厦充电站),116.484970,39.959187,爱家商业大厦地面停车场(东风北桥地铁站B东北口步行80米),95105888,汽车服务;充电站;充电站,011100,北京市,北京市,朝阳区,亮马桥,[],充电站,朝阳区
B0MG04GH1B,中国石化汽车充电站(中国石化财满街充电站),116.534230,39.916897,高碑店乡朝阳路67号院财满街财经中心停车场,95105888,汽车服务;充电站;充电站,011100,北京市,北京市,朝阳区,高碑店,[],充电站,北京市
B0LKC41IGB,中国石化汽车充电站(中国石化酒仙桥充电站),116.484520,39.967716,将台地区中国石化酒仙桥加油站,95105888,汽车服务;充电站;充电站,011100,北京市,北京市,朝阳区,酒仙桥,[],充电站,北京市
B0MGCPE5SH,中国石化汽车充电站(八王坟长途车充电站),116.478630,39.902610,南磨房乡八王坟长途客运站阿尔萨办公楼,95105888,汽车服务;充电站;充电站,011100,北京市,北京市,朝阳区,南磨房,[],充电站,北京市
B0KD0BY3GK,中国石化汽车充电站(塞纳河充电站),116.414970,40.054382,立水桥路8号塞纳河院内喆啡酒店,95105888,汽车服务;充电站;充电站,011100,北京市,北京市,朝阳区,来广营,[],充电站,北京市
B0KRKB2FFC,中国石化汽车充电站(奥林匹克P5停车场充电站),116.398374,40.009224,奥运村街道科荟路33号奥林匹克森林公园P5停车场,95105888,汽车服务;充电站;充电站,011100,北京市,北京市,朝阳区,北辰,[],充电站,北京市
B0KKDB3GZB,中国石化汽车充电站(孙河充电站),116.515193,40.044246,康营家园四期D区北门旁,95105888,汽车服务;充电站;充电站,011100,北京市,北京市,朝阳区,[],[],充电站,朝阳区
B0JK0BIMKS,中国石化汽车充电站(小武基充电站),116.493021,39.863711,十八里店乡小武基路149号,95105888,汽车服务;充电站;充电站,011100,北京市,北京市,朝阳区,十八里店,[],充电站,北京市
B0KA7Z4JJK,中国石化汽车充电站(平房桥充电站),116.540510,39.948050,平房乡平房路48号小狼国际停车场,4000826699,汽车服务;充电站;充电站,011100,北京市,北京市,朝阳区,东坝,[],充电站,北京市
B0K2BB6N4F,中国石化汽车充电站(瑞安大厦充电站),116.459575,39.865925,十八里店乡东三环南路102号瑞安大厦,95105888,汽车服务;充电站;充电站,011100,北京市,北京市,朝阳区,十里河,[],充电站,北京市
B0K2BB7A61,中国石化汽车充电站(财经中心充电站),116.537262,39.916794,高碑店乡朝阳路67号院财满街财经中心停车场,95105888,汽车服务;充电站;充电站,011100,北京市,北京市,朝阳区,高碑店,[],充电站,北京市
B0LU3B8DZF,中国石化超级充电站(望京新城充电站),116.472263,40.000893,望京街道宏泰西街中国石化望京新城加油站,95105888,汽车服务;充电站;充电站,011100,北京市,北京市,朝阳区,望京,[],充电站,朝阳区
B0MG7UHOP4,中电建千方超级充电站(北京水立方站),116.388419,39.991778,科荟路33号奥林匹克公园中心区西南角(地上),4006506518,汽车服务;充电站;充电站,011100,北京市,北京市,朝阳区,北辰,[],充电站,北京市
B0MG7CI9SE,中电建千方超级充电站(奥林匹克中心区P4停车场站),116.399702,40.000801,北辰东路与大屯路交叉口西南角(地上),4006506518,汽车服务;充电站;充电站,011100,北京市,北京市,朝阳区,北辰,[],充电站,北京市
B0HGJCJZB5,云快充汽车充电站(朝阳区来广营充电站),116.461174,40.024715,天来运停车场,4008288517,汽车服务;充电站;充电站,011100,北京市,北京市,朝阳区,来广营,[],充电站,朝阳区
B0MGF44ILR,云快充汽车充电站(零点特区充电站),116.602321,39.899579,零点特区,15534861086,汽车服务;充电站;充电站,011100,北京市,北京市,朝阳区,管庄,[],充电站,朝阳区
B0JU5RE97L,云快充超级充电站(三元桥超级充电站),116.459266,39.959765,三元桥(三元桥地铁站G口步行170米),4008288517,汽车服务;充电站;充电站,011100,北京市,北京市,朝阳区,霄云路,[],充电站,朝阳区
B0L26DEMSA,云快充超级充电站(安心智途充电站),116.484840,40.041534,崔各庄乡奶东村启明星学校房屋西侧地面停车场,4008288517,汽车服务;充电站;充电站,011100,北京市,北京市,朝阳区,[],[],充电站,朝阳区
B0MAO5J34C,云快充超级充电站(来广营大桥液冷超充站),116.463038,40.028309,"来广营大桥,来广营大桥桥下空间地面停车场",4008288517,汽车服务;充电站;充电站,011100,北京市,北京市,朝阳区,来广营,[],充电站,朝阳区
B0MDF48G53,云快充超级充电站(芍药居北里充电站),116.431149,39.985931,芍药居北里梵茜儿轻奢造型沙龙北侧,15534861086,汽车服务;充电站;充电站,011100,北京市,北京市,朝阳区,太阳宫村,[],充电站,朝阳区
B0H1NOD440,充电站,116.453458,39.920867,金桐西路与朝阳门外大街辅路交叉口西南40米,[],汽车服务;充电站;充电站,011100,北京市,北京市,朝阳区,呼家楼,[],充电站,北京市
B0LK2XS773,北京智充新能源汽车充电站(Hi ZOOM超充站管庄瑞祥里),116.608894,39.911125,北京市管庄第二社区卫生服务中心西侧100米停车场,13121999950,汽车服务;充电站;充电站,011100,北京市,北京市,朝阳区,管庄,[],充电站,朝阳区
B0IGN572UL,北京朝阳合生汇充电桩,116.478513,39.894489,九龙山合生汇地下停车场B3层A19区A-064(九龙山地铁站B东北口旁),[],汽车服务;充电站;充电站,011100,北京市,北京市,朝阳区,南磨房,[],充电站,朝阳区
B0L13U6Q2C,北京碧辟汽车充电站(国家体育场鸟巢),116.400260,39.989388,奥运村街道北辰东路12号,4006644086,汽车服务;充电站;充电站,011100,北京市,北京市,朝阳区,北辰,[],充电站,北京市
B0FFHJJA1R,国家体育场北侧停车场充电站,116.395852,39.996995,国家体育场北路与湖景东路交叉口西南160米,[],汽车服务;充电站;充电站,011100,北京市,北京市,朝阳区,北辰,[],充电站,朝阳区
B0FFL55CRU,国家电网充电站(北京欢乐谷),116.499423,39.865042,北京欢乐谷东门停车场(欢乐谷景区地铁站C东南口步行90米),18601376118,汽车服务;充电站;充电站,011100,北京市,北京市,朝阳区,南磨房,[],充电站,朝阳区
B0G3TRQ1UE,国家电网汽车充电站(北京市朝阳区仰山公园北门公共),116.414258,40.021360,北五环仰山桥南侧仰山公园北门,18601376118,汽车服务;充电站;充电站,011100,北京市,北京市,朝阳区,[],[],充电站,北京市
B0FFGG5WN7,国家电网汽车充电站(北京市朝阳区天雅古玩城公共),116.459782,39.870869,华威南路6号停车场(潘家园地铁站C2东南口步行480米),[],汽车服务;充电站;充电站,011100,北京市,北京市,朝阳区,十八里店,[],充电站,朝阳区
B0KK2R67H4,国家电网汽车充电站(北京市朝阳区姜庄湖智慧绿色超充港),116.433503,39.997122,小营北路6号,18601376118,汽车服务;充电站;充电站,011100,北京市,北京市,朝阳区,小营,[],充电站,北京市
B0FFIMX94P,国家电网汽车充电站(北京市朝阳区康营小区),116.548321,40.037066,孙河乡康营家园13期东侧公共地面停车场,18601376118,汽车服务;充电站;充电站,011100,北京市,北京市,朝阳区,孙河,[],充电站,朝阳区
B0FFJ2LLO1,国家电网汽车充电站(北京市朝阳区朝阳公园东5门),116.489053,39.944963,朝阳公园东5门地面停车场,[],汽车服务;充电站;充电站,011100,北京市,北京市,朝阳区,姚家园,[],充电站,朝阳区
B0G3TROL9T,国家电网汽车充电站(北京市朝阳区白家楼北门),116.544628,39.929532,高碑店乡高井村白家楼245号白家楼新村北地面停车场,18601376118,汽车服务;充电站;充电站,011100,北京市,北京市,朝阳区,高碑店,[],充电站,朝阳区
B0FFHJJ96G,国家电网汽车充电站(北京市朝阳区蓝调庄园),116.614254,39.963901,蓝调喜庆文化创意园停车场,18601376118,汽车服务;充电站;充电站,011100,北京市,北京市,朝阳区,[],[],充电站,北京市
B0L0RN3KNS,均悦充汽车充电站(十里河灯饰城),116.464970,39.863575,十里河灯饰城A座1F08-1,[],汽车服务;充电站;充电站,011100,北京市,北京市,朝阳区,十里河,[],充电站,朝阳区
B0MB4BY6V8,壳牌充电超级充电站(壳牌充电北京朝阳合生国际花园地面快充站),116.458590,39.900430,双井街道广渠门外大街甲31号合生国际花园北侧停车场地内,4007160699,汽车服务;充电站;充电站,011100,北京市,北京市,朝阳区,广渠门,[],充电站,朝阳区
B0L3UNFZTL,壳牌充电超级充电站(壳牌充电北京朝阳四元桥购物中心地面快充站),116.461680,39.977881,四元桥家乐福购物中心地面停车场,4007160699,汽车服务;充电站;充电站,011100,北京市,北京市,朝阳区,望京,[],充电站,朝阳区
B0M69B8276,壳牌充电超级充电站(壳牌充电北京朝阳奥南5号B座地下快充站),116.406020,39.980830,和平街道安定路5号奥南5号大厦B座地下B2层停车场,4007160699,汽车服务;充电站;充电站,011100,北京市,北京市,朝阳区,小关,[],充电站,朝阳区
B0MB4BY2AD,壳牌充电超级充电站(壳牌充电北京朝阳秀水街大厦地面快充站),116.449330,39.909927,"秀水东街8号,新秀水街商厦地面停车场西侧",4007160699,汽车服务;充电站;充电站,011100,北京市,北京市,朝阳区,建外大街,[],充电站,朝阳区
B0I23L2DS3,壳牌汽车充电站(壳牌四元桥购物中心充电站),116.461717,39.978211,四元桥购物中心地面停车场,4000826699,汽车服务;充电站;充电站,011100,北京市,北京市,朝阳区,望京,[],充电站,朝阳区
B0HB4R968H,奥动换电清河营D站,116.442544,40.048084,北苑东路辅路与清河营中街交叉口东40米,13522041667,汽车服务;充电站;充电站,011100,北京市,北京市,朝阳区,来广营,[],充电站,朝阳区
B0LB6Y5572,小桔充电充电站(北京朝阳区九龙商厦充电站),116.475479,39.894193,双井街道东九路九龙商厦1幢,4000610999,汽车服务;充电站;充电站,011100,北京市,北京市,朝阳区,大望路,[],充电站,朝阳区
B0FFJS7Z33,小桔充电汽车充电站(Hi ZOOM充电站大黄庄桥北),116.543737,39.916405,朝阳路辅路大黄庄桥下空间停车场,13121999950,汽车服务;充电站;充电站,011100,北京市,北京市,朝阳区,高碑店,[],充电站,朝阳区
B0M674V9J1,小桔充电汽车充电站(东枫国际体育园充电站),116.468240,39.934540,农展馆南路甲9号东枫国际体育园停车场,4000610999,汽车服务;充电站;充电站,011100,北京市,北京市,朝阳区,团结湖,[],充电站,朝阳区
B0JRJ6CZJM,小桔充电汽车充电站(中石化龙禹E9创新工厂充电站),116.596777,39.883883,黑庄户乡康中街32号E9创新工场园区东南侧,4000610999,汽车服务;充电站;充电站,011100,北京市,北京市,朝阳区,[],[],充电站,朝阳区
B0LBTG049Z,小桔充电汽车充电站(中石化龙禹朝阳世茂大厦),116.471954,39.907282,郎园北门东侧天桥下入口右拐世贸大厦停车场,[],汽车服务;充电站;充电站,011100,北京市,北京市,朝阳区,大望路,[],充电站,朝阳区
B0K1UG8LOL,小桔充电汽车充电站(京能超级充电站中心路停车场站),116.529552,39.904246,高碑店乡惠河南街91号高碑店路近惠河南街东侧地面停车场,4000610999,汽车服务;充电站;充电站,011100,北京市,北京市,朝阳区,高碑店,[],充电站,朝阳区
B0KR7GJZ6F,小桔充电汽车充电站(京能超级充电站高碑店第十七中陶家湾校区),116.533210,39.906473,高碑店乡了知学堂高碑店东区,4000610999,汽车服务;充电站;充电站,011100,北京市,北京市,朝阳区,高碑店,[],充电站,朝阳区
B0L104CIBC,小桔充电汽车充电站(优智·顺迈金钻充电站),116.461841,39.886801,劲松街道东三环南路乙52-2号顺迈金钻国际商务中心西1门,4000610999,汽车服务;充电站;充电站,011100,北京市,北京市,朝阳区,劲松,[],充电站,朝阳区
B0L3KPAUM0,小桔充电汽车充电站(优智黄渠充电站),116.565532,39.930168,平房乡定福庄路,4000610999,汽车服务;充电站;充电站,011100,北京市,北京市,朝阳区,常营,[],充电站,朝阳区
B0K324YXDR,小桔充电汽车充电站(劲松1号超级充电站),116.451641,39.885266,劲松街道全季酒店院内,[],汽车服务;充电站;充电站,011100,北京市,北京市,朝阳区,劲松,[],充电站,朝阳区
B0FFMF7BXT,小桔充电汽车充电站(北京望京文化产业园充电站),116.479675,39.994186,望京街望京伯爵城中央公园进门左拐直行,[],汽车服务;充电站;充电站,011100,北京市,北京市,朝阳区,望京,[],充电站,朝阳区
B0JKVDN5W6,小桔充电汽车充电站(北京朝阳CBD万达广场),116.473087,39.909367,建外街道建国路93号北京CBD万达广场地下停车场,4000610999,汽车服务;充电站;充电站,011100,北京市,北京市,朝阳区,大望路,[],充电站,北京市
B0HGX4X86R,小桔充电汽车充电站(北京朝阳SOHO现代城停车楼),116.477137,39.906393,西大望路与现代城中路交叉口停车楼顶层,4000610999,汽车服务;充电站;充电站,011100,北京市,北京市,朝阳区,建外大街,[],充电站,北京市
B0IGYHGCLL,小桔充电汽车充电站(北京朝阳凯德汇新大厦),116.494151,39.916093,苏宁易购生活广场B3层停车场,4000610999,汽车服务;充电站;充电站,011100,北京市,北京市,朝阳区,慈云寺,[],充电站,朝阳区
B0K3FDQSQ8,小桔充电汽车充电站(北京朝阳区898创新空间超充站),116.502185,39.956358,东风南路24号,[],汽车服务;充电站;充电站,011100,北京市,北京市,朝阳区,姚家园,[],充电站,朝阳区
B0JBTP59QJ,小桔充电汽车充电站(北京朝阳区来广营地上停车场充电站),116.462190,40.025098,来广营北路一号地面停车场,4000610999,汽车服务;充电站;充电站,011100,北京市,北京市,朝阳区,来广营,[],充电站,朝阳区
B0J6MRQG91,小桔充电汽车充电站(北京朝阳小悦中心),116.517928,39.935317,小悦中心广场地下一层,4000610999,汽车服务;充电站;充电站,011100,北京市,北京市,朝阳区,姚家园,[],充电站,朝阳区
B0G294MYTL,小桔充电汽车充电站(北京朝阳新源里),116.449239,39.949433,格纳斯大厦北侧地面停车场,[],汽车服务;充电站;充电站,011100,北京市,北京市,朝阳区,左家庄,[],充电站,朝阳区
B0JDMA39VL,小桔充电汽车充电站(北京朝阳金长安大厦),116.492043,39.898529,东四环中路82号,[],汽车服务;充电站;充电站,011100,北京市,北京市,朝阳区,百子湾,[],充电站,朝阳区
B0KA5473D5,小桔充电汽车充电站(北京老故事五零三停车场充电站),116.383626,39.993344,亚运村街道安翔北路辅路老故事503文创园,4000610999,汽车服务;充电站;充电站,011100,北京市,北京市,朝阳区,北辰,[],充电站,北京市
B0LR54AIZ1,小桔充电汽车充电站(北京赛特停车场充电站),116.442024,39.907467,赛特购物中心地面停车场,[],汽车服务;充电站;充电站,011100,北京市,北京市,朝阳区,建外大街,[],充电站,朝阳区
B0M6BSGMIW,小桔充电汽车充电站(四元桥东坝河充电站),116.466030,39.971622,望京街道京密路27号中国石油东坝河加油站,4000610999,汽车服务;充电站;充电站,011100,北京市,北京市,朝阳区,太阳宫村,[],充电站,北京市
B0L2HRBL1J,小桔充电汽车充电站(四元桥顺峰顺景店充电站),116.461080,39.973373,曙光西路辅路与北四环东路辅路交叉口西南260米,[],汽车服务;充电站;充电站,011100,北京市,北京市,朝阳区,太阳宫村,[],充电站,朝阳区
B0L36N911Q,小桔充电汽车充电站(天潮能充冠军城超充站),116.372490,40.001232,丰收物业集中办公区北门西110米,4000610999,汽车服务;充电站;充电站,011100,北京市,北京市,朝阳区,二里庄,[],充电站,朝阳区
B0LB7YEHJ0,小桔充电汽车充电站(姚家园808超级),116.520249,39.945559,姚家园北一路808号,4000610999,汽车服务;充电站;充电站,011100,北京市,北京市,朝阳区,姚家园,[],充电站,朝阳区
B0LRFN68Z4,小桔充电汽车充电站(朝阳区中国国际展览中心1号停车场超充站),116.445547,39.960789,静安西街与静安里中街交叉口东120米,[],汽车服务;充电站;充电站,011100,北京市,北京市,朝阳区,国展,[],充电站,朝阳区
B0JUGDBF3Q,小桔充电汽车充电站(财满街锐城国际),116.531181,39.917228,高碑店乡美联同创健康服务中心医学采样财满街服务站锐城商场地面停车场,[],汽车服务;充电站;充电站,011100,北京市,北京市,朝阳区,高碑店,[],充电站,朝阳区
B0LDCPJ30K,小桔充电汽车充电站(都都快充东进国际超充站),116.494325,39.881639,南磨房乡东进国际地面停车场,4000610999,汽车服务;充电站;充电站,011100,北京市,北京市,朝阳区,百子湾,[],充电站,北京市
B0G294N69V,小桔充电站(北京朝阳金盟大厦),116.423011,39.992275,小营路17号花间禅寺旁边地面停车场,[],汽车服务;充电站;充电站,011100,北京市,北京市,朝阳区,亚运村,[],充电站,朝阳区
B0IKF54D87,小鹏汽车充电站(北京西奥中心小鹏超充站),116.381350,40.001270,西奥中心地面停车场07(科学园南里中街入口),4007836688,汽车服务;充电站;充电站,011100,北京市,北京市,朝阳区,北辰,[],充电站,朝阳区
B0KDT587WQ,广汽能源汽车充电站(广汽昊铂北京日坛国际贸易中心超充站),116.443244,39.920515,朝外街道南营房胡同日坛国际贸易中心地下停车场B2层,4006665330,汽车服务;充电站;充电站,011100,北京市,北京市,朝阳区,朝外,[],充电站,朝阳区
B0IASLNC4D,开迈斯汽车充电站(北京市东风南路六号院站),116.503523,39.953735,东风6号地面停车场,4006657666,汽车服务;充电站;充电站,011100,北京市,北京市,朝阳区,姚家园,[],充电站,北京市
B0I0HLSVDQ,开迈斯汽车充电站(北京市国家体育馆3号停车场站),116.387746,39.997471,天辰东路9号地面停车场15,4006657666,汽车服务;充电站;充电站,011100,北京市,北京市,朝阳区,北辰,[],充电站,北京市
B0KUBPNPKA,捷顺充汽车充电站(超级饭电莱锦文创园站),116.496724,39.914735,八里庄街道黑松白鹿莱锦文化创意产业园,15533440024;4000826699,汽车服务;充电站;充电站,011100,北京市,北京市,朝阳区,四惠,[],充电站,朝阳区
B0LR3CDRYP,新电途充电站(北京朝阳世茂工三二期电站),116.449304,39.935191,工人体育场北路13号世茂广场工三店B3层,4001100835,汽车服务;充电站;充电站,011100,北京市,北京市,朝阳区,三里屯,[],充电站,朝阳区
B0L3U4G6PR,新电途汽车充电站(优智顺迈金钻充电站),116.462092,39.886637,劲松街道北京维特奥医院顺迈金钻国际商务中心,4001100835,汽车服务;充电站;充电站,011100,北京市,北京市,朝阳区,双井,[],充电站,朝阳区
B0LUDM8USJ,新电途汽车充电站(北京朝阳华山谷超级充电站),116.599230,39.982330,金盏乡华山谷北京新头部企业街区,4001100835,汽车服务;充电站;充电站,011100,北京市,北京市,朝阳区,[],[],充电站,朝阳区
B0M60MM3W1,新电途汽车充电站(地坛医院兆瓦级充电站),116.527356,40.021956,地坛医院停车场,17777789893,汽车服务;充电站;充电站,011100,北京市,北京市,朝阳区,孙河,[],充电站,朝阳区
B0L2UUEVUT,新电途汽车充电站(崔各庄·望悦国际·超快充站),116.490490,40.023430,来广营东路51号院·望悦国际社区北门·地下停车场B1层B区,4001100835,汽车服务;充电站;充电站,011100,北京市,北京市,朝阳区,来广营,[],充电站,朝阳区
B0M63585VH,新电途汽车充电站(工人体育场超充站),116.445617,39.928723,三里屯街道北京工人体育场北京工体富国海底世界,4001100835,汽车服务;充电站;充电站,011100,北京市,北京市,朝阳区,朝外,[],充电站,北京市
B0L2RMMAM2,新电途汽车充电站(智电时代清河营郊野公园充电站),116.442703,40.055783,来广营乡艾赛体育地面停车场(清河营地铁站B口步行480米),4001100835,汽车服务;充电站;充电站,011100,北京市,北京市,朝阳区,来广营,[],充电站,朝阳区
B0MA5SO5VE,新电途汽车充电站(来广营大桥液冷超充站),116.463590,40.027950,来广营乡S11京承高速,13910228740,汽车服务;充电站;充电站,011100,北京市,北京市,朝阳区,来广营,[],充电站,朝阳区
B0L0F54CQD,新电途汽车充电站(费家村充换电综合能源中心充电站),116.499345,40.022695,崔各庄乡来广营东路地面停车场,4001100835,汽车服务;充电站;充电站,011100,北京市,北京市,朝阳区,来广营,[],充电站,朝阳区
B0MAYR3BM9,新电途汽车充电站(里程宝郡王府充电站),116.484890,39.936740,麦子店街道康诺脊椎健康中心郡王府体育中心,4001100835,汽车服务;充电站;充电站,011100,北京市,北京市,朝阳区,姚家园,[],充电站,朝阳区
B0G07NXFHV,昆仑网电汽车充电站(中国石油东坝智慧FUN充电站),116.540920,39.954357,平房路金隅汇景苑四区东50米,956100,汽车服务;充电站;充电站,011100,北京市,北京市,朝阳区,东坝,[],充电站,北京市
B0KBJ9F8EL,昆仑网电汽车充电站(中国石油亚投行充电站),116.387370,40.007334,天辰东路1号院亚洲金融大厦西侧,956100,汽车服务;充电站;充电站,011100,北京市,北京市,朝阳区,北辰,[],充电站,北京市
B0LB3G7CDW,昆仑网电汽车充电站(中国石油北京和颐至尊酒店超充站),116.490633,39.988193,酒仙桥北路和颐至尊酒店,956100,汽车服务;充电站;充电站,011100,北京市,北京市,朝阳区,大山子,[],充电站,朝阳区
B0L6U9SC1E,昆仑网电汽车充电站(中国石油北京国家速滑馆超级充电站),116.378909,40.018656,林萃路2号,956100,汽车服务;充电站;充电站,011100,北京市,北京市,朝阳区,[],[],充电站,北京市
B0L1APIWAY,昆仑网电汽车充电站(中国石油北京奥体公园16号充电站),116.399025,39.977543,北土城东路108号北土城公交站东侧停车场内,956100,汽车服务;充电站;充电站,011100,北京市,北京市,朝阳区,小关,[],充电站,北京市
B0LGSGYD3N,昆仑网电汽车充电站(中国石油北京望京北加油站充电站),116.485116,40.014173,服务区,956100,汽车服务;充电站;充电站,011100,北京市,北京市,朝阳区,望京,[],充电站,北京市
B0LGPGI88T,昆仑网电汽车充电站(中国石油北京望京南加油站充电站),116.482330,40.013817,服务区,956100,汽车服务;充电站;充电站,011100,北京市,北京市,朝阳区,来广营,[],充电站,北京市
B0LURP2LDH,昆仑网电汽车充电站(中国石油北京朝阳北苑路超充站),116.423270,40.043499,来广营地区北苑家园秋实街东侧绣菊园北区南侧停车场,956100,汽车服务;充电站;充电站,011100,北京市,北京市,朝阳区,立水桥,[],充电站,北京市
B0M6PPL45F,昆仑网电汽车充电站(中国石油北京朝阳垡头北里充电站),116.513102,39.867250,化工路68号,956100,汽车服务;充电站;充电站,011100,北京市,北京市,朝阳区,垡头,[],充电站,朝阳区
B0L2LPP4JC,昆仑网电汽车充电站(中国石油北京朝阳小红门充电站),116.473130,39.831920,小红门地区鸿博家园一区B区东1门西北80米,956100,汽车服务;充电站;充电站,011100,北京市,北京市,朝阳区,小红门,[],充电站,朝阳区
B0LK2PP7WH,昆仑网电汽车充电站(中国石油北京朝阳恒通商务园超充站),116.498100,39.978470,酒仙桥路10号恒通商务园P4停车场B33号楼旁,956100,汽车服务;充电站;充电站,011100,北京市,北京市,朝阳区,大山子,[],充电站,朝阳区
B0KRMP2D1D,昆仑网电汽车充电站(中国石油北京朝阳活力东方超充站),116.521680,39.940964,平房地区姚家园路甲一号活力东方购物广场停车场,956100,汽车服务;充电站;充电站,011100,北京市,北京市,朝阳区,姚家园,[],充电站,北京市
B0LR0PL6KY,昆仑网电汽车充电站(中国石油北京朝阳白家楼充电站),116.553900,39.925010,定福庄西路英郡西北侧约110米,956100,汽车服务;充电站;充电站,011100,北京市,北京市,朝阳区,定福庄,[],充电站,朝阳区
B0MB6UNGVW,昆仑网电汽车充电站(中国石油北京朝阳福泰中心充电站),116.465826,39.995746,广顺北大街33号院福泰中心停车场,956100,汽车服务;充电站;充电站,011100,北京市,北京市,朝阳区,望京,[],充电站,北京市
B0LUTP60KG,昆仑网电汽车充电站(中国石油北京电影学院文创园超充站),116.546710,39.935500,平房乡北京电影学院文创园平房园区,956100,汽车服务;充电站;充电站,011100,北京市,北京市,朝阳区,[],[],充电站,朝阳区
B0KAVP6XY1,昆仑网电汽车充电站(中国石油奥体中路充电站),116.401751,39.981335,奥体中路城奥大厦西北侧,956100,汽车服务;充电站;充电站,011100,北京市,北京市,朝阳区,小关,[],充电站,北京市
B0KBKP84JZ,昆仑网电汽车充电站(中国石油奥林匹克公园P4充电站),116.399634,40.000170,奥林匹克公园P4停车场(出入口),956100,汽车服务;充电站;充电站,011100,北京市,北京市,朝阳区,北辰,[],充电站,北京市
B0JKCPFQSU,昆仑网电汽车充电站(中国石油安岛充电站),116.531280,40.038940,京密路与黄康路交叉口西南200米,956100,汽车服务;充电站;充电站,011100,北京市,北京市,朝阳区,孙河,[],充电站,朝阳区
B0L1YPDS05,昆仑网电汽车充电站(中石油昆仑网电六里屯文化中心充电站),116.507110,39.920330,六里屯街道文化服务中心十北文化空间,956100,汽车服务;充电站;充电站,011100,北京市,北京市,朝阳区,甘露园,[],充电站,朝阳区
B0K3DPQTCT,昆仑网电汽车充电站(中石油昆仑网电金汉王超级充电站),116.476324,40.011758,利泽中园一区1号金汉王科技大厦大门进入左转,956100,汽车服务;充电站;充电站,011100,北京市,北京市,朝阳区,望京,[],充电站,北京市
B0L3HG87LI,昆仑网电汽车充电站(昆仑网电北京建达大厦充电站),116.432529,39.953132,东土城路14号建达大厦西门进入北侧,956100,汽车服务;充电站;充电站,011100,北京市,北京市,朝阳区,和平里,[],充电站,朝阳区
B0MG4GWSVL,昆仑网电汽车充电站(昆仑网电北京朝阳区超级蜂巢充电站),116.549190,39.899986,北花园路1号超级蜂巢E座地面停车场,956100,汽车服务;充电站;充电站,011100,北京市,北京市,朝阳区,高碑店,[],充电站,朝阳区
B0MDRG9RPZ,昆仑网电汽车充电站(昆仑网电北京朝阳天雅五金机电城超充站),116.447250,39.837000,小红门乡龙爪树村天雅五金机电城西侧停车场内,956100,汽车服务;充电站;充电站,011100,北京市,北京市,朝阳区,小红门,[],充电站,朝阳区
B0MA4GUAE0,昆仑网电汽车充电站(昆仑网电北京朝阳容达路超充站),116.476685,40.020866,来广营乡容和路金汉王通讯研发中心后院停车场,956100,汽车服务;充电站;充电站,011100,北京市,北京市,朝阳区,来广营,[],充电站,朝阳区
B0MBZGB9JZ,昆仑网电汽车充电站(昆仑网电北京朝阳王四营超级充电站),116.534020,39.859406,双合东路,956100,汽车服务;充电站;充电站,011100,北京市,北京市,朝阳区,[],[],充电站,北京市
B0M60GL403,昆仑网电汽车充电站(昆仑网电北京朝阳非中心超充站),116.611783,39.930930,非中心中弘国际商务花园停车场,956100,汽车服务;充电站;充电站,011100,北京市,北京市,朝阳区,常营,[],充电站,北京市
B0K036Q2GB,星星充电汽车充电站(东坝郊野公园新能源超充站),116.584280,39.946630,机场第二高速辅路附近京城槐园,4008280768,汽车服务;充电站;充电站,011100,北京市,北京市,朝阳区,[],[],充电站,朝阳区
B0MBP721F2,星星充电汽车充电站(北极洋冷库充电站),116.601920,39.841705,黑庄户乡通马路北极洋冷库,13901245661,汽车服务;充电站;充电站,011100,北京市,北京市,朝阳区,[],[],充电站,朝阳区
B0K0V5F3CA,星星充电汽车充电站(垡头东里汽车充电站),116.517856,39.859407,化工路28号,4008280768,汽车服务;充电站;充电站,011100,北京市,北京市,朝阳区,垡头,[],充电站,朝阳区
B0L6APSKJG,星星充电汽车充电站(悠乐汇充电站),116.477528,39.988676,望京街道劲松口腔医院(望京分院)悠乐汇A2座,18611022858,汽车服务;充电站;充电站,011100,北京市,北京市,朝阳区,望京,[],充电站,朝阳区
B0KKT5O2ZQ,星星充电汽车充电站(星星充电-朝丰家园15号院北侧直流充电站),116.564197,39.853758,天达路15号朝丰家园朝阳停车场,18911916850,汽车服务;充电站;充电站,011100,北京市,北京市,朝阳区,豆各庄村,[],充电站,朝阳区
B0L6X13RLA,星星充电汽车充电站(朝阳医院常营南侧超充站),116.602574,39.921064,东十里堡路3号常营朝阳医院南门停车场,4008280768,汽车服务;充电站;充电站,011100,北京市,北京市,朝阳区,管庄,[],充电站,朝阳区
B0KBB7OIYK,星星充电汽车充电站(豆各庄朝丰家园4号院北广场充电站),116.566140,39.858635,北京市第一七一中学朝阳豆各庄分校东2门南180米,18911916850,汽车服务;充电站;充电站,011100,北京市,北京市,朝阳区,豆各庄村,[],充电站,北京市
B0M67YVHFO,智电时代汽车充电站(智电时代北五环红星美凯龙充电站),116.437400,40.023820,北五环红星美凯龙西侧停车场,4001885025,汽车服务;充电站;充电站,011100,北京市,北京市,朝阳区,来广营,[],充电站,朝阳区
B0G2CA88NY,服务区国家电网电动汽车充电站,116.577654,39.868385,京哈高速主收费站进京方向停车场,18601376118,汽车服务;充电站;充电站,011100,北京市,北京市,朝阳区,豆各庄村,[],充电站,朝阳区
B0KKZMK7KD,极氪能源超级充电站(北京水立方极充站),116.388190,39.993332,天辰东路11号国家游泳中心奥林匹克公园中心区水立方停车场地面停车位,4000036036,汽车服务;充电站;充电站,011100,北京市,北京市,朝阳区,北辰,[],充电站,朝阳区
B0M60NL94M,比亚迪闪充汽车充电站(仰望北京朝阳中心),116.561424,39.942480,平房乡石各庄路99号长久大厦,4000306666,汽车服务;充电站;充电站,011100,北京市,北京市,朝阳区,[],[],充电站,朝阳区
B0MG6NHDHX,比亚迪闪充汽车充电站(方程豹北京4S店),116.451500,40.021320,来广营乡来广营西路88-1号,4000306666,汽车服务;充电站;充电站,011100,北京市,北京市,朝阳区,来广营,[],充电站,朝阳区
B0MBSND1PU,比亚迪闪充汽车充电站(比亚迪北京润迪车豪4S店),116.558334,39.925420,三间房乡朝阳北路45号比亚迪汽车海洋网,4000306666,汽车服务;充电站;充电站,011100,北京市,北京市,朝阳区,定福庄,[],充电站,朝阳区
B0FFFQ1TS6,比亚迪闪充汽车充电站(比亚迪北京环耀4S店),116.442266,40.030313,北苑东路(红军营地铁站C口步行300米),010-84927398;4000306666,汽车服务;充电站;充电站,011100,北京市,北京市,朝阳区,来广营,[],充电站,朝阳区
B0MG4NVUUR,比亚迪闪充汽车充电站(腾势北京朝阳金港中心),116.566090,40.013824,金盏乡腾势汽车(北京朝阳金港腾势中心)易车金港汽车公园,4000306666,汽车服务;充电站;充电站,011100,北京市,北京市,朝阳区,[],[],充电站,朝阳区
B0MBYN40ME,比亚迪闪充汽车充电站(腾势北京鑫敏恒中心),116.458340,39.977917,北四环东路5号院,4000306666,汽车服务;充电站;充电站,011100,北京市,北京市,朝阳区,望京,[],充电站,北京市
B0MBPH1KAE,汽车充电站(中电建千方北京水立方站),116.388830,39.991690,天辰东路11号,[],汽车服务;充电站;充电站,011100,北京市,北京市,朝阳区,北辰,[],充电站,朝阳区
B0KKJB960Z,汽车充电站(壳牌充电北京朝阳万科金阳地面快充站),116.506277,39.936856,朝阳公园桥以东/姚家园路南侧北京金阳居,4007160699,汽车服务;充电站;充电站,011100,北京市,北京市,朝阳区,姚家园,[],充电站,朝阳区
B0K305QXWC,汽车充电站(朝阳体育场云快充站)(暂停营业),116.531334,39.946504,朝体中心东侧路518号,13051085673,汽车服务;充电站;充电站,011100,北京市,北京市,朝阳区,东坝,[],充电站,朝阳区
B0M6DB48WC,汽车充电站(朝阳路28号造梦空间停车场充电站),116.591840,39.911205,管庄地区朝阳路28号停车场,010-88555008,汽车服务;充电站;充电站,011100,北京市,北京市,朝阳区,管庄,[],充电站,朝阳区
B0L1SRQXAD,汽车充电站(沃尔沃北京首都机场尊享充电站),116.592072,40.079179,首都机场T2航站楼P2停车场06通道,[],汽车服务;充电站;充电站,011100,北京市,北京市,朝阳区,[],[],充电站,朝阳区
B0MAVC6XEB,汽车充电站(翼虎绿能金盏充电站),116.582340,40.002163,金盏地区金盏北路北京东村旅店东侧约110米,010-88555008,汽车服务;充电站;充电站,011100,北京市,北京市,朝阳区,[],[],充电站,朝阳区
B0J2ZREMVL,滴滴充电汽车充电站(东风公园停车场充电站),116.517090,39.955340,东风公园西南1门南90米,4000610999,汽车服务;充电站;充电站,011100,北京市,北京市,朝阳区,东坝,[],充电站,北京市
B0M6VCK1SA,滴滴充电汽车充电站(十里堡地铁站),116.501529,39.922541,六里屯街道十里堡地铁站,4000610999,汽车服务;充电站;充电站,011100,北京市,北京市,朝阳区,慈云寺,[],充电站,朝阳区
B0LK5MS98Y,滴滴充电汽车充电站(小桔绿卡十里河超充站),116.457695,39.866398,十八里店乡铭饰坊精品家居(十里河地铁站H西南口步行70米),4000610999,汽车服务;充电站;充电站,011100,北京市,北京市,朝阳区,十八里店,[],充电站,朝阳区
B0MB4NYEAR,滴滴充电汽车充电站(快充无忧百花园充电站),116.559260,39.897620,百花公园,4000610999,汽车服务;充电站;充电站,011100,北京市,北京市,朝阳区,[],[],充电站,朝阳区
B0MDVNMFFL,滴滴充电汽车充电站(润动常营超充站),116.592926,39.927760,常营回族乡万象新天一区万象新天进门左手边,4000610999,汽车服务;充电站;充电站,011100,北京市,北京市,朝阳区,管庄,[],充电站,朝阳区
B0L1RDBL60,滴滴充电汽车充电站(王四营超级充电站),116.529590,39.863922,王四营乡北京市十一学校朝阳实验学校(初中部),4000610999,汽车服务;充电站;充电站,011100,北京市,北京市,朝阳区,[],[],充电站,朝阳区
B0K29GIBAT,滴滴充电汽车充电站(珠江发展中心充电站),116.478260,39.892050,珠江发展中心停车场(九龙山地铁站G东南口步行240米),4000610999,汽车服务;充电站;充电站,011100,北京市,北京市,朝阳区,南磨房,[],充电站,朝阳区
B0LKDNKKN7,滴滴充电汽车充电站(繁星社区超充站),116.539500,39.838573,十八里店乡首创繁星租赁社区C组团,4000610999,汽车服务;充电站;充电站,011100,北京市,北京市,朝阳区,十八里店,[],充电站,北京市
B0J24CAI4H,特斯拉超级充电站(北京CBD高尔夫球会),116.520297,39.871633,高碑店路99号/入口G1辅路西向-高尔夫球会南门,[],汽车服务;充电站;专用充电站,011103,北京市,北京市,朝阳区,高碑店,[],充电站,朝阳区
B0KGROJJBP,特斯拉超级充电站(北京万科时代中心奥林),116.416580,39.993496,北苑路186号地下停车场B1层A区1-066车位旁/入口北苑路,4009100707,汽车服务;充电站;充电站,011100,北京市,北京市,朝阳区,亚运村,[],充电站,朝阳区
B0FFH8JNB3,特斯拉超级充电站(北京华贸中心地上),116.480897,39.908822,大望路地铁站出入口步行190米地面停车场,4009100707,汽车服务;充电站;充电站,011100,北京市,北京市,朝阳区,大望路,[],充电站,朝阳区
B0FFLI4OM1,特斯拉超级充电站(北京卷石天地大厦),116.457573,39.983696,望京西路甲50号卷石天地大厦地面停车场049,[],汽车服务;充电站;充电站,011100,北京市,北京市,朝阳区,望京,[],充电站,朝阳区
B0H06CFYFH,特斯拉超级充电站(北京市日坛国际贸易中心),116.443380,39.919853,日坛北路17号地下B2-H区/入口南营房胡同,[],汽车服务;充电站;专用充电站,011103,北京市,北京市,朝阳区,朝外,[],充电站,朝阳区
B0FFHNXSTW,特斯拉超级充电站(北京市海德温泉酒店),116.516300,39.935867,青年路西里甲1号-地上停车场-大楼北侧/入口青年路-停车场东门,[],汽车服务;充电站;专用充电站,011103,北京市,北京市,朝阳区,姚家园,[],充电站,朝阳区
B0H6GX6HH5,特斯拉超级充电站(北京斯普瑞斯奥特莱斯),116.597885,40.012668,金盏乡森林公园东1号地面停车场B7区,[],汽车服务;充电站;充电站,011100,北京市,北京市,朝阳区,[],[],充电站,朝阳区
B0IDU51YIV,特斯拉超级充电站(北京歌华开元大酒店),116.393830,39.964420,鼓楼外大街19号地上停车位/入口鼓楼外大街辅路-入场后左转地上停车位,[],汽车服务;充电站;专用充电站,011103,北京市,北京市,朝阳区,马甸,[],充电站,朝阳区
B0H6Y651E0,特斯拉超级充电站(北京盈科中心),116.458475,39.932859,工人体育场北路甲2号盈科中心地下B2层,[],汽车服务;充电站;充电站,011100,北京市,北京市,朝阳区,团结湖,[],充电站,朝阳区
B0HG270T1U,特斯拉超级充电站(北京长楹龙湖天街),116.599539,39.924600,常通路1号院1号楼长楹天街购物中心B2层G区/入口常通路,[],汽车服务;充电站;充电站,011100,北京市,北京市,朝阳区,常营,[],充电站,朝阳区
B0LUVRFV73,特来电汽车充电站(北投静态奥林匹克中心区地下充电站),116.397410,39.996920,奥运村街道湖景东路奥林匹克公园中心区(东南角),4001180001,汽车服务;充电站;充电站,011100,北京市,北京市,朝阳区,北辰,[],充电站,朝阳区
B0MD69BH06,特来电汽车充电站(特来电北京市朝阳区小营珠宝城充电站),116.424790,39.988007,小关街道北京国际珠宝交易中心小营珠宝城,4001300001,汽车服务;充电站;充电站,011100,北京市,北京市,朝阳区,小关,[],充电站,朝阳区
B0LKNDQFI9,特来电超级充电站(特来电北京市朝阳区凯德MALL望京店充电站),116.468820,39.991706,凯德MALL(望京店)(阜通地铁站A2口步行120米),4001300001,汽车服务;充电站;充电站,011100,北京市,北京市,朝阳区,望京,[],充电站,朝阳区
B0K1S7AQVG,特来电超级充电站(特来电北京市朝阳区朝阳公园充电站),116.476725,39.947839,麦子店街道朝阳公园(枣营地铁站A西北口步行490米),4001300001,汽车服务;充电站;充电站,011100,北京市,北京市,朝阳区,姚家园,[],充电站,北京市
B0M6HRCSWK,特来电超级充电站(特来电北京市朝阳区燕莎奥特莱斯购物中心充电站),116.485108,39.879284,南磨房乡棒约翰比萨(北京燕莎奥特莱斯店)燕莎奥特莱斯购物中心,4001300001,汽车服务;充电站;充电站,011100,北京市,北京市,朝阳区,南磨房,[],充电站,朝阳区
B0L355EPIP,特来电超级充电站(绿丰家园东侧停车场充电站),116.583290,39.872524,绿丰家园东路,4001300001,汽车服务;充电站;充电站,011100,北京市,北京市,朝阳区,[],[],充电站,朝阳区
B0LURA3FSR,皮村充电站,116.626533,39.990748,皮村路777号,[],生活服务;生活服务场所;生活服务场所,070000,北京市,北京市,朝阳区,[],[],充电站,朝阳区
B0L0TCAVRO,睿超充超级充电站(奥森公园场站·华为超充技术支持),116.376550,40.014060,科荟路33号奥林匹克公园内,15810673037,汽车服务;充电站;充电站,011100,北京市,北京市,朝阳区,鸟巢,[],充电站,朝阳区
B0KK1PPK1M,绿能充汽车充电站(绿能东坝智慧FUN快充站),116.542764,39.955429,东坝金隅汇景苑4区东50米(平房路东)智慧FUN生活文化露天市集停车场内,0797-966991,汽车服务;充电站;充电站,011100,北京市,北京市,朝阳区,东坝,[],充电站,朝阳区
B0MB4NY1O2,能加超充超级充电站 (三元西桥1959时间里超充站),116.453300,39.964760,曙光南路曙光里社区停车场,4001100835,汽车服务;充电站;充电站,011100,北京市,北京市,朝阳区,太阳宫村,[],充电站,朝阳区
B0MBKCQX8G,能加超充超级充电站 (能加中心广渠路超充站),116.500385,39.893959,广渠路11号能加中心停车场,4001100835,汽车服务;充电站;充电站,011100,北京市,北京市,朝阳区,百子湾,[],充电站,朝阳区
B0M697D3J1,能加超充超级充电站(三元东桥南银大厦超充站·华为超充技术支持),116.457532,39.957945,东三环北路2号南银大厦停车场(三元桥地铁站G口步行370米),4001100835,汽车服务;充电站;充电站,011100,北京市,北京市,朝阳区,[],[],充电站,朝阳区
B0LUVAD5DD,能加超充超级充电站(东坝公园北门超充站·华为超充技术支持),116.574360,39.957170,东坝郊野公园北2门,4001100835,汽车服务;充电站;充电站,011100,北京市,北京市,朝阳区,东坝,[],充电站,朝阳区
B0L0BNT1X4,能加超充超级充电站(南四环东路城环城超充站·华为超充技术支持),116.454577,39.833387,城环城国际汽车装饰城-城南2门旁,4001100835,汽车服务;充电站;充电站,011100,北京市,北京市,朝阳区,小红门,[],充电站,朝阳区
B0L0BNT1X3,能加超充超级充电站(太阳宫桥云南大厦超充站·华为超充技术支持),116.434340,39.972404,新云南皇冠假日酒店西门,4001100835,汽车服务;充电站;充电站,011100,北京市,北京市,朝阳区,太阳宫村,[],充电站,朝阳区
B0LUVADCYF,能加超充超级充电站(惠新西桥西藏大厦超充站·华为超充技术支持),116.413336,39.988178,北四环东路118号西藏大厦,4001100835,汽车服务;充电站;充电站,011100,北京市,北京市,朝阳区,小关,[],充电站,朝阳区
B0LUTZ5ENT,能加超充超级充电站(朝阳北路国益超充站·华为超充技术支持),116.516913,39.924042,朝阳北路-能中心(国益)(青年路地铁站B东北口步行230米),4001100835,汽车服务;充电站;充电站,011100,北京市,北京市,朝阳区,姚家园,[],充电站,朝阳区
B0M697D3IZ,能加超充超级充电站(酒仙桥创新园超充站·华为超充技术支持),116.499815,39.976322,酒仙桥东路1号院电子城创新产业园内停车场,4001100835,汽车服务;充电站;充电站,011100,北京市,北京市,朝阳区,酒仙桥,[],充电站,朝阳区
B0KKNL8SYT,茂电·顺顺充超级充电站(亮马桥使馆区超充站·华为超充技术支持),116.467865,39.950790,麦子店街道北京四季酒店中信证券大厦,4008069666,汽车服务;充电站;充电站,011100,北京市,北京市,朝阳区,麦子店,[],充电站,朝阳区
B0M6A4XMTL,茂电·顺顺充超级充电站(百灵大厦超充站·华为超充技术支持),116.443813,39.953595,左家庄街道百灵大厦,4008069666,汽车服务;充电站;充电站,011100,北京市,北京市,朝阳区,左家庄,[],充电站,朝阳区
B0MBBPV2E7,茂电·顺顺充超级充电站(通盛会议中心超充站(华为超充技术支持),116.545821,39.883174,王四营乡通盛苑公寓通盛园区,4008069666,汽车服务;充电站;充电站,011100,北京市,北京市,朝阳区,高碑店,[],充电站,北京市
B0LBXOJVMR,蔚来换电站,116.517301,39.894977,广渠路24号,[],汽车服务;汽车服务相关;汽车服务相关,010000,北京市,北京市,朝阳区,百子湾,[],充电站,朝阳区
B0LROAWN6K,蔚来能源超级充电站(北京星地中心风冷),116.502390,39.984528,星地中心停车场,[],汽车服务;充电站;充电站,011100,北京市,北京市,朝阳区,酒仙桥,[],充电站,朝阳区
B0L6BOVBZG,车联网汽车充电站(十里堡地铁站),116.500475,39.922325,朝阳区六里屯街道如家酒店neo(北京朝阳北路十里堡地铁站店)朝阳区朝阳北路辅路,18301081505,汽车服务;充电站;充电站,011100,北京市,北京市,朝阳区,慈云寺,[],充电站,朝阳区
B0M617IRFE,逸安启超级充电站(北京万科时代中心),116.483260,39.988668,望京街3号,4000010780,汽车服务;充电站;充电站,011100,北京市,北京市,朝阳区,望京,[],充电站,朝阳区
B0K2DD8PF7,逸安启超级充电站(北京东坝万达),116.547615,39.961468,东坝南二街与东坝中路交汇处东坝万达广场西北侧地面停车区,4000010780,汽车服务;充电站;充电站,011100,北京市,北京市,朝阳区,东坝,[],充电站,朝阳区
B0MD0BPHF3,逸安启超级充电站(北京华普国际大厦),116.438332,39.924964,华普国际大厦停车场(朝阳门地铁站A东北口步行230米),4000010780,汽车服务;充电站;充电站,011100,北京市,北京市,朝阳区,朝外,[],充电站,朝阳区
B0LD6YA3U6,逸安启超级充电站(北京双桥万达),116.576623,39.908659,双桥路3号北京双桥万达广场地面停车场(近出口),4000010780,汽车服务;充电站;充电站,011100,北京市,北京市,朝阳区,双桥,[],充电站,朝阳区
B0L1OYO3LC,逸安启超级充电站(北京安贞环宇荟),116.405910,39.977966,安定路5号院6号楼环宇荟B3-161-165车位,4000010780,汽车服务;充电站;充电站,011100,北京市,北京市,朝阳区,小关,[],充电站,朝阳区
B0M65HIRFU,逸安启超级充电站(北京朝阳大悦城),116.518020,39.924763,"朝阳大悦城B2层D区黄色立柱,6号电梯厅门口",4000010780,汽车服务;充电站;充电站,011100,北京市,北京市,朝阳区,姚家园,[],充电站,朝阳区
B0K6SH3GYN,隆瑞三优汽车充电站(弘善家园充电站快充站),116.448916,39.871469,左安东路58号(潘家园西地铁站D口步行440米),4001100835,汽车服务;充电站;充电站,011100,北京市,北京市,朝阳区,[],[],充电站,朝阳区
B0MGZNGSGN,bp pulse汽车充电站(北京中华世纪坛),116.320833,39.912221,羊坊店街道复兴路甲9号,4006644086,汽车服务;充电站;充电站,011100,北京市,北京市,海淀区,公主坟,[],充电站,海淀区
B0LKF4S9CZ,bp pulse汽车充电站(北京华通大厦),116.321728,39.933321,车公庄西路甲19号(白石桥南地铁站E西北口步行260米),4006644086,汽车服务;充电站;充电站,011100,北京市,北京市,海淀区,三里河,[],充电站,海淀区
B0L0XLMDY6,bp pulse汽车充电站(北京远大路),116.280375,39.958728,曙光街道昆明湖路83号(蓝靛厂地铁站D口步行280米),4006644086,汽车服务;充电站;充电站,011100,北京市,北京市,海淀区,世纪城,[],充电站,海淀区
B0LKV54A70,bp pulse汽车充电站(北京铸诚大厦),116.325477,39.964676,铸诚大厦地面停车场,4006644086,汽车服务;充电站;充电站,011100,北京市,北京市,海淀区,北下关,[],充电站,北京市
B0LRRDK2MK,bp pulse汽车充电站(西山商业大厦),116.235426,39.955456,西山商业大厦停车场,4006644086,汽车服务;充电站;充电站,011100,北京市,北京市,海淀区,西山,[],充电站,海淀区
B0K3M6MANW,万疆智充汽车充电站(万疆智充中关村天创充电站),116.308910,39.982020,海淀大街彩和坊路8号天创科技大厦地下停车场,16619999282;4000826699,汽车服务;充电站;充电站,011100,北京市,北京市,海淀区,中关村,[],充电站,北京市
B0MGRUKSN9,万秀园电动自行车充电桩,116.362443,39.988990,学院路30号北京科技大学万秀园旁电动自行车充电桩,[],汽车服务;充电站;充电站,011100,北京市,北京市,海淀区,二里庄,[],充电站,海淀区
B0FFLHIQ62,万马爱充汽车充电站(万马爱充东大停车场站北区),116.296034,40.057706,上地西路与G7京新高速出口交叉口西南50米地面停车场E270,4000850006,汽车服务;充电站;充电站,011100,北京市,北京市,海淀区,西北旺,[],充电站,海淀区
B0FFLHIQ63,万马爱充汽车充电站(万马爱充东大停车场站南区),116.296501,40.055302,上地西路与G7京新高速出口交叉口西南50米东地面停车场A317,4000850006,汽车服务;充电站;充电站,011100,北京市,北京市,海淀区,西北旺,[],充电站,海淀区
B0FFIVNESL,万马爱充汽车充电站(万马爱充稻香湖景酒店站),116.182149,40.088994,稻香湖路稻香湖酒店,4000850006,汽车服务;充电站;充电站,011100,北京市,北京市,海淀区,[],[],充电站,海淀区
B0MA6AJUOY,两轮电动车自行车充电站,116.276960,40.040992,西北旺东路7号,[],汽车服务;充电站;充电站,011100,北京市,北京市,海淀区,马连洼,[],充电站,海淀区
B0KDVSJCAH,中国石化汽车充电站(万寿路物美充电站)(暂停营业),116.294609,39.916812,万寿路街道物美大卖场(万寿路店)地面停车场,95105888,汽车服务;充电站;充电站,011100,北京市,北京市,海淀区,公主坟,[],充电站,北京市
B0LKZBE6KU,中国石化汽车充电站(中国石化永丰科技园充电站),116.254277,40.067175,西北旺镇永丰科技园丰智东路5号汉庭优佳酒店院内,95105888,汽车服务;充电站;充电站,011100,北京市,北京市,海淀区,西北旺,[],充电站,北京市
B0L6ZBP6MJ,中国石化汽车充电站(二河开充电站),116.312593,40.017012,二河开21号艺术区停车场,95105888,汽车服务;充电站;充电站,011100,北京市,北京市,海淀区,[],[],充电站,北京市
B0JKU6FOOL,中国石化汽车充电站(悦秀路充电站),116.337900,40.052673,西三旗街道悦秀路77号蓝天停车场,4001885025,汽车服务;充电站;充电站,011100,北京市,北京市,海淀区,西三旗,[],充电站,海淀区
B0MDJ4INSU,中国石化汽车充电站(新星石油内部充电站),116.353812,39.986556,北四环中路263号(学院桥地铁站D1口步行180米),95105888,汽车服务;充电站;充电站,011100,北京市,北京市,海淀区,[],[],充电站,海淀区
B0L65B7KHH,中国石化超级充电站(中关村军民融合充电站),116.276832,39.950235,昆明湖南路51号中关村军民融合产业园,95105888,汽车服务;充电站;充电站,011100,北京市,北京市,海淀区,四季青,[],充电站,北京市
B0M6M4UKTQ,中国石化超级充电站(龙禹-北京-安宁庄润滑油有限公司西门充电站),116.323191,40.043429,安宁庄西路,95105888,汽车服务;充电站;充电站,011100,北京市,北京市,海淀区,清河,[],充电站,海淀区
B0MAFLV3VN,中国石油北京海淀西三旗超充站,116.347930,40.054047,海淀区育新花园南,4000826699,汽车服务;充电站;充电站,011100,北京市,北京市,海淀区,西三旗,[],充电站,海淀区
B0L0HKOYKX,云快充汽车充电站(万泉庄路17号充电站),116.298485,39.969597,万泉庄路17号,4008288517,汽车服务;充电站;充电站,011100,北京市,北京市,海淀区,万柳,[],充电站,海淀区
B0FFI64T3M,云快充汽车充电站(久凌大厦北楼充电站),116.308630,39.953107,西三环北路21北京外国语大学南校区久凌大厦F5层,4008288517,汽车服务;充电站;充电站,011100,北京市,北京市,海淀区,[],[],充电站,海淀区
B0J0BLUW9O,云快充汽车充电站(温泉苗圃-充电站),116.173860,40.045580,温泉镇温泉苗圃路口东南侧停车场,4008288517,汽车服务;充电站;充电站,011100,北京市,北京市,海淀区,[],[],充电站,海淀区
B0J32469KT,云快充汽车充电站(物美超市安河桥北店),116.270707,40.014100,龙背村路与龙背村南一街交叉口西南120米,4008288517,汽车服务;充电站;充电站,011100,北京市,北京市,海淀区,马连洼,[],充电站,海淀区
B0LA9KSXOQ,云快充汽车充电站(物美超市安河桥北店充电站快充慢充),116.270668,40.014248,马连洼街道龙背村路101号,4008288517,汽车服务;充电站;充电站,011100,北京市,北京市,海淀区,马连洼,[],充电站,海淀区
B0MAV45OJT,云快充超级充电站(北京海淀悦邻生活广场充电站),116.309800,39.894247,西三环中路吴家场路1号院甲1号楼,4008288517,汽车服务;充电站;充电站,011100,北京市,北京市,海淀区,太平桥,[],充电站,北京市
B0KKSZ136C,云快充超级充电站(安速充国兴大厦公牛超级充电站),116.326335,39.933995,白石桥南地铁站B东北口步行80米,4008288517,汽车服务;充电站;充电站,011100,北京市,北京市,海淀区,车公庄,[],充电站,海淀区
B0L1A4IHDV,云快充超级充电站(萌动地带六合居超充站大巴车及4.2米以上大车不可用)(暂停营业),116.276700,39.956380,远大路52号六合居餐饮地上停车场,4008288517,汽车服务;充电站;充电站,011100,北京市,北京市,海淀区,世纪城,[],充电站,海淀区
B0MDSUHL6X,互联互通云快充互联接入汽车充电站bp pulse快充站北京中关村公园(南门),116.285472,40.057007,西北旺镇规划一路中关村公园南门停车场,4006644086,汽车服务;充电站;充电站,011100,北京市,北京市,海淀区,西北旺,[],充电站,北京市
B0MA6AKP5G,公共电动自行车充电站,116.331211,40.031330,朱房路10号,[],汽车服务;充电站;充电站,011100,北京市,北京市,海淀区,清河,[],充电站,海淀区
B0HDNSDW2A,北京海军总医院汽车充电站,116.322761,39.921982,阜成路6号院内科楼地下停车场B2层B区,[],汽车服务;充电站;充电站,011100,北京市,北京市,海淀区,公主坟,[],充电站,海淀区
B0M6V5J8MX,北京车联网汽车充电站(中关村e世界)(暂停营业),116.315930,39.981410,海淀街道中关村大街24号(中关村地铁站D西南口步行260米),18301081505,汽车服务;充电站;充电站,011100,北京市,北京市,海淀区,万泉河,[],充电站,海淀区
B0M657KF79,北京迪晟新能科技有限公司汽车充电站(清华科技园快充站),116.331513,39.994630,中关村东路1号清华科技园爱迪充充电站,[],汽车服务;充电站;充电站,011100,北京市,北京市,海淀区,五道口,[],充电站,海淀区
B0FFICK48K,北玉河村公共充电站,116.229573,40.120147,沙阳路与梅所屯路交叉口东440米,[],政府机构及社会团体;政府及社会团体相关;政府及社会团体相关,130000,北京市,北京市,海淀区,[],[],充电站,北京市
B0HKFO3FQP,华商三优汽车充电站(扬招站海淀区节能大厦优易充小站),116.356354,39.950422,西直门北大街道路东侧,[],汽车服务;充电站;专用充电站,011103,北京市,北京市,海淀区,西直门,[],充电站,海淀区
B0MDXNXKR6,卫莱电汽车充电站(苏州桥超充站),116.308890,39.965008,三义庙街二号院内(苏州桥地铁站B口步行340米),15801090652,汽车服务;充电站;充电站,011100,北京市,北京市,海淀区,万泉河,[],充电站,海淀区
B0FFFOF055,双安东充电站,116.326483,39.966862,北三环西路36号(人民大学地铁站F口步行300米),[],汽车服务;充电站;充电站,011100,北京市,北京市,海淀区,北下关,[],充电站,海淀区
B0MDC62NNA,叮叮汽车充电站(大慧寺南路充电站),116.332480,39.949375,大慧寺南路,17553049679,汽车服务;充电站;充电站,011100,北京市,北京市,海淀区,西直门,[],充电站,海淀区
B0FFK8CO0R,国家电网充电站(海淀区玉泉慧谷二期南侧),116.255935,39.973776,邓庄路玉泉慧谷2期中国民生银行北京香山支行南侧地面停车场,010-88487223,汽车服务;充电站;充电站,011100,北京市,北京市,海淀区,[],[],充电站,海淀区
B0FFFZY4V6,国家电网汽车充电站(中关村数字产业园),116.368154,39.978252,牡丹园地铁站F口步行360米地面停车场,18601376118,汽车服务;充电站;充电站,011100,北京市,北京市,海淀区,牡丹园,[],充电站,海淀区
B0FFGPO1E6,国家电网汽车充电站(五棵松北路),116.276176,39.910922,华熙Live五棵松地下停车场B2层A2西区A2-136,[],汽车服务;充电站;充电站,011100,北京市,北京市,海淀区,LIVE HI-UP广场(华熙LIVE·五棵松店),[],充电站,北京市
B0FFGI1TGM,国家电网汽车充电站(京仪科技大厦B座南),116.338436,39.971405,大钟寺东路9号京仪宾馆地面停车场内,[],汽车服务;充电站;充电站,011100,北京市,北京市,海淀区,双榆树,[],充电站,海淀区
B0MBN7U2I8,国家电网汽车充电站(北京市海淀区上地三街东口公共充电站),116.317292,40.036568,上地东路39号,18601376118,汽车服务;充电站;充电站,011100,北京市,北京市,海淀区,[],[],充电站,海淀区
B0FFKPFYG5,国家电网汽车充电站(北京市海淀区上地西街东大停车场公共充电站),116.299302,40.055993,后厂村路北侧东大停车场,18601376118,汽车服务;充电站;充电站,011100,北京市,北京市,海淀区,[],[],充电站,海淀区
B0JKKHF7UH,国家电网汽车充电站(北京市海淀区东升花园中心),116.337483,40.014323,G7辅路东升花园中心停车场,18601376118,汽车服务;充电站;充电站,011100,北京市,北京市,海淀区,[],[],充电站,海淀区
B0FFL1ARSF,国家电网汽车充电站(北京市海淀区中国气象局社区南区公共充电站),116.326846,39.945558,中国气象局社区南区19号楼北侧地面停车场,18601376118,汽车服务;充电站;充电站,011100,北京市,北京市,海淀区,白石桥,[],充电站,海淀区
B0FFGZI63G,国家电网汽车充电站(北京市海淀区北京师范大学公共超级充电站),116.369660,39.964090,新街口外大街19号(北太平庄地铁站C口步行450米),18601376118,汽车服务;充电站;充电站,011100,北京市,北京市,海淀区,小西天,[],充电站,海淀区
B0J2OKJ5H6,国家电网汽车充电站(北京市海淀区和盈大厦公共充电站),116.337300,40.035904,清河朱房路临甲68号北京合盈科技发展有限公司,18601376118,汽车服务;充电站;充电站,011100,北京市,北京市,海淀区,清河,[],充电站,海淀区
B0FFHOBXOK,国家电网汽车充电站(北京市海淀区大牛坊小区),116.234605,40.084997,西北旺镇大牛坊小区一期北侧地面停车场,95598,汽车服务;充电站;充电站,011100,北京市,北京市,海淀区,西北旺,[],充电站,海淀区
B0HA957XNM,国家电网汽车充电站(北京市海淀区宋庆龄基金会北侧公共充电站),116.315092,39.912655,玉渊潭南路11号院宋庆龄儿童科技馆北侧地面停车场,18601376118,汽车服务;充电站;充电站,011100,北京市,北京市,海淀区,公主坟,[],充电站,海淀区
B0H6GL3XG0,国家电网汽车充电站(北京市海淀区春晖园公共充电站),116.267360,40.052059,西北旺镇后厂村路春晖园地面停车场,18601376118,汽车服务;充电站;充电站,011100,北京市,北京市,海淀区,西北旺,[],充电站,海淀区
B0K3NKIHJW,国家电网汽车充电站(北京市海淀区柳林村公共充电站),116.138466,40.079082,苏家坨镇柳林村柳林村村委会,95598,汽车服务;充电站;充电站,011100,北京市,北京市,海淀区,[],[],充电站,海淀区
B0G3TRNZET,国家电网汽车充电站(北京市海淀区汇通诺尔狂飙运动乐园充电站),116.137280,40.051840,苏家坨镇南安河路1号汇通诺尔狂飙运动乐园停车场,[],汽车服务;充电站;充电站,011100,北京市,北京市,海淀区,[],[],充电站,海淀区
B0FFJTB7Y5,国家电网汽车充电站(北京市海淀区玉带河),116.232389,40.119971,沙阳路南100米,[],汽车服务;充电站;充电站,011100,北京市,北京市,海淀区,[],[],充电站,海淀区
B0FFHOR7NN,国家电网汽车充电站(北京市海淀区用友软件园公共充电站),116.241458,40.070393,中科院光电技术所食堂楼地面停车场032,18601376118,汽车服务;充电站;充电站,011100,北京市,北京市,海淀区,西北旺,[],充电站,海淀区
B0G33X0XSK,国家电网汽车充电站(北京市海淀区金望泽),116.266788,40.037892,西北旺镇金望泽花卉综合市场地面停车场,18601376118,汽车服务;充电站;充电站,011100,北京市,北京市,海淀区,西北旺,[],充电站,海淀区
B0G3TROL94,国家电网汽车充电站(北京市海淀区香山公园2号停车场充电站),116.220960,39.993782,香山公园2号停车场(香泉环岛西北角),[],汽车服务;充电站;充电站,011100,北京市,北京市,海淀区,香山,[],充电站,海淀区
B0J0HZMVD6,国家电网汽车充电站(北京市海淀区馨瑞嘉园公共充电站),116.216368,40.123276,上庄镇馨瑞东路馨瑞嘉园地面停车场,18601376118,汽车服务;充电站;充电站,011100,北京市,北京市,海淀区,[],[],充电站,海淀区
B0LRDD7667,国家电网汽车充电站(海淀区学院南路33号充电站),116.346700,39.958470,康福瑞连锁酒店(学院南路店)停车场,010-53686699,汽车服务;充电站;充电站,011100,北京市,北京市,海淀区,北下关,[],充电站,海淀区
B0FFI885L6,国家电网汽车充电站(花园路学区管理中心西北),116.360387,39.979671,花园路3号塔院小区晴冬园3号楼东侧,18601376118,汽车服务;充电站;充电站,011100,北京市,北京市,海淀区,牡丹园,[],充电站,海淀区
B0H0FZMK9S,壳牌中央新闻纪录电影制片厂充电站(小桔充电),116.368021,39.969373,北三环中路辅路与福东巷交叉口东北220米,[],汽车服务;充电站;充电站,011100,北京市,北京市,海淀区,牡丹园,[],充电站,海淀区
B0IARZYL1S,壳牌充电汽车充电站(壳牌充电北京海淀安河桥北商业楼地下快充站),116.270997,40.014097,龙背村路101号物美超市B2层,4007160699,汽车服务;充电站;充电站,011100,北京市,北京市,海淀区,马连洼,[],充电站,海淀区
B0MA6BK0P4,壳牌充电汽车充电站(壳牌充电北京海淀硅谷亮城地下快充站),116.309820,40.026640,上地街道硅谷亮城8号楼地下二层停车场,4007160699,汽车服务;充电站;充电站,011100,北京市,北京市,海淀区,上地,[],充电站,海淀区
B0K6TRMSG2,小桔充电汽车充电站(BP快速充电站北京海淀万寿宾馆),116.293279,39.911944,万寿宾馆根据定位导航即可到达充电站入口,4000610999,汽车服务;充电站;充电站,011100,北京市,北京市,海淀区,万寿路,[],充电站,海淀区
B0L1RSB65C,小桔充电汽车充电站(BP快速充电站北京海淀万寿宾馆),116.292743,39.911717,万寿路街道万寿路11号万寿宾馆,4000610999,汽车服务;充电站;充电站,011100,北京市,北京市,海淀区,万寿路,[],充电站,海淀区
B0LK3NYLD2,小桔充电汽车充电站(加速器二区充电站),116.238716,40.076604,永丰路5号院,[],汽车服务;充电站;充电站,011100,北京市,北京市,海淀区,西北旺,[],充电站,海淀区
B0KDVPSV17,小桔充电汽车充电站(北京世纪金源大饭店淘淘充超级充电站),116.279518,39.952911,世纪金源大饭店地面停车场,4000610999,汽车服务;充电站;充电站,011100,北京市,北京市,海淀区,世纪城,[],充电站,海淀区
B0J6CGIT27,小桔充电汽车充电站(北京市海淀区玲珑天地),116.277861,39.931533,金隅大成玲珑天地地面停车场004(出入口),4000610999,汽车服务;充电站;充电站,011100,北京市,北京市,海淀区,[],[],充电站,海淀区
B0L2BGIRCF,小桔充电汽车充电站(北京市海淀区魏公村佳苑慢充站),116.318337,39.954903,紫竹院街道魏公村(北区)魏公村佳苑直达B3车库,4000610999,汽车服务;充电站;充电站,011100,北京市,北京市,海淀区,魏公村,[],充电站,海淀区
B0J3ZGUNJ2,小桔充电汽车充电站(北京海淀世纪华天酒店),116.278743,39.963852,曙光街道北京世纪华天大酒店地面停车场,4000610999,汽车服务;充电站;充电站,011100,北京市,北京市,海淀区,世纪城,[],充电站,海淀区
B0IB3RC934,小桔充电汽车充电站(北京海淀今日家园充电站),116.282376,39.900951,西翠路5号今日家园商业中心地下停车场室内地下B1层,[],汽车服务;充电站;充电站,011100,北京市,北京市,海淀区,五棵松,[],充电站,海淀区
B0J1S4M2IS,小桔充电汽车充电站(北京海淀区唐家岭),116.275058,40.062915,西北旺镇土井村路甲49号东居物业一库区地面停车场(最东侧),4000610999,汽车服务;充电站;充电站,011100,北京市,北京市,海淀区,西北旺,[],充电站,海淀区
B0IKNG16DR,小桔充电汽车充电站(北京海淀嘉德公寓),116.260664,39.907077,复兴路甲38-6号苏宁易购复兴路店停车场,4000610999,汽车服务;充电站;充电站,011100,北京市,北京市,海淀区,青塔,[],充电站,海淀区
B0HKOZGH2A,小桔充电汽车充电站(北京海淀嘉豪国际充电站),116.291748,39.947377,嘉豪国际中心西地面停车场(车道沟地铁站D西南口步行190米),[],汽车服务;充电站;充电站,011100,北京市,北京市,海淀区,四季青,[],充电站,海淀区
B0JRT55SYV,小桔充电汽车充电站(北京海淀田村路23号院),116.266091,39.929222,田村路街道长荣酒店(半壁店)地面停车场,4000610999,汽车服务;充电站;充电站,011100,北京市,北京市,海淀区,[],[],充电站,海淀区
B0M6VSIZ7Z,小桔充电汽车充电站(北京海淀百旺绿茵500kw超充站超级站110号车位),116.293400,40.040830,百旺绿荫地面停车场,4000610999,汽车服务;充电站;充电站,011100,北京市,北京市,海淀区,上地,[],充电站,海淀区
B0KGLPO344,小桔充电汽车充电站(北京海淀西山锦绣府),116.245077,40.050317,亮甲店东路11号院3号楼北侧,[],汽车服务;充电站;充电站,011100,北京市,北京市,海淀区,西北旺,[],充电站,海淀区
B0FFHJJ7BN,小桔充电汽车充电站(北京金四季购物中心充电站),116.272828,39.943693,金四季购物中心地面停车场(四季青桥地铁站A口步行390米),4000610999,汽车服务;充电站;充电站,011100,北京市,北京市,海淀区,四季青,[],充电站,海淀区
B0MDLNF3D2,小桔充电汽车充电站(北京静态交通久利产业园超充站),116.365265,40.054980,西三旗街道久利产业园,4000610999,汽车服务;充电站;充电站,011100,北京市,北京市,海淀区,西三旗,[],充电站,海淀区
B0KDVGSV35,小桔充电汽车充电站(华速快充海淀区环洋大厦停车场),116.302769,40.053542,环洋大厦停车场入口右转(西二旗地铁站A1北入口步行380米),4000610999,汽车服务;充电站;充电站,011100,北京市,北京市,海淀区,西二旗,[],充电站,海淀区
B0L6R4VZ6B,小桔充电汽车充电站(天潮能充·定慧里液冷超充站),116.276327,39.928177,八里庄街道西八里庄路62号院1号楼正源广场地下停车场,[],汽车服务;充电站;充电站,011100,北京市,北京市,海淀区,[],[],充电站,北京市
B0KRPGENZV,小桔充电汽车充电站(志新路11号院充电站),116.365674,39.994320,志新西路11号志新西路11号楼志新路11号立体停车场,[],汽车服务;充电站;充电站,011100,北京市,北京市,海淀区,二里庄,[],充电站,海淀区
B0L3FN4UGD,小桔充电汽车充电站(桔子酒店北京中关村软件园店充电站),116.255624,40.042985,地面停车场,4000610999,汽车服务;充电站;充电站,011100,北京市,北京市,海淀区,西北旺,[],充电站,海淀区
B0FFIVNHRG,小桔充电汽车充电站(海淀中关村方正国际大厦)(暂停营业),116.313000,39.984942,北四环西路辅路与莺房胡同交叉口东南40米,[],汽车服务;充电站;充电站,011100,北京市,北京市,海淀区,中关村,[],充电站,海淀区
B0JG9P35LV,小桔充电汽车充电站(海淀区北坞创新园超级充电站),116.254078,39.979070,四季青镇北坞创新园南区3号园区西侧地面停车场,4000610999,汽车服务;充电站;充电站,011100,北京市,北京市,海淀区,[],[],充电站,海淀区
B0K07H7E87,小桔充电汽车充电站(西三旗超级充电站),116.347374,40.053895,西三旗育新花园南50米,18521559060;956100,汽车服务;充电站;充电站,011100,北京市,北京市,海淀区,清河,[],充电站,北京市
B0K6SG6UYR,小桔充电汽车充电站(首发能源静态交通大运村停车楼充电站),116.342290,39.976963,知春路辅路与罗庄西路交叉口西160米,[],汽车服务;充电站;充电站,011100,北京市,北京市,海淀区,五道口,[],充电站,北京市
B0HA1ADNUB,小桔汽车充电站(北京海淀银网中心充电站),116.320949,39.976405,中关村街道知春路113号银网中心地下二层,[],汽车服务;充电站;充电站,011100,北京市,北京市,海淀区,中关村,[],充电站,海淀区
B0L296Q2IV,小鹏超级充电站(小鹏S4超快充北京世纪金源大饭店站),116.279238,39.953128,板井路69号世纪金源大饭店地面停车场(入口板井路),4007836688,汽车服务;充电站;充电站,011100,北京市,北京市,海淀区,世纪城,[],充电站,海淀区
B0KRP674PB,小鹏超级充电站(小鹏S4超快充北京中关村软件园站),116.289053,40.046339,上地街道软件园四号路中关村软件园(入口环湖西路),4007836688,汽车服务;充电站;充电站,011100,北京市,北京市,海淀区,西北旺,[],充电站,海淀区
B0JBXLYYCS,小鹏超级充电站(小鹏S4超快充北京印象城翠微店站),116.304370,39.912650,翠微路12号北京海淀印象城B2层,4007836688,汽车服务;充电站;充电站,011100,北京市,北京市,海淀区,公主坟,[],充电站,海淀区
B0L096B2MZ,小鹏超级充电站(小鹏S4超快充北京翠微大厦站),116.302925,39.908836,北京市复兴路33号(入口翠微东三条路),4007836688,汽车服务;充电站;充电站,011100,北京市,北京市,海淀区,公主坟,[],充电站,海淀区
B0L3D63U5D,小鹏超级充电站(小鹏S4超快充北京西山锦绣府站),116.244940,40.051031,亮甲店东路9号院西山锦绣府(入口西北旺北路),4007836688,汽车服务;充电站;充电站,011100,北京市,北京市,海淀区,西北旺,[],充电站,海淀区
B0LDVAZ0EK,岚图超级充电站(北京海淀大悦城岚图汽车智慧超充站),116.228714,40.092403,大牛坊二巷8号院1号楼大悦城B2层H174-H179车位,4008888488,汽车服务;充电站;充电站,011100,北京市,北京市,海淀区,[],[],充电站,海淀区
B0HKFO0BNT,广汽能源超级充电站(北京盈都大厦),116.294367,39.989987,中关村国家自主创新示范区展示交易中心停车场,4008083392,汽车服务;充电站;充电站,011100,北京市,北京市,海淀区,[],[],充电站,海淀区
B0H2U5QFHM,开迈斯汽车充电站(北京市海淀区领展购物广场站),116.313994,39.978882,海淀街道丹棱街甲1号领展购物广场地下停车场C2区,4006657666,汽车服务;充电站;充电站,011100,北京市,北京市,海淀区,中关村,[],充电站,海淀区
B0MG0AH5U1,新电途汽车充电站(五棵松万达广场超级充电站),116.276076,39.911873,万寿路街道五棵松公园-中区北京五棵松万达广场,4001100835,汽车服务;充电站;充电站,011100,北京市,北京市,海淀区,[],[],充电站,海淀区
B0MANZP22N,新电途汽车充电站(优速得西二旗桥下超充站),116.303890,40.055607,上地街道G7京新高速盈创动力科技园,4001100835,汽车服务;充电站;充电站,011100,北京市,北京市,海淀区,西二旗,[],充电站,海淀区
B0L03ACVDP,新电途汽车充电站(双安东充电站),116.326282,39.966858,北下关街道北三环西路甲36号双安商场,4001100835,汽车服务;充电站;充电站,011100,北京市,北京市,海淀区,北下关,[],充电站,海淀区
B0LD9L9FJL,昆仑网电汽车充电站(中国石油北京海淀中发百旺停车楼充电站),116.277010,40.028404,圆明园西路18号中发百旺南侧立体停车楼4层,956100,汽车服务;充电站;充电站,011100,北京市,北京市,海淀区,马连洼,[],充电站,北京市
B0L2OPVQMH,昆仑网电汽车充电站(中国石油北京海淀吴家场充电站),116.301484,39.891710,羊坊店街道吴家场路道乐蒙恩商务街北侧,956100,汽车服务;充电站;充电站,011100,北京市,北京市,海淀区,太平桥,[],充电站,北京市
B0KKXGS0CZ,昆仑网电汽车充电站(中国石油北京蓝天西小口停车场充电场站),116.341364,40.048637,清河小营西小口路27号蓝天停车-西小口停车场,956100,汽车服务;充电站;充电站,011100,北京市,北京市,海淀区,西三旗,[],充电站,北京市
B0K30PVR74,昆仑网电汽车充电站(中国石油巨山农场充电站),116.207754,39.982213,香山南路74-86号香山巨山农场1号停车场,[],汽车服务;充电站;充电站,011100,北京市,北京市,海淀区,香山,[],充电站,海淀区
B0LKFPSSXX,昆仑网电汽车充电站(中国石油海淀区白石桥南停车场充电站),116.326520,39.934780,首体南路16号白石桥南停车场内,956100,汽车服务;充电站;充电站,011100,北京市,北京市,海淀区,车公庄,[],充电站,北京市
B0KR05BRHQ,昆仑网电汽车充电站(中国石油畅春园充电站),116.303337,39.992534,清溪书屋路畅春新园,956100,汽车服务;充电站;充电站,011100,北京市,北京市,海淀区,西苑,[],充电站,北京市
B0KR4PYQWO,昆仑网电汽车充电站(昆仑网电北京中土大厦充电站),116.334327,39.897962,北蜂窝6号东门进入到头左转停车场出口岗亭旁边,956100,汽车服务;充电站;充电站,011100,北京市,北京市,海淀区,广外大街,[],充电站,海淀区
B0K2ADRDW8,昆仑网电汽车充电站(昆仑网电北京恩菲大厦院外充电站),116.321452,39.905195,羊坊店路3-5号,956100,汽车服务;充电站;充电站,011100,北京市,北京市,海淀区,公主坟,[],充电站,海淀区
B0MA16DCRJ,星星充电汽车充电站(学院8号超级充电站),116.352844,40.009552,学院路街道中央芭蕾舞团中芭艺蕾中关村示范基地如家商旅酒店,4008280768,汽车服务;充电站;充电站,011100,北京市,北京市,海淀区,林萃,[],充电站,北京市
B0M6MUUPRG,星星充电汽车充电站(宝盛广场超级充电站),116.372700,40.036358,东升镇黑泉路8号宝盛广场,4008280768,汽车服务;充电站;充电站,011100,北京市,北京市,海淀区,清河,[],充电站,海淀区
B0LKRR6FEA,星星充电汽车充电站(星星充电-汽车快充电站安宁庄西路13号院充电站),116.322673,40.041057,安宁庄西路13号,4008280768,汽车服务;充电站;充电站,011100,北京市,北京市,海淀区,清河,[],充电站,海淀区
B0G3A5DXB7,星星充电汽车充电站(星星充电-海淀-千方大厦充电站),116.289817,40.044983,上地街道软件园三号路千方大厦,[],汽车服务;充电站;充电站,011100,北京市,北京市,海淀区,上地,[],充电站,海淀区
B0HKX6MGDU,星星充电汽车充电站(海淀区-定慧产业园),116.276529,39.923332,八里庄街道西四环中路辅路集美家居定慧桥商场地面停车场85,15698681444,汽车服务;充电站;充电站,011100,北京市,北京市,海淀区,五棵松,[],充电站,海淀区
B0K6SH514X,星星充电汽车充电站(营福路充电站),116.341588,40.042898,西三旗街道雨杰炙子烤肉(福美苑店)福美苑,4008280768,汽车服务;充电站;充电站,011100,北京市,北京市,海淀区,清河,[],充电站,海淀区
B0MA6AKH7B,星星充电汽车充电站(青核便民E中心充电站),116.352610,40.031380,西三旗街道龙港宾馆永泰庄路6号院,4008280768,汽车服务;充电站;充电站,011100,北京市,北京市,海淀区,清河,[],充电站,海淀区
B0KR7LJVAY,极氪能源超级充电站(北京中关村e世界财富中心极充站),116.316034,39.982014,中关村大街11号e世界财富中心地面停车位,4000036036,汽车服务;充电站;充电站,011100,北京市,北京市,海淀区,万泉河,[],充电站,海淀区
B0J1XHNGT9,极氪能源超级充电站(北京中关村公园南门停车场极充站),116.286156,40.057213,唐家岭土井村路45号中关村公园(东南角)地面停车位,4000036036,汽车服务;充电站;充电站,011100,北京市,北京市,海淀区,西北旺,[],充电站,海淀区
B0JUJLV3CK,极氪能源超级充电站(北京海淀悦界主题街区极充站),116.232898,40.089547,大牛房一巷与大牛房二环路交叉口南60米悦界主题街区地下停车场负二层,4000036036,汽车服务;充电站;充电站,011100,北京市,北京市,海淀区,[],[],充电站,海淀区
B0I05L18QD,极狐汽车充电站(五棵松冰上中心),116.283125,39.910328,华熙LIVE·冰上中心地上停车场,4000008899,汽车服务;充电站;充电站,011100,北京市,北京市,海淀区,五棵松,[],充电站,海淀区
B0JKVHM75B,枫蓝国际充电站,116.355633,39.953874,西直门北大街32院,[],汽车服务;充电站;充电站,011100,北京市,北京市,海淀区,北下关,[],充电站,海淀区
B0MBDNFHW3,比亚迪仰望闪充站,116.248692,40.051145,马连洼街道西北旺北路百旺绿谷汽车园,4000306666,汽车服务;充电站;充电站,011100,北京市,北京市,海淀区,西北旺,[],充电站,海淀区
B0MBPN0AVI,比亚迪闪充汽车充电站(比亚迪北京瑞鹏福瑞4S店),116.252266,40.050644,马连洼街道比亚迪汽车王朝网(北京瑞鹏福瑞4S店),4000306666,汽车服务;充电站;充电站,011100,北京市,北京市,海淀区,西北旺,[],充电站,海淀区
B0KKBAKT1K,汽车充电站(公共站海淀区紫星苑小区北门优易充小站),116.249480,40.095808,西北旺镇皇后店永玉东二路紫星苑,[],汽车服务;充电站;充电站,011100,北京市,北京市,海淀区,[],[],充电站,海淀区
B0FFM0R50S,汽车充电站(卡丘充电-泰富酒店),116.352448,39.974658,北太平庄街道西土城路1号院1号楼地库B2,4006085900,汽车服务;充电站;充电站,011100,北京市,北京市,海淀区,知春路,[],充电站,海淀区
B0HA9N5GER,汽车充电站(小鹏超充北京理想国际大厦站),116.309500,39.984344,海淀街道北四环西路58号理想国际大厦地下停车场345,4007836688,汽车服务;充电站;充电站,011100,北京市,北京市,海淀区,中关村,[],充电站,海淀区
B0L354DI0V,汽车充电站(海淀实创智谷中心充电站),116.178520,40.073840,玉津东路实创智谷中心,[],汽车服务;充电站;充电站,011100,北京市,北京市,海淀区,[],[],充电站,海淀区
B0J0YSOY03,汽车充电站(睿科普盛防震减灾教育公园充电桩),116.280375,39.947130,紫竹院路正福寺76号(四季青桥东),[],汽车服务;充电站;充电站,011100,北京市,北京市,海淀区,四季青,[],充电站,海淀区
B0MD0RRN7Y,滴滴充电充电站(北京汉庭酒店西直门邮电大学充电站),116.358894,39.956490,汉庭酒店(北京邮电大学西直门店),4000610999,汽车服务;充电站;充电站,011100,北京市,北京市,海淀区,小西天,[],充电站,海淀区
B0L3Y7K5D7,滴滴充电汽车充电站(BP快速充电站北京海淀唐家岭停车场),116.285356,40.056996,西北旺镇规划一路中关村公园南门停车场地面停车场,4000610999,汽车服务;充电站;充电站,011100,北京市,北京市,海淀区,西北旺,[],充电站,海淀区
B0MU764JUC,滴滴充电汽车充电站(Hi ZOOM超充站西二旗桥),116.302046,40.059013,西北旺镇西二旗地面停车场上地东路北侧京新高速桥下停车场,4000610999,汽车服务;充电站;充电站,011100,北京市,北京市,海淀区,[],[],充电站,海淀区
B0LDHPJXNS,滴滴充电汽车充电站(上地金融科贸大厦-鲸悦能源超充站),116.309715,40.036330,金隅嘉华大厦南门东190米,4000610999,汽车服务;充电站;充电站,011100,北京市,北京市,海淀区,上地,[],充电站,海淀区
B0MD6B8IUA,滴滴充电汽车充电站(五彩飞扬巨山1号停车场充电站),116.207610,39.982304,五彩飞扬巨山1号停车场充电站,4000610999,汽车服务;充电站;充电站,011100,北京市,北京市,海淀区,香山,[],充电站,海淀区
B0JKP6JVO9,滴滴充电汽车充电站(京能超级充电站中发百旺站),116.277062,40.028481,汽车充电站(京能超级充电站中发百旺站),4000610999,汽车服务;充电站;充电站,011100,北京市,北京市,海淀区,西北旺,[],充电站,北京市
B0L2FN1B88,滴滴充电汽车充电站(北京上庄环洲创业园超充站),116.217255,40.101340,上庄环洲创业园停车场西北侧,4000610999,汽车服务;充电站;充电站,011100,北京市,北京市,海淀区,[],[],充电站,海淀区
B0M6FUZIUW,滴滴充电汽车充电站(北京市海淀区魏公村佳苑充电站),116.317986,39.954937,紫竹院街道魏公村(北区)魏公村佳苑B3层,4000610999,汽车服务;充电站;充电站,011100,北京市,北京市,海淀区,魏公村,[],充电站,海淀区
B0L1RSBDR9,滴滴充电汽车充电站(北京海淀四季青生命科技园超充站),116.228227,39.941838,小桔充电汽车充电站(北京海淀四季青生命科技园超充站),4000610999,汽车服务;充电站;充电站,011100,北京市,北京市,海淀区,西山,[],充电站,海淀区
B0M6H48AX9,滴滴充电汽车充电站(北京海淀永泰庄液冷超充站),116.222460,40.120888,上庄镇小翠饭庄北京未名广告基地,4000610999,汽车服务;充电站;充电站,011100,北京市,北京市,海淀区,[],[],充电站,海淀区
B0J2ZRLFPZ,滴滴充电汽车充电站(北京海淀沁春汇充电站),116.334290,40.057846,北京·沁春汇地面停车场,[],汽车服务;充电站;充电站,011100,北京市,北京市,海淀区,西三旗,[],充电站,海淀区
B0MDSBDQMQ,滴滴充电汽车充电站(北京西荣阁酒店充电站),116.279900,39.940876,八里庄街道西荣阁B座,4000610999,汽车服务;充电站;充电站,011100,北京市,北京市,海淀区,[],[],充电站,海淀区
B0LDMP8KPP,滴滴充电汽车充电站(海淀柳林村朋博产业园超充站),116.145480,40.082268,苏家坨镇朋博产业园,4000610999,汽车服务;充电站;充电站,011100,北京市,北京市,海淀区,[],[],充电站,海淀区
B0LKNNOEIK,滴滴充电汽车充电站(清河站南G7桥下停车场),116.316216,40.037365,京新高速上地桥桥下上地东里第二社区上地东路下,4000610999,汽车服务;充电站;充电站,011100,北京市,北京市,海淀区,[],[],充电站,海淀区
B0MDU70ON1,滴滴充电汽车充电站(环保园北侧停车场超充站),116.167590,40.064846,温泉镇北分厂家属区中关村环保科技示范园,4000610999,汽车服务;充电站;充电站,011100,北京市,北京市,海淀区,[],[],充电站,海淀区
B0HDFUGV8P,特斯拉超级充电站(北京中关村资本大厦),116.338423,39.956970,学院南路62号地上停车场,[],汽车服务;充电站;充电站,011100,北京市,北京市,海淀区,西直门,[],充电站,海淀区
B0J24755CB,特斯拉超级充电站(北京中关村软件园),116.297510,40.047405,中关村软件园汉王大厦对面/入口云盘南街,[],汽车服务;充电站;专用充电站,011103,北京市,北京市,海淀区,西北旺,[],充电站,海淀区
B0FFKEQZ0W,特斯拉超级充电站(北京中关村领展),116.314285,39.978966,丹棱街甲1号地下停车场B3层D区3020-3022车位/入口丹棱街,[],汽车服务;充电站;充电站,011100,北京市,北京市,海淀区,中关村,[],充电站,海淀区
B0H1AS3Q2K,特斯拉超级充电站(北京凯德晶品),116.298088,39.908820,复兴路51号凯德晶品购物中心地下停车场B1层出口处,[],汽车服务;充电站;充电站,011100,北京市,北京市,海淀区,公主坟,[],充电站,海淀区
B0I1NS6K6T,特斯拉超级充电站(北京国海广场),116.312282,39.909800,复兴路17号4号楼公寓旁地面停车场6B,[],汽车服务;充电站;充电站,011100,北京市,北京市,海淀区,公主坟,[],充电站,海淀区
B0FFGFD4X3,特斯拉超级充电站(北京国际财经中心),116.309094,39.935320,西三环北路87国际财经中心B2地下停车场,010-68467777,汽车服务;充电站;充电站,011100,北京市,北京市,海淀区,[],[],充电站,海淀区
B0I1NS6ZJH,特斯拉超级充电站(北京学清嘉创大厦),116.352885,40.014481,学清路银泉路交叉口东南地下B2-B区021-037车位/入口银泉路,[],汽车服务;充电站;充电站,011100,北京市,北京市,海淀区,林萃,[],充电站,海淀区
B0FFIQIP6V,特斯拉超级充电站(北京市海润大厦),116.302024,39.974401,海淀南路36号地面停车场(苏州街地铁站A西北口步行370米),[],汽车服务;充电站;充电站,011100,北京市,北京市,海淀区,万泉河,[],充电站,海淀区
B0J2474I5Z,特斯拉超级充电站(北京智慧谷悦界),116.232830,40.089024,永润路18号院智慧谷悦界地下停车场B2层B2-248车位旁/入口大牛房一巷,[],汽车服务;充电站;充电站,011100,北京市,北京市,海淀区,[],[],充电站,海淀区
B0I1NS5PI5,特斯拉超级充电站(北京清华科技园),116.332038,39.994041,中关村东路1号清华科技园阳光厅地下停车场B2层218车位旁,[],汽车服务;充电站;专用充电站,011103,北京市,北京市,海淀区,五道口,[],充电站,海淀区
B0FFIHC83U,特斯拉超级充电站(北京清河万象汇),116.336098,40.030274,清河中街68号万象汇东区地下停车场2A,[],汽车服务;充电站;充电站,011100,北京市,北京市,海淀区,清河,[],充电站,海淀区
B0I1NS773U,特斯拉超级充电站(北京科大天工大厦),116.354457,39.988197,学院路30号科大天工大厦地上停车场/入口学院路,[],汽车服务;充电站;专用充电站,011103,北京市,北京市,海淀区,二里庄,[],充电站,海淀区
B0HGZA2LC7,特斯拉超级充电站(北京通厦公元99),116.337138,40.047846,西三旗街道悦秀路99号地下B3层,[],汽车服务;充电站;充电站,011100,北京市,北京市,海淀区,西三旗,[],充电站,海淀区
B0G0KNQIYR,特斯拉超级充电站(北京龙湖星悦荟),116.291287,39.996902,颐和园路208号龙湖星悦荟地下停车场B1层08-19车位/入口二龙闸路,[],汽车服务;充电站;充电站,011100,北京市,北京市,海淀区,西苑,[],充电站,海淀区
B0FFHZAEXY,特来电汽车充电站(北京航天城社区充电站),116.269329,40.079268,友谊路102号院,[],汽车服务;充电站;充电站,011100,北京市,北京市,海淀区,[],[],充电站,海淀区
B0K2Z7XV10,特来电汽车充电站(特来电人大文化科技园充电站),116.318820,39.971153,海淀街道文化大厦中国人民大学文化科技园地面及B1停车场,4001300001,汽车服务;充电站;充电站,011100,北京市,北京市,海淀区,万泉河,[],充电站,海淀区
B0IBLAH9HQ,特来电汽车充电站(特来电农大家属院充电站),116.279627,40.021538,圆明园西路三号院16号楼西侧地面停车场,4001300001,汽车服务;充电站;充电站,011100,北京市,北京市,海淀区,马连洼,[],充电站,海淀区
B0IUCGONHR,特来电汽车充电站(特来电北京市海淀区西四环北路119号充电站),116.273347,39.941921,四季青镇爱家家居(西四环商城店)金四季购物中心东南侧四季慧谷·数字创新产业园地面停车场,4001300001,汽车服务;充电站;充电站,011100,北京市,北京市,海淀区,四季青,[],充电站,海淀区
B0J2TP7I33,特来电汽车充电站(特来电北京市海淀区金源燕莎充电站),116.290659,39.959697,曙光街道西顶路花园广场地面停车场(长春桥地铁站A西北口步行330米),4001300001,汽车服务;充电站;充电站,011100,北京市,北京市,海淀区,世纪城,[],充电站,海淀区
B0K1UXBAET,特来电汽车充电站(特来电鼎好DH3大厦A座地下停车场充电站),116.313882,39.984645,海淀大街3号鼎好DH3大厦A座B3地下停车场,13311281292,汽车服务;充电站;充电站,011100,北京市,北京市,海淀区,中关村,[],充电站,海淀区
B0MGMU9Z9B,特来电汽车充电站(特来电鼎好DH3大厦B座地下停车场充电站),116.314066,39.983483,海淀大街3号鼎好DH3大厦B座地下停车场B3层,13311281292,汽车服务;充电站;充电站,011100,北京市,北京市,海淀区,中关村,[],充电站,海淀区
B0J0U4Q545,特来电目的地充电站(西三旗充电站),116.348334,40.054252,育新花园东北2门南240米,4001300001,汽车服务;充电站;充电站,011100,北京市,北京市,海淀区,西三旗,[],充电站,海淀区
B0LAVXBKP9,特来电超级充电站(特来电北京市海淀区五道口购物中心充电站),116.339065,39.991117,五道口购物中心停车场(五道口地铁站B南口步行300米),4001300001,汽车服务;充电站;充电站,011100,北京市,北京市,海淀区,五道口,[],充电站,海淀区
B0LUVCE4HB,理想超级充电站(理想超充站北京五棵松万达广场),116.276080,39.913647,万达广场北京海淀店地面停车场,4006860400,汽车服务;充电站;充电站,011100,北京市,北京市,海淀区,五棵松,[],充电站,海淀区
B0LK3CZJHZ,理想超级充电站(理想超充站北京数码大厦A座),116.322591,39.966028,数码大厦地面停车场(人民大学地铁站F口步行110米),4006860400,汽车服务;充电站;充电站,011100,北京市,北京市,海淀区,北下关,[],充电站,海淀区
B0LUC9WQ09,理想超级充电站(理想超充站北京泰山饭店),116.330055,40.048247,北京泰山饭店停车场,4006860400,汽车服务;充电站;充电站,011100,北京市,北京市,海淀区,西三旗,[],充电站,海淀区
B0KK0BCNFL,理想超级充电站(理想超充站北京清华科技园创业大厦),116.329121,39.995416,清华科技园·创业大厦北侧停车场,4006860400,汽车服务;充电站;充电站,011100,北京市,北京市,海淀区,五道口,[],充电站,海淀区
B0LUJM8YAY,理想超级充电站(理想超充站北京西海国际中心),116.308750,39.963630,西海国际中心停车场(苏州桥地铁站B口步行120米),4006860400,汽车服务;充电站;充电站,011100,北京市,北京市,海淀区,万泉河,[],充电站,海淀区
B0K2X7C1AR,能加超充汽车充电站(北京西客站充电站),116.324690,39.897636,北蜂窝路43号,4001100835,汽车服务;充电站;充电站,011100,北京市,北京市,海淀区,公主坟,[],充电站,海淀区
B0L37NKPVC,能加超充超级充电站 (志新路中核中原超充站),116.365660,39.994368,志新路11号立体停车场入口,4001100835,汽车服务;充电站;充电站,011100,北京市,北京市,海淀区,二里庄,[],充电站,海淀区
B0K3URM803,能加超充超级充电站(上地创业路超充站·华为超充技术支持),116.308835,40.041747,上地如家酒店,4001100835,汽车服务;充电站;充电站,011100,北京市,北京市,海淀区,上地,[],充电站,海淀区
B0LK7N28ET,能加超充超级充电站(上地金隅嘉华大厦超充站·华为超充技术支持),116.306540,40.036950,金隅嘉华大厦西门,4001100835,汽车服务;充电站;充电站,011100,北京市,北京市,海淀区,上地,[],充电站,海淀区
B0LUVADCYH,能加超充超级充电站(东北旺百旺绿荫超充站·华为超充技术支持),116.293343,40.040895,百旺绿茵,4001100835,汽车服务;充电站;充电站,011100,北京市,北京市,海淀区,上地,[],充电站,海淀区
B0M697D3J0,能加超充超级充电站(京通宾馆超充站),116.295871,39.901479,万寿路乙-27号京通宾馆停车场,4001100835,汽车服务;充电站;充电站,011100,北京市,北京市,海淀区,公主坟,[],充电站,海淀区
B0LUVAD5DF,能加超充超级充电站(保福寺桥银谷大厦超充站·华为超充技术支持),116.333782,39.986788,银谷大厦,4001100835,汽车服务;充电站;充电站,011100,北京市,北京市,海淀区,五道口,[],充电站,海淀区
B0LUVAE037,能加超充超级充电站(四季青桥依斯特大厦超充站·华为超充技术支持),116.273660,39.956684,依斯特大厦,4001100835,汽车服务;充电站;充电站,011100,北京市,北京市,海淀区,四季青,[],充电站,海淀区
B0LUVAE039,能加超充超级充电站(花园桥外文大厦超充站·华为超充技术支持),116.308722,39.934034,西三环北路89号(花园桥地铁站A西北口步行260米),4001100835,汽车服务;充电站;充电站,011100,北京市,北京市,海淀区,航天桥,[],充电站,海淀区
B0L1YNCLN0,能加超充超级充电站(西四环北路10号院超充站·华为超充技术支持),116.297700,39.959892,西四环北路10号院,4001100835,汽车服务;充电站;充电站,011100,北京市,北京市,海淀区,万柳,[],充电站,海淀区
B0LUVAD5DC,能加超充超级充电站(黑泉路芳清园超充站·华为超充技术支持),116.373018,40.031400,东升镇芳清园小区8号楼底商停车场,4001100835,汽车服务;充电站;充电站,011100,北京市,北京市,海淀区,清河,[],充电站,海淀区
B0LUB5HNCE,蔚来换电站(北京海淀明园大学站),116.342139,40.051578,四拨子北路与育新花园西路交叉口西160米,[],汽车服务;换电站;换电站,011101,北京市,北京市,海淀区,西三旗,[],充电站,海淀区
B0JAV728ZA,蔚来换电站(北京西山朗丽兹酒店),116.250100,40.068112,丰滢东路9号(永丰南地铁站B东北口步行390米),[],汽车服务;换电站;换电站,011101,北京市,北京市,海淀区,西北旺,[],充电站,海淀区
B0I1AHELAH,蔚来能源汽车充电站(北京西苑交通枢纽),116.289670,40.000126,蔚来换电站北京西苑交通枢纽旁,[],汽车服务;充电站;充电站,011100,北京市,北京市,海淀区,西苑,[],充电站,海淀区
B0KKR5LLI8,蔚来能源超级充电站(北京海淀五路居),116.275345,39.941000,营慧寺75号(四季青桥地铁站C口步行460米),[],汽车服务;充电站;充电站,011100,北京市,北京市,海淀区,四季青,[],充电站,海淀区
B0LROOXP4K,蔚来能源超级充电站(北京海淀北坞创新园),116.254870,39.981346,北坞村路23号,[],汽车服务;充电站;充电站,011100,北京市,北京市,海淀区,[],[],充电站,海淀区
B0M65YFKPA,逸安启超级充电站(北京五棵松万达),116.276825,39.913660,复兴路69号五棵松万达地上停车场(原始车位编号011-015),4000010780,汽车服务;充电站;充电站,011100,北京市,北京市,海淀区,五棵松,[],充电站,海淀区
B0L1SYP0PS,逸安启超级充电站(北京海淀大悦城),116.229126,40.091010,"大牛房二巷南大悦城地下停车场北入口B2层H区,近H006号车位",4000010780,汽车服务;充电站;充电站,011100,北京市,北京市,海淀区,[],[],充电站,海淀区
B0L66D3YXD,逸安启超级充电站(北京清河万象汇),116.332420,40.030260,清河中街68号B2层西区(原始车位编号C218-221),4000010780,汽车服务;充电站;充电站,011100,北京市,北京市,海淀区,清河,[],充电站,海淀区
B0L66DIGLN,逸安启超级充电站(北京西北旺万象汇),116.260630,40.050056,西北旺万象汇地下停车场(西北旺地铁站B东北口步行300米),4000010780,汽车服务;充电站;充电站,011100,北京市,北京市,海淀区,西北旺,[],充电站,海淀区
B0MA3AY997,逸安启超级充电站(北京银谷大厦),116.333816,39.986769,中关村东路36号,4000010780,汽车服务;充电站;充电站,011100,北京市,北京市,海淀区,五道口,[],充电站,北京市
B0H10CVPQG,金五星科技园充电站,116.336337,39.968680,中关村东路118号地面停车场,[],汽车服务;充电站;充电站,011100,北京市,北京市,海淀区,双榆树,[],充电站,海淀区
B0HR3XIINQ,隆瑞三优超级充电站(西二旗超级充电站),116.310817,40.052760,西二旗公共汽车站东南1门旁,010-67266015,汽车服务;充电站;充电站,011100,北京市,北京市,海淀区,西二旗,[],充电站,海淀区
B0L2O5VHK6,隆瑞三优超级充电站(隆瑞三优苏家坨超级充电站),116.137596,40.100162,翠湖北路,[],汽车服务;充电站;充电站,011100,北京市,北京市,海淀区,[],[],充电站,海淀区
B0L2MDY1O0,隆瑞三优超级充电站(隆瑞三优西黄庄超级充电站),116.276280,39.958644,远大路39号院-2号,[],汽车服务;充电站;充电站,011100,北京市,北京市,海淀区,世纪城,[],充电站,海淀区
B0MAY93QDP,隆瑞三优超级充电站(隆瑞三优龙背村超级充电站),116.271205,40.012857,龙背村路(安河桥北地铁站B东北口步行90米),[],汽车服务;充电站;充电站,011100,北京市,北京市,海淀区,马连洼,[],充电站,海淀区
B0L1J58O6L,驴充充汽车充电站(易亨环星汽车充电站北京牡丹园),116.376821,39.978906,花园北路14号易亨环星科创园,[],汽车服务;充电站;充电站,011100,北京市,北京市,海淀区,牡丹园,[],充电站,海淀区
B0MAZZDBKM,驴充充汽车充电站(梅所屯西停车场),116.223854,40.132640,梅所屯西南停车场梅所屯电动汽车充电站,13810852162,汽车服务;充电站;充电站,011100,北京市,北京市,海淀区,[],[],充电站,海淀区
B0MDY1W648,K充电汽车充电站(台湾街充电站),116.237780,39.904472,鲁谷路台湾街商业区南侧,95105888,汽车服务;充电站;充电站,011100,北京市,北京市,石景山区,鲁谷,[],充电站,石景山区
B0MUZO8QV3,K充电汽车充电站(苹果园充电站),116.181500,39.924816,阜石路175号院(苹果园地铁站J口步行430米),95105888,汽车服务;充电站;充电站,011100,北京市,北京市,石景山区,[],[],充电站,石景山区
B0J3MUK62V,bp pulse汽车充电站(北京德瑞凯通足球公园),116.233040,39.907985,北京市老山街道石景山路甲17号,4006644086,汽车服务;充电站;充电站,011100,北京市,北京市,石景山区,鲁谷,[],充电站,石景山区
B0KDL5ROY5,中国石化汽车充电站(中国石化台湾街充电站),116.237780,39.904472,鲁谷路台湾街商业区南侧,95105888,汽车服务;充电站;充电站,011100,北京市,北京市,石景山区,鲁谷,[],充电站,北京市
B0L3V4G4NG,中国石化汽车充电站(中国石化爱玛裕足球公园充电站),116.115830,39.939538,龙泉爱玛裕足球公园,95105888,汽车服务;充电站;充电站,011100,北京市,北京市,石景山区,龙泉,[],充电站,石景山区
B0LKU4WSOI,中国石化汽车充电站(中国石化鲁谷充电站),116.209800,39.904106,体育场南路北侧鲁谷加油站内,95105888,汽车服务;充电站;充电站,011100,北京市,北京市,石景山区,八角,[],充电站,石景山区
B0MUTBK1BO,中国石化汽车充电站(八角街道充电站)(不对外开放),116.196250,39.915867,八角北路甲36号,95105888,汽车服务;充电站;专用充电站,011103,北京市,北京市,石景山区,古城,[],充电站,石景山区
B0MA9CBFEI,中国石化汽车充电站(石景山八大处甲2号内部充电站),116.186010,39.954340,八大处甲2号,95105888,汽车服务;充电站;充电站,011100,北京市,北京市,石景山区,[],[],充电站,石景山区
B0K1ABSYFJ,中国石化汽车充电站(苹果园充电站),116.181500,39.924816,苹果园街道阜石路辅路与杨庄大街交叉口西420米,95105888,汽车服务;充电站;充电站,011100,北京市,北京市,石景山区,苹果园,[],充电站,北京市
B0MBFD5YC1,中国石化爱玛裕足球公园充电站(皓能足球公园超充站),116.115687,39.941612,万商青年公寓东北侧130米,[],汽车服务;充电站;充电站,011100,北京市,北京市,石景山区,龙泉,[],充电站,石景山区
B0MD3AFA0W,中国铁塔汽车充电站(北京石景山蓝天军苑充电站)(内部专用),116.202965,39.953438,蓝天军苑小区,10096,汽车服务;充电站;专用充电站,011103,北京市,北京市,石景山区,香山,[],充电站,石景山区
B0LRVKJBAW,云快充汽车充电站(石景山中诚大厦充电站),116.199430,39.913820,八角西街36号,4008288517,汽车服务;充电站;充电站,011100,北京市,北京市,石景山区,[],[],充电站,石景山区
B0KUL7GSWQ,云快充汽车充电站(萌动地带中海金鑫),116.183850,39.909988,城泰街与古安路交叉口西北100米,[],汽车服务;充电站;充电站,011100,北京市,北京市,石景山区,古城,[],充电站,石景山区
B0L6HBC812,云快充汽车充电站(车之友充电站),116.235390,39.901752,鲁谷东街23号,4008288517,汽车服务;充电站;充电站,011100,北京市,北京市,石景山区,鲁谷,[],充电站,石景山区
B0LRKKHUVG,云快充目的地充电站(石景山模式口中里20号楼西侧充电站),116.163590,39.932056,首钢模式口中里小区20号楼西侧,4008288517,汽车服务;充电站;充电站,011100,北京市,北京市,石景山区,[],[],充电站,石景山区
B0LRPKQA6G,云快充目的地充电站(石景山模式口西里40号楼北侧充电站),116.150890,39.933926,首钢模式口西里小区40号楼北侧,4008288517,汽车服务;充电站;充电站,011100,北京市,北京市,石景山区,广宁,[],充电站,石景山区
B0MA6ULPQO,云快充目的地充电站(金铸阳光苑小区B4-3059-车位),116.159643,39.925737,北京市铸造村中路石景山区金铸阳光苑,17611151795;4008288517,汽车服务;充电站;充电站,011100,北京市,北京市,石景山区,广宁,[],充电站,石景山区
B0M64NIDLX,云快充超级充电站(鸿蒙智行授权用户中心·北京首钢园超充站),116.180860,39.916676,古城大街(特钢公司厂内)北京国际汽车贸易服务园区F20号,4008288517,汽车服务;充电站;充电站,011100,北京市,北京市,石景山区,古城,[],充电站,石景山区
B0MAAN8OCR,互联互通云快充互联接入汽车充电站鲁谷,116.209800,39.904106,体育场南路北侧鲁谷加油站内,4008288517;95105888,汽车服务;充电站;充电站,011100,北京市,北京市,石景山区,八角,[],充电站,石景山区
B0L2F6193U,依威能源汽车充电站(北方中惠国际大厦地下停车场),116.225140,39.905008,鲁谷大街北方中惠国际大厦地下停车场,4001800910,汽车服务;充电站;充电站,011100,北京市,北京市,石景山区,鲁谷,[],充电站,石景山区
B0FFGK36V2,充电桩APP充电站(首钢站石景山路99号院),116.172141,39.909793,石景山路99号院立体停车库1层2层,[],汽车服务;充电站;充电站,011100,北京市,北京市,石景山区,古城,[],充电站,石景山区
B0JGNCVH7F,充电站,116.204329,39.945970,香山南路105号启迪香山地下三层停车场,[],汽车服务;充电站;充电站,011100,北京市,北京市,石景山区,香山,[],充电站,石景山区
B0FFL6YLSO,八角南路电动车充电站,116.196188,39.909593,八角南路八角街道八角南路小区,[],汽车服务;充电站;充电站,011100,北京市,北京市,石景山区,古城,[],充电站,石景山区
B0M60GLPW4,利嘉智充充电站(杨庄北区充电站),116.191825,39.926425,杨庄北区中街与杨庄北区南路交叉口西40米,[],汽车服务;充电站;充电站,011100,北京市,北京市,石景山区,[],[],充电站,石景山区
B0L35KD87V,北京宏开超级充电站(宏开花园超级充电站·华为超充技术支持),116.184960,39.934540,苹果园街道宏开花园进门后左右两侧,4000610999,汽车服务;充电站;充电站,011100,北京市,北京市,石景山区,西山,[],充电站,石景山区
B0J1MHX2QT,北京碧辟汽车充电站(老山公园南门),116.215866,39.911200,老山街道老山西街8-6号,18510989759,汽车服务;充电站;充电站,011100,北京市,北京市,石景山区,八角,[],充电站,石景山区
B0MB45YW5V,北京苹果园蔚来换电站,116.176551,39.924430,阜石路189号,[],汽车服务;充电站;充电站,011100,北京市,北京市,石景山区,[],[],充电站,石景山区
B0FFH24MN9,北方中惠国际中心充电站,116.225021,39.905096,鲁谷大街北方中惠国际大厦地下停车场B2层,[],汽车服务;充电站;充电站,011100,北京市,北京市,石景山区,鲁谷,[],充电站,石景山区
B0MBBBVDZP,北汽极狐汽车充电站(极狐-老山公园超充站),116.216245,39.911307,老山西街8-6号,4000008899,汽车服务;充电站;充电站,011100,北京市,北京市,石景山区,八角,[],充电站,石景山区
B0M644IDW5,华商三优汽车充电站(公共站石景山区刘娘府超充站),116.192493,39.944023,实兴北街与金府路交叉口东100米,[],汽车服务;充电站;充电站,011100,北京市,北京市,石景山区,西山,[],充电站,石景山区
B0FFM0R827,华商三优汽车充电站(扬招站石景山区远洋山水小区西门优易充小站),116.235466,39.902480,鲁谷东街-道路停车位,[],汽车服务;充电站;专用充电站,011103,北京市,北京市,石景山区,鲁谷,[],充电站,石景山区
B0HKFO0BOX,华商三优汽车充电站(扬招站石景山区鲁谷东街中国检察院出版社优易充小站),116.235501,39.904768,鲁谷东街中国检察院出版社,[],汽车服务;充电站;专用充电站,011103,北京市,北京市,石景山区,鲁谷,[],充电站,石景山区
B0FFM0R0KI,华商三优汽车充电站(扬招站石景山区鲁谷东街北京国际雕塑公园优易充小站),116.235990,39.906036,石景山路2-西门(八宝山地铁站D西南口步行220米),[],汽车服务;充电站;专用充电站,011103,北京市,北京市,石景山区,鲁谷,[],充电站,石景山区
B0FFM0QXGL,华商三优汽车充电站(扬招站石景山区鲁谷东街永乐小区优易充小站),116.235506,39.898917,永乐小区东区地面停车场,[],汽车服务;充电站;专用充电站,011103,北京市,北京市,石景山区,永乐,[],充电站,石景山区
B0FFLMII6L,国家电网充电站(八角北里小区),116.200961,39.914473,八角北里小区院内地面停车场,[],汽车服务;充电站;充电站,011100,北京市,北京市,石景山区,[],[],充电站,石景山区
B0FFIX21M2,国家电网汽车充电站(万商大厦),116.218043,39.906430,鲁谷街道石景山路22-8号北京万商大厦地面停车场,[],汽车服务;充电站;充电站,011100,北京市,北京市,石景山区,鲁谷,[],充电站,石景山区
B0IGB5N6A7,国家电网汽车充电站(北京市石景山区上庄大街6号充电站),116.232446,39.914573,老山城市休闲公园东侧地面停车场,[],汽车服务;充电站;充电站,011100,北京市,北京市,石景山区,[],[],充电站,石景山区
B0IB756XKJ,国家电网汽车充电站(北京市石景山区中础大厦公共充电站),116.213179,39.908904,中础大厦地面停车场(八角游乐园地铁站A北口步行240米),18601376118,汽车服务;充电站;充电站,011100,北京市,北京市,石景山区,[],[],充电站,石景山区
B0FFGQ51MI,国家电网汽车充电站(北京市石景山区中科院高能物理所主楼公共充电站),116.250317,39.913435,玉泉路乙19号院中国科学院大学内16号楼东南侧配电室门口地面停车场,18601376118,汽车服务;充电站;充电站,011100,北京市,北京市,石景山区,[],[],充电站,石景山区
B0G0K4R9RN,国家电网汽车充电站(北京市石景山区中科院高能物理所住宅楼公共充电站),116.247167,39.912357,玉泉路乙19号院中国科学院大学内27号楼地面停车场,18601376118,汽车服务;充电站;充电站,011100,北京市,北京市,石景山区,[],[],充电站,石景山区
B0FFKEA20Q,国家电网汽车充电站(北京市石景山区人民法制杂志社公共充电站),116.228364,39.906404,人民法制杂志社地面停车场,18601376118,汽车服务;充电站;充电站,011100,北京市,北京市,石景山区,鲁谷,[],充电站,石景山区
B0FFKLM4RF,国家电网汽车充电站(北京市石景山区体育场西侧),116.202469,39.906487,体育场西街石景山体育局院内西侧灯杆下地面停车场66,[],汽车服务;充电站;充电站,011100,北京市,北京市,石景山区,八角,[],充电站,石景山区
B0FFHN21TX,国家电网汽车充电站(北京市石景山区八角公园),116.213550,39.910624,老山南路-道路停车位,18601376118,汽车服务;充电站;充电站,011100,北京市,北京市,石景山区,八角,[],充电站,石景山区
B0HA957PD1,国家电网汽车充电站(北京市石景山区八角南里小区),116.202148,39.912653,八角中里小区33号楼东侧地面停车场,[],汽车服务;充电站;充电站,011100,北京市,北京市,石景山区,八角,[],充电站,石景山区
B0I6J50ZHA,国家电网汽车充电站(北京市石景山区八角南里小区公共充电站),116.201388,39.909645,八角南里小区26号楼北侧地面停车场284,18601376118,汽车服务;充电站;充电站,011100,北京市,北京市,石景山区,八角,[],充电站,石景山区
B0HA79ZJX7,国家电网汽车充电站(北京市石景山区八角游乐园西南门停车场充电站),116.207033,39.910163,八角东街石景山路25号,18601376118,汽车服务;充电站;充电站,011100,北京市,北京市,石景山区,八角,[],充电站,石景山区
B0FFMEWQU7,国家电网汽车充电站(北京市石景山区北京大公馆),116.237335,39.895821,北京大公馆西侧地面停车场,[],汽车服务;充电站;充电站,011100,北京市,北京市,石景山区,鲁谷,[],充电站,石景山区
B0FFKKT6IN,国家电网汽车充电站(北京市石景山区北京康复医院),116.198114,39.944831,康复医院院内地面停车场,18601376118,汽车服务;充电站;充电站,011100,北京市,北京市,石景山区,西山,[],充电站,石景山区
B0IAKHDPL1,国家电网汽车充电站(北京市石景山区北京银行保险产业园公共充电站SDK),116.184659,39.942426,金府路32号院3号楼地下停车场A139,18601376118,汽车服务;充电站;充电站,011100,北京市,北京市,石景山区,西山,[],充电站,石景山区
B0L6HL9H2E,国家电网汽车充电站(北京市石景山区北方工业大学校卫生服务中心公共充电站),116.210042,39.930556,北方工业大学内部地面停车场,18601376118,汽车服务;充电站;充电站,011100,北京市,北京市,石景山区,[],[],充电站,石景山区
B0HG15RXLQ,国家电网汽车充电站(北京市石景山区古城南里西区充电站),116.188552,39.906806,古城南里16号院,[],汽车服务;充电站;充电站,011100,北京市,北京市,石景山区,古城,[],充电站,石景山区
B0FFKZV4TW,国家电网汽车充电站(北京市石景山区古城金融中心B2停车场公共),116.183180,39.906280,古城金融中心B2停车场,18601376118,汽车服务;充电站;充电站,011100,北京市,北京市,石景山区,古城,[],充电站,石景山区
B0LD3RLH5N,国家电网汽车充电站(北京市石景山区古城金融中心B3停车场公共充电站),116.183180,39.906178,古城金融中心B3停车场,18601376118,汽车服务;充电站;充电站,011100,北京市,北京市,石景山区,古城,[],充电站,石景山区
B0JU595X9Q,国家电网汽车充电站(北京市石景山区喜隆多新国际购物中心充电站),116.176982,39.923075,喜隆多新国际购物中心地面停车场,18601376118,汽车服务;充电站;充电站,011100,北京市,北京市,石景山区,古城,[],充电站,石景山区
B0FFHU2C7E,国家电网汽车充电站(北京市石景山区宏坤盛通大厦),116.177391,39.924463,宏坤盛通大厦院内地面停车场,[],汽车服务;充电站;充电站,011100,北京市,北京市,石景山区,苹果园,[],充电站,石景山区
B0I1AHCEBA,国家电网汽车充电站(北京市石景山区新安公园充电站),116.176239,39.910661,新安路首钢办公大院西侧,18601376118,汽车服务;充电站;充电站,011100,北京市,北京市,石景山区,古城,[],充电站,石景山区
B0FFG96SNN,国家电网汽车充电站(北京市石景山区时代花园南路璟宫阁公共充电站),116.202194,39.917490,时代花园南路璟宫阁8号楼南侧地面停车场,[],汽车服务;充电站;充电站,011100,北京市,北京市,石景山区,八角,[],充电站,石景山区
B0L6KDJ5IE,国家电网汽车充电站(北京市石景山区景阳大街公共充电站),116.204224,39.895875,景阳大街北侧路边,18601376118,汽车服务;充电站;充电站,011100,北京市,北京市,石景山区,衙门口,[],充电站,石景山区
B0FFG7DP91,国家电网汽车充电站(北京市石景山区朝阳医院附属医院),116.209876,39.899714,八角街道京原路5号首都医科大学附属北京朝阳医院西院地面停车场,18601376118,汽车服务;充电站;充电站,011100,北京市,北京市,石景山区,[],[],充电站,石景山区
B0H6Z7TUWZ,国家电网汽车充电站(北京市石景山区杏石口充电站),116.206384,39.939064,杏石口变电站停车场,18601376118,汽车服务;充电站;充电站,011100,北京市,北京市,石景山区,西山,[],充电站,石景山区
B0FFK80CRW,国家电网汽车充电站(北京市石景山区模式口东里),116.170872,39.935006,模式口东里14号楼北侧地面停车场,18601376118,汽车服务;充电站;充电站,011100,北京市,北京市,石景山区,[],[],充电站,石景山区
B0G0POHVAI,国家电网汽车充电站(北京市石景山区沃尔玛山姆会员商店),116.201324,39.923281,山姆会员商店(北京店)地面停车场,[],汽车服务;充电站;充电站,011100,北京市,北京市,石景山区,八角,[],充电站,石景山区
B0LARKWB1O,国家电网汽车充电站(北京市石景山区海特花园),116.198456,39.938100,实兴大街与苹果园北路交叉口东北方向81米左右,18601376118,汽车服务;充电站;充电站,011100,北京市,北京市,石景山区,西山,[],充电站,石景山区
B0FFHPLX3E,国家电网汽车充电站(北京市石景山区炮厂小区),116.134110,39.956425,五里坨黑石头路炮厂小学旁地面停车场,18601376118,汽车服务;充电站;充电站,011100,北京市,北京市,石景山区,[],[],充电站,石景山区
B0KK6KFL0S,国家电网汽车充电站(北京市石景山区燕堤西街公共充电站),116.170000,39.895530,燕堤西街与燕堤北路交叉口南60米,18601376118,汽车服务;充电站;充电站,011100,北京市,北京市,石景山区,[],[],充电站,石景山区
B0K3OKVXPY,国家电网汽车充电站(北京市石景山区瑞达大厦),116.245497,39.901240,老山南路东段地面停车场,18601376118,汽车服务;充电站;充电站,011100,北京市,北京市,石景山区,鲁谷,[],充电站,石景山区
B0G3OCBL9Z,国家电网汽车充电站(北京市石景山区石景山供电公司公共充电站),116.213450,39.904030,鲁谷路59号石景山供电公司门口路北侧道路停车位,[],汽车服务;充电站;充电站,011100,北京市,北京市,石景山区,[],[],充电站,石景山区
B0G3LBCMZR,国家电网汽车充电站(北京市石景山区石景山医院公共充电站),116.213370,39.907026,石景山路24号石景山医院地下停车场,[],汽车服务;充电站;充电站,011100,北京市,北京市,石景山区,[],[],充电站,石景山区
B0I6D501JZ,国家电网汽车充电站(北京市石景山区石景山路9号充电站),116.240383,39.909990,石景山路9号八宝山殡仪馆地面停车场,[],汽车服务;充电站;充电站,011100,北京市,北京市,石景山区,[],[],充电站,石景山区
B0FFHWN271,国家电网汽车充电站(北京市石景山区老山南路),116.229163,39.912205,老山南路市政道路停车位,18601376118,汽车服务;充电站;充电站,011100,北京市,北京市,石景山区,鲁谷,[],充电站,石景山区
B0IAOMZEOA,国家电网汽车充电站(北京市石景山区重聚园小区公共充电站),116.227463,39.895405,鲁谷街道重聚路重聚园小区道路停车位,18601376118,汽车服务;充电站;充电站,011100,北京市,北京市,石景山区,永乐,[],充电站,石景山区
B0FFHU2C7G,国家电网汽车充电站(北京市石景山区金隅研究院),116.168632,39.931370,金顶街街道金顶北街69号,18601376118,汽车服务;充电站;充电站,011100,北京市,北京市,石景山区,模式口,[],充电站,石景山区
B0HAX5M16G,国家电网汽车充电站(北京市石景山区金顶山停车场西侧公共充电站),116.186682,39.947846,八大路3号地面停车场,18601376118,汽车服务;充电站;充电站,011100,北京市,北京市,石景山区,[],[],充电站,石景山区
B0JKPNT10M,国家电网汽车充电站(北京市石景山区金顶山路停车场东),116.189880,39.947647,地面停车场,18601376118,汽车服务;充电站;充电站,011100,北京市,北京市,石景山区,西山,[],充电站,石景山区
B0IG1CFC24,国家电网汽车充电站(北京市石景山区首钢制氧厂南区公共充电站),116.154081,39.909199,首钢氧气厂石景山路68号地下一层,[],汽车服务;充电站;充电站,011100,北京市,北京市,石景山区,[],[],充电站,石景山区
B0GKA52PGE,国家电网汽车充电站(北京市石景山区首钢脱硫车间充电站),116.158741,39.909960,地面停车场,[],汽车服务;充电站;充电站,011100,北京市,北京市,石景山区,[],[],充电站,石景山区
B0G3TRNZGF,国家电网汽车充电站(北京市石景山区骏宝行公共充电站),116.201268,39.918134,时代花园南路30号地面停车场,95598,汽车服务;充电站;充电站,011100,北京市,北京市,石景山区,八角,[],充电站,石景山区
B0FFINHGB4,国家电网汽车充电站(北京市门头沟区北汽凯翔风4S店),116.117727,39.936289,双峪路24号北汽4S店院内地面停车场,18601376118;4001100835,汽车服务;充电站;充电站,011100,北京市,北京市,石景山区,龙泉,[],充电站,石景山区
B0FFL8DC7I,国家电网汽车充电站(石景山区眼科医院),116.232042,39.904585,中国中医科学院眼科医院地面停车场,[],汽车服务;充电站;充电站,011100,北京市,北京市,石景山区,[],[],充电站,石景山区
B0FFM8S5F0,国家电网汽车充电站(苹果园南路),116.200852,39.932122,苹果园南路物美大卖场地面停车场02,95598,汽车服务;充电站;充电站,011100,北京市,北京市,石景山区,苹果园,[],充电站,石景山区
B0I05KWI9F,壳牌充电汽车充电站(壳牌充电北京石景山曦景长安地面充电站),116.185360,39.907825,古城大街75号院,4007160699,汽车服务;充电站;充电站,011100,北京市,北京市,石景山区,古城,[],充电站,石景山区
B0M66B9CQE,壳牌充电汽车充电站(壳牌充电北京石景山泰然大厦地下快充站),116.184350,39.910410,古盛路36号院1号楼,4007160699,汽车服务;充电站;充电站,011100,北京市,北京市,石景山区,古城,[],充电站,石景山区
B0M66B9CQF,壳牌充电汽车充电站(壳牌充电北京石景山金铸阳光苑地面充电站),116.232540,39.900536,金铸阳光苑社区,4007160699,汽车服务;充电站;充电站,011100,北京市,北京市,石景山区,[],[],充电站,石景山区
B0I0HLW68C,壳牌汽车充电站(壳牌八大处公园家属院充电站),116.186344,39.950582,八大处停车场路八大处公园家属院,4007160699,汽车服务;充电站;充电站,011100,北京市,北京市,石景山区,八大处,[],充电站,石景山区
B0KK27CY6D,奥迪汽车充电站(北京京西大悦城),116.181693,39.925113,阜石路173号B3层D133至D136,4001300001,汽车服务;充电站;充电站,011100,北京市,北京市,石景山区,苹果园,[],充电站,石景山区
B0KKTZR8OS,容新智充汽车充电站(泽洋大厦充电站),116.200548,39.921335,阜石路166号泽洋大厦B1层,[],汽车服务;充电站;充电站,011100,北京市,北京市,石景山区,八角,[],充电站,石景山区
B0HKFO0572,富电易充汽车充电站(玉泉新城充电点),116.250063,39.918140,玉泉路辅路与金沟河路交叉口西240米,[],汽车服务;充电站;充电站,011100,北京市,北京市,石景山区,[],[],充电站,石景山区
B0L1RDAXGA,小桔充电汽车充电站(云和桥石景山茂华大厦二期充电站),116.206050,39.919693,八角东街29号,4000610999,汽车服务;充电站;充电站,011100,北京市,北京市,石景山区,八角,[],充电站,石景山区
B0KD0GXW2D,小桔充电汽车充电站(云和桥石景山茂华大厦充电站),116.206025,39.919675,八角街道茂华大厦停车场,4000610999,汽车服务;充电站;充电站,011100,北京市,北京市,石景山区,八角,[],充电站,石景山区
B0HGVZO41W,小桔充电汽车充电站(北京石景山京汉大厦),116.189233,39.939669,实兴东街3号奥园美谷停车场,4000610999,汽车服务;充电站;充电站,011100,北京市,北京市,石景山区,西山,[],充电站,石景山区
B0H0BX4EFM,小桔充电汽车充电站(北京石景山八角居然之家超级充电站),116.200599,39.922790,居然之家八角店地面停车场,[],汽车服务;充电站;充电站,011100,北京市,北京市,石景山区,八角,[],充电站,石景山区
B0I1XGK518,小桔充电汽车充电站(北京石景山泽洋大厦充电站),116.199525,39.920402,阜石路166号泽洋大厦地面停车场07,[],汽车服务;充电站;充电站,011100,北京市,北京市,石景山区,八角,[],充电站,石景山区
B0JAOGSG75,小桔充电汽车充电站(北京石景山通景大厦充电站),116.184438,39.928729,苹果园街道苹果园路2号通景大厦地下停车场B3层,[],汽车服务;充电站;充电站,011100,北京市,北京市,石景山区,苹果园,[],充电站,石景山区
B0I3HG7BVA,小桔充电汽车充电站(北京石景山金安环宇荟),116.163989,39.921837,古城街道中海寰宇天下地下停车场2-040,[],汽车服务;充电站;充电站,011100,北京市,北京市,石景山区,[],[],充电站,石景山区
B0IKFLG43W,小桔充电汽车充电站(燕保大厦)(暂停营业),116.251589,39.902725,八宝山街道远洋·沁山水燕保大厦,[],汽车服务;充电站;充电站,011100,北京市,北京市,石景山区,[],[],充电站,石景山区
B0J0M4QVA0,小桔充电汽车充电站(燕房金海洋商业中心充电站),116.121194,39.956082,五里坨西街11号院金海洋商业中心地面停车场021,[],汽车服务;充电站;充电站,011100,北京市,北京市,石景山区,五里坨,[],充电站,石景山区
B0LBFPTTSJ,小桔充电汽车充电站(电莫愁三家店),116.115453,39.948457,西柳路与水闸南路交叉口东北160米,[],汽车服务;充电站;充电站,011100,北京市,北京市,石景山区,龙泉,[],充电站,石景山区
B0L0RN47DP,小桔充电汽车充电站(皓能足球公园超充站),116.115420,39.941166,皓能足球公园超充站,4000610999,汽车服务;充电站;充电站,011100,北京市,北京市,石景山区,龙泉,[],充电站,北京市
B0M6U5Q0U5,小桔充电汽车充电站(紫御国际停车场充电站),116.221420,39.902653,紫御国际西门旁,4000610999,汽车服务;充电站;充电站,011100,北京市,北京市,石景山区,鲁谷,[],充电站,石景山区
B0LK6NK08L,小桔充电汽车充电站(调色板智慧停车场莲石东路液冷超充站),116.244440,39.898600,八宝山街道调色板城市公共空间地下一层B区黄色车位,4000610999,汽车服务;充电站;充电站,011100,北京市,北京市,石景山区,[],[],充电站,北京市
B0J0AR7ST4,小桔充电汽车充电站(银建黑石头基地专用充电站),116.136235,39.951123,五里坨街道北京金建黑石头运行基地进门左转地面停车场,4000610999,汽车服务;充电站;充电站,011100,北京市,北京市,石景山区,五里坨,[],充电站,石景山区
B0MDXKYBPK,小鹏超级充电站(小鹏-BP S4超快充北京老山公园站),116.215870,39.911186,老山街道老山西街8-6号首钢老山居民区,4007836688,汽车服务;充电站;充电站,011100,北京市,北京市,石景山区,[],[],充电站,石景山区
B0LGS6WWA3,小鹏超级充电站(小鹏S4超快充北京远洋春秋里站),116.186193,39.929399,苹果园大街122号远洋春秋里购物中心地下停车场,4007836688,汽车服务;充电站;充电站,011100,北京市,北京市,石景山区,苹果园,[],充电站,石景山区
B0L1TD3VU6,小鹏超级充电站(小鹏S4超快充北京香山启迪站),116.204410,39.945965,苹果园街道启迪·香山(入口福田寺西街),4007836688,汽车服务;充电站;充电站,011100,北京市,北京市,石景山区,香山,[],充电站,石景山区
B0LKRX756T,平高智联汽车充电站(石景山区古城城通街26号院),116.183220,39.904870,城通街26号院,4000217008,汽车服务;充电站;充电站,011100,北京市,北京市,石景山区,古城,[],充电站,石景山区
B0LG5AURBF,平高智联汽车充电站(石景山区古城金融街长安中心),116.183750,39.905453,绿地环球文化金融街古城长安中心,4000217008,汽车服务;充电站;充电站,011100,北京市,北京市,石景山区,古城,[],充电站,石景山区
B0MAM76BVD,开迈斯充电站(北京市老山公园直流站),116.216785,39.911173,老山南路与老山西街交叉口东100米,[],汽车服务;充电站;充电站,011100,北京市,北京市,石景山区,[],[],充电站,石景山区
B0HG0NUHSB,开迈斯充电站(石景山泰禾长安中心B4),116.220035,39.904608,鲁谷路51号院泰禾新天地B4层,[],汽车服务;充电站;充电站,011100,北京市,北京市,石景山区,鲁谷,[],充电站,石景山区
B0LU7LZM6R,开迈斯汽车充电站(北京市宏昌商务园站),116.190704,39.936940,"双园路1号宏昌商务园进门右转直行10米,左手边",4006657666,汽车服务;充电站;充电站,011100,北京市,北京市,石景山区,西山,[],充电站,石景山区
B0K13P1QCS,悦来电汽车充电站(悦来电衙府居园充电站),116.202111,39.891344,景颂街2号衙府居园小区地下停车场一层-1042,18611558751,汽车服务;充电站;充电站,011100,北京市,北京市,石景山区,衙门口,[],充电站,石景山区
B0K3Z6FVGI,悦来电汽车充电站(衙府安园充电站),116.200900,39.891994,景顺街与景瑞南路交口衙府安园小区地下停车场一层-1177,4008758695,汽车服务;充电站;充电站,011100,北京市,北京市,石景山区,衙门口,[],充电站,石景山区
B0KULBSJYO,捷易电汽车充电站(西府海棠),116.129106,39.965057,五里坨街道秀府西街绿城·西府海棠,[],汽车服务;充电站;充电站,011100,北京市,北京市,石景山区,[],[],充电站,石景山区
B0MUC93IO2,捷顺充充电站(北京西府海棠地下充电站),116.129013,39.965080,五里坨街道秀府西街绿城·西府海棠,4007005305,汽车服务;充电站;充电站,011100,北京市,北京市,石景山区,[],[],充电站,石景山区
B0MA26NK87,新电途汽车充电站(中海金鑫阁充电站),116.184888,39.909956,古城街道城泰街城泰街-道路停车位,4001100835,汽车服务;充电站;充电站,011100,北京市,北京市,石景山区,古城,[],充电站,石景山区
B0L01AF4S6,新电途汽车充电站(优智石景山西黄村南路超充站),116.200710,39.930946,苹果园街道西黄村南路石景山区文化中心,4001100835,汽车服务;充电站;充电站,011100,北京市,北京市,石景山区,[],[],充电站,北京市
B0MAKOPDQF,新电途汽车充电站(金都大厦希尔顿超充站),116.206566,39.920475,八角街道时代花园社区八角东街25号院3号楼院内东边,4001100835,汽车服务;充电站;充电站,011100,北京市,北京市,石景山区,八角,[],充电站,石景山区
B0L03PBRCV,昆仑网电汽车充电站(中国石油北京石景山燕保大厦充电站),116.251591,39.902704,玉泉路辅路与鲁谷路交叉口西南160米,[],汽车服务;充电站;充电站,011100,北京市,北京市,石景山区,[],[],充电站,石景山区
B0HDYHRX9O,星星充电汽车充电站(内部专用星星充电-石景山-首金顶汽修充电站),116.172720,39.928062,石景山金顶东街东口(苹果园地铁站A口步行410米),4008280768,汽车服务;充电站;专用充电站,011103,北京市,北京市,石景山区,苹果园,[],充电站,石景山区
B0J2T63WME,星星充电汽车充电站(内部专用星星充电石景山-首钢停车场充电站),116.179530,39.906060,北京首钢国际工程技术有限公司,4008280768,汽车服务;充电站;充电站,011100,北京市,北京市,石景山区,古城,[],充电站,石景山区
B0KARRHTGD,星星充电汽车充电站(动力时代-金都大厦充电站石景山希尔顿欢朋酒店),116.206340,39.920220,金都大厦停车场,4008280768,汽车服务;充电站;充电站,011100,北京市,北京市,石景山区,八角,[],充电站,北京市
B0L04SX9D3,星星充电汽车充电站(北京中海大厦CD座),116.176895,39.913723,古城西街26号院b1-b3,18211183198,汽车服务;充电站;充电站,011100,北京市,北京市,石景山区,古城,[],充电站,石景山区
B0L04SX966,星星充电汽车充电站(星星充电-玉泉西街1号院5号楼充电站),116.247505,39.915260,老山街道玉泉西街1东门玉泉西街1号院,13810834431,汽车服务;充电站;充电站,011100,北京市,北京市,石景山区,[],[],充电站,石景山区
B0LR2Z4ABC,星星充电汽车充电站(金安中海财富中心地下充电站),116.164634,39.922748,和平西街55号院金安中海财富中心地下停车场,010-59772888,汽车服务;充电站;充电站,011100,北京市,北京市,石景山区,[],[],充电站,石景山区
B0MDOHVW1S,星星充电汽车充电站(金安中海财富中心地下充电站2),116.162315,39.922905,和平西街55号院(金安桥地铁站F西南口步行100米),010-57040656,汽车服务;充电站;充电站,011100,北京市,北京市,石景山区,[],[],充电站,石景山区
B0JDH6VPN3,星星充电汽车充电站(首钢园六工汇PA停车场充电站),116.154555,39.918845,石景山路68号首钢园六工汇A座地下停车场,18311018112,汽车服务;充电站;充电站,011100,北京市,北京市,石景山区,[],[],充电站,石景山区
B0JDD6N9RG,星星充电汽车充电站(首钢园六工汇PB停车场充电站),116.156151,39.917587,五一剧场路首钢园六工汇PB停车场地下停车场112,[],汽车服务;充电站;充电站,011100,北京市,北京市,石景山区,[],[],充电站,石景山区
B0LA2KDAEM,星星充电汽车充电站(首钢园六工汇PE停车场充电站),116.153400,39.916081,六工汇PE停车场充电站,18311018112,汽车服务;充电站;充电站,011100,北京市,北京市,石景山区,[],[],充电站,石景山区
B0IK4DKY2L,星星充电汽车充电站(首钢园六工汇PF停车场充电站),116.151590,39.916107,六工汇PF停车场,18311018112,汽车服务;充电站;充电站,011100,北京市,北京市,石景山区,[],[],充电站,石景山区
B0JDD6Y3RC,星星充电汽车充电站(首钢园六工汇购物中心PD停车场B1充电站),116.155594,39.915739,首钢园六工汇购物广场地下停车场B1,[],汽车服务;充电站;充电站,011100,北京市,北京市,石景山区,[],[],充电站,石景山区
B0LA2K4U1S,星星充电汽车充电站(首钢园六工汇购物中心PD停车场B2充电站),116.155737,39.915886,六工汇PD停车场,[],汽车服务;充电站;充电站,011100,北京市,北京市,石景山区,[],[],充电站,石景山区
B0FFHRJ7D9,智充汽车充电站(银河财智),116.221879,39.905187,鲁谷街道银河财智中心B座,13510978080;4008770227,汽车服务;充电站;充电站,011100,北京市,北京市,石景山区,[],[],充电站,石景山区
B0L1OLPI7R,极氪能源超级充电站(北京老山城市休闲公园极充站),116.216130,39.911175,老山西街(北京老山公园)8-6号地面停车位,4000036036,汽车服务;汽车服务相关;汽车服务相关,010000,北京市,北京市,石景山区,[],[],充电站,石景山区
B0L1570KCE,汽车充电站(bp pulse老山公园南门站),116.215923,39.911048,老山街道老山西街8-6号,4006644086,汽车服务;充电站;充电站,011100,北京市,北京市,石景山区,[],[],充电站,石景山区
B0M6A4Y8NW,汽车充电站(公共站北京市石景山区中国医学科学院整形外科医院地下停车场充电站),116.198780,39.942600,八大处路33号,[],汽车服务;充电站;充电站,011100,北京市,北京市,石景山区,西山,[],充电站,石景山区
B0M6A4YGF5,汽车充电站(公共站北京市石景山区北京银保建国酒店充电站),116.184610,39.943806,金府路32号院一号楼地下二层,[],汽车服务;充电站;充电站,011100,北京市,北京市,石景山区,西山,[],充电站,石景山区
B0M6A4XMLD,汽车充电站(公共站北京市石景山区首钢园秀池地下停车场D区充电站),116.153400,39.921470,秀池南路首钢园秀池地下停车场D区,[],汽车服务;充电站;充电站,011100,北京市,北京市,石景山区,[],[],充电站,石景山区
B0M6A4Y8NX,汽车充电站(公共站北京石景山区金鼎时代广场北停车场充电站),116.196140,39.925630,石景山区阜石路165号,[],汽车服务;充电站;充电站,011100,北京市,北京市,石景山区,[],[],充电站,石景山区
B0M6A4XTOF,汽车充电站(公共站石景山区首钢园区制氧创新中心充电站),116.154205,39.910057,首钢园区制氧创新中心停车场,[],汽车服务;充电站;充电站,011100,北京市,北京市,石景山区,[],[],充电站,石景山区
B0LRR4JUIC,汽车充电站(公共站石景山区首钢园区路灯桩示范优易充小站),116.150434,39.923991,首钢园区小西门停车场,[],汽车服务;充电站;充电站,011100,北京市,北京市,石景山区,[],[],充电站,石景山区
B0M6A4Y1HF,汽车充电站(公共站石景山区首钢园小西门停车场充电站),116.150925,39.923088,首钢园小西门停车场,[],汽车服务;充电站;充电站,011100,北京市,北京市,石景山区,[],[],充电站,石景山区
B0MUZK5SUJ,汽车充电站(扬招站石景山区远洋山水小区西门优易充小站),116.235439,39.902537,远洋山水小区西门,4006556620,汽车服务;充电站;充电站,011100,北京市,北京市,石景山区,[],[],充电站,石景山区
B0MUND1O0A,汽车充电站(扬招站石景山区鲁谷东街北京国际雕塑公园优易充小站),116.235990,39.906036,石景山路2-西门(八宝山地铁站D西南口步行200米),4006556620,汽车服务;充电站;充电站,011100,北京市,北京市,石景山区,[],[],充电站,石景山区
B0MU7O75B8,汽车充电站(扬招站石景山区鲁谷东街永乐小区优易充小站),116.235504,39.898920,鲁谷东街永乐小区东南门,4006556620,汽车服务;充电站;充电站,011100,北京市,北京市,石景山区,[],[],充电站,石景山区
B0M6CHTZHY,汽车充电站(智汇充八角中里站),116.201725,39.912225,八角中里附近,[],汽车服务;充电站;充电站,011100,北京市,北京市,石景山区,[],[],充电站,石景山区
B0KAGC08EF,汽车充电站(智汇充新岚大厦站),116.219328,39.901810,依翠园小区东区附近,[],汽车服务;充电站;充电站,011100,北京市,北京市,石景山区,[],[],充电站,石景山区
B0M6A4Y8NY,汽车充电站(石景山区首钢一高炉停车场充电站),116.157120,39.920890,首钢一高炉停车场,[],汽车服务;充电站;充电站,011100,北京市,北京市,石景山区,[],[],充电站,石景山区
B0L24MNKA6,汽车充电站(老山西里5号楼二单元共享慢充站),116.220065,39.909397,老山西里5号楼2单元,13810445403,汽车服务;充电站;充电站,011100,北京市,北京市,石景山区,[],[],充电站,石景山区
B0K05RZN18,汽车充电站(苹果园南路39号),116.187126,39.929870,苹果园南路39号(杨庄地铁站A西北口步行410米),15101024890,汽车服务;充电站;充电站,011100,北京市,北京市,石景山区,[],[],充电站,石景山区
B0HK912S17,汽车充电站(茂华大厦店),116.206140,39.920638,八角街道八角东街25院希尔顿欢朋酒店院内,[],汽车服务;充电站;充电站,011100,北京市,北京市,石景山区,八角,[],充电站,石景山区
B0K37ALBZM,汽车充电站(西井路甲8号院),116.193500,39.932545,西井路甲8号院,15101024890,汽车服务;充电站;充电站,011100,北京市,北京市,石景山区,[],[],充电站,石景山区
B0LAD50LG4,汽车换电站(北汽动力石景山苹果园换电站),116.176343,39.924401,阜石路189号鸿坤盛通大厦西南侧,[],汽车服务;汽车服务相关;汽车服务相关,010000,北京市,北京市,石景山区,苹果园,[],充电站,石景山区
B0MGTR71TG,滴滴充电,116.233125,39.908125,石景山路与严正街交叉口西北120米,[],汽车服务;充电站;充电站,011100,北京市,北京市,石景山区,[],[],充电站,石景山区
B0KU3G7EXS,滴滴充电汽车充电站(中电建睿铂大厦充电站),116.191086,39.901540,中电建睿铂大厦地下三层停车场,4000610999,汽车服务;充电站;充电站,011100,北京市,北京市,石景山区,古城,[],充电站,石景山区
B0M65HJ3Y6,滴滴充电汽车充电站(京西国际珠宝城一级超充站),116.247570,39.903458,八宝山街道和街肉饼(珠宝街店)京西珠宝场站位于京西珠宝东侧地上停车场,4000610999,汽车服务;充电站;充电站,011100,北京市,北京市,石景山区,[],[],充电站,石景山区
B0M6DZ5FI2,滴滴充电汽车充电站(北京石景山八角居然之家超级充电站),116.199273,39.922619,八角街道居然之家(八角店)进门左转为快充区域,4000610999,汽车服务;充电站;充电站,011100,北京市,北京市,石景山区,[],[],充电站,石景山区
B0M6Z72GUD,滴滴充电汽车充电站(北京石景山泽洋大厦充电站),116.200055,39.920050,泽洋大厦-收费停车场,4000610999,汽车服务;充电站;充电站,011100,北京市,北京市,石景山区,[],[],充电站,石景山区
B0MBNAS276,滴滴充电汽车充电站(北京石景山通景大厦充电站),116.184409,39.928800,通景大厦地下停车场下地库B3层即到,4000610999,汽车服务;充电站;充电站,011100,北京市,北京市,石景山区,[],[],充电站,石景山区
B0M6DG4GKO,滴滴充电汽车充电站(北京石景山金安环宇荟充电站),116.163965,39.921908,古城街道中海寰宇天下B1层(金安桥地铁站J口步行180米),4000610999,汽车服务;充电站;充电站,011100,北京市,北京市,石景山区,[],[],充电站,石景山区
B0M63Z71TE,滴滴充电汽车充电站(燕房金海洋商业中心充电站),116.121400,39.956722,五里坨西街11号院金海洋商业中心地上停车场,4000610999,汽车服务;充电站;充电站,011100,北京市,北京市,石景山区,[],[],充电站,石景山区
B0MANBPU2H,滴滴充电汽车充电站(石景山燕保大厦充电站),116.252075,39.903030,燕保大厦地库停车场(入口)直走到头右转地面停车场,4000610999,汽车服务;充电站;充电站,011100,北京市,北京市,石景山区,[],[],充电站,石景山区
B0KANGS89C,特斯拉目的地充电站(北京石景山翔鹰大厦目的地充电站),116.191810,39.900524,古城南里地下B2层-2254-2256,4009100707,汽车服务;充电站;充电站,011100,北京市,北京市,石景山区,古城,[],充电站,石景山区
B0I1NS5HI6,特斯拉超级充电站(北京启迪香山),116.203882,39.945537,"香山南路105号院地下B3充电车位区域,3188-3196车位对面车库入口福田寺西街",[],汽车服务;充电站;充电站,011100,北京市,北京市,石景山区,香山,[],充电站,石景山区
B0GKJBWF0Y,特斯拉超级充电站(北京居然之家八角店),116.200832,39.923243,"阜石路168号,地上停车场北侧(入口进入后右转)/入口时代花园西街",[],汽车服务;充电站;充电站,011100,北京市,北京市,石景山区,八角,[],充电站,石景山区
B0KGVGZBSS,特斯拉超级充电站(北京翔鹰大厦),116.192030,39.900837,翔鹰大厦地下停车场B2层2185车位对面/入口韵康街,4009100707,汽车服务;充电站;充电站,011100,北京市,北京市,石景山区,古城,[],充电站,石景山区
B0MGFR5URS,特来电充电桩慢充,116.238892,39.893647,鲁谷东街26号,[],汽车服务;充电站;充电站,011100,北京市,北京市,石景山区,[],[],充电站,石景山区
B0FFGSJHTO,特来电充电站(北京市京燕饭店),116.204019,39.907587,石景山路29号京燕大厦地面停车场031,4001300001,汽车服务;充电站;充电站,011100,北京市,北京市,石景山区,八角,[],充电站,石景山区
B0HG3REIHH,特来电汽车充电站(北京石景山区玉泉大厦一层111号)(暂停营业),116.248204,39.908141,玉泉大厦一层111号地面停车场,4001300001,汽车服务;充电站;充电站,011100,北京市,北京市,石景山区,[],[],充电站,石景山区
B0FFHJJ4TS,特来电汽车充电站(特来电北京万达嘉华酒店充电站),116.227138,39.906700,石景山路甲18号1号楼(毗邻石景山万达广场),4001300001,汽车服务;充电站;充电站,011100,北京市,北京市,石景山区,鲁谷,[],充电站,石景山区
B0J0V7Q7QT,特来电汽车充电站(特来电北京市石景山区古城中海大厦充电站),116.178267,39.909004,"古城街道中海大厦B1层1-152,1-153,1-154,1-155,1-156,1-157号车位",4001300001,汽车服务;充电站;充电站,011100,北京市,北京市,石景山区,古城,[],充电站,石景山区
B0K3GX3CH7,特来电汽车充电站(特来电北京市石景山区郎园充电站),116.238777,39.909489,上庄东街(八宝山地铁站B东北口步行300米),4001300001,汽车服务;充电站;充电站,011100,北京市,北京市,石景山区,鲁谷,[],充电站,石景山区
B0LKJ51MRN,特来电目的地充电站(北京重型电机厂有限责任公司充电站),116.235250,39.898709,吴家村路57号院重美术馆北侧停车位,13141260882,汽车服务;充电站;充电站,011100,北京市,北京市,石景山区,[],[],充电站,石景山区
B0L0N5RN5C,特来电目的地充电站(峰达博远特来电充电站),116.139030,39.938873,高井小区东南2门旁,13810010840,汽车服务;充电站;充电站,011100,北京市,北京市,石景山区,广宁,[],充电站,石景山区
B0LD9BZKZP,特来电超级充电站(特来电北京融通华北宾馆充电站),116.194954,39.948406,苹果园街道八大处路华北宾馆,4001300001,汽车服务;充电站;充电站,011100,北京市,北京市,石景山区,八大处,[],充电站,石景山区
B0LK2MPOLZ,电动汽车充电桩,116.156925,39.920675,群明湖大街与秀池北路交叉口东南120米,[],汽车服务;充电站;充电站,011100,北京市,北京市,石景山区,[],[],充电站,石景山区
B0MD5NVB4S,电动汽车充电站,116.227609,39.899236,鲁谷南路与鲁谷大街交叉口西北180米,[],汽车服务;充电站;充电站,011100,北京市,北京市,石景山区,[],[],充电站,石景山区
B0FFINJZ9Z,石景山供电公司公共充电站,116.213468,39.904046,鲁谷路与翠园西街交叉口西100米,[],汽车服务;充电站;充电站,011100,北京市,北京市,石景山区,[],[],充电站,石景山区
B0L3USGH8R,能加超充超级充电站(西山枫林超充站·华为超充技术支持),116.200813,39.943766,香山南路168-88号,4001100835,汽车服务;充电站;充电站,011100,北京市,北京市,石景山区,香山,[],充电站,石景山区
B0L1M4FYWF,茂电·顺顺充超级充电站(西富港超充站·华为超充技术支持),116.231040,39.891216,鲁谷街道鲁谷大街西富港商城,4008069666,汽车服务;充电站;充电站,011100,北京市,北京市,石景山区,鲁谷,[],充电站,石景山区
B0J6RZOERM,蔚来换电站北京首钢篮球中心,116.198685,39.925257,阜石路124号,[],汽车服务;换电站;换电站,011101,北京市,北京市,石景山区,[],[],充电站,石景山区
B0J2DUYQ97,蔚来能源汽车充电站(北京首钢篮球中心),116.198160,39.925229,阜石路159号地面停车场,[],汽车服务;充电站;充电站,011100,北京市,北京市,石景山区,[],[],充电站,石景山区
B0I1SLLUAP,蔚来能源目的地充电站(北京首钢园蔚来中心),116.155709,39.915860,群明湖大街与群明湖北路交叉口西北,[],汽车服务;充电站;充电站,011100,北京市,北京市,石景山区,[],[],充电站,石景山区
B0L09NC4AC,逸安启超级充电站(北京京西大悦城),116.183495,39.925823,京西大悦城地下停车场,4000010780,汽车服务;充电站;充电站,011100,北京市,北京市,石景山区,[],[],充电站,石景山区
B0K14PYIAI,逸安启超级充电站(北京石景山万达),116.225494,39.906240,石景山路乙18号石景山万达广场B2层靠近1号电梯厅,4000010780,汽车服务;充电站;充电站,011100,北京市,北京市,石景山区,[],[],充电站,石景山区
B0J07S3LYM,金芒果充电站充电站,116.201758,39.908057,盛景大厦B4C区,18101058917,汽车服务;充电站;充电站,011100,北京市,北京市,石景山区,[],[],充电站,石景山区
B0G2G1Q6S8,隆瑞三优射击场914路充电站,116.212841,39.944041,福田公墓射击场,[],汽车服务;充电站;充电站,011100,北京市,北京市,石景山区,香山,[],充电站,石景山区
B0G0OSUJN8,隆瑞三优老山1路充电站,116.232532,39.916023,上庄大街老山城市休闲公园,[],汽车服务;充电站;充电站,011100,北京市,北京市,石景山区,[],[],充电站,石景山区
B0G0O5UKL2,隆瑞三优金顶西街337路充电站,116.160172,39.928960,金顶西街12号,[],汽车服务;充电站;充电站,011100,北京市,北京市,石景山区,模式口,[],充电站,石景山区
B0G0LCHUML,隆瑞三优鲁谷78路汽车充电站,116.241849,39.905184,鲁谷路与雕塑园南街交叉口西北160米,[],汽车服务;充电站;充电站,011100,北京市,北京市,石景山区,[],[],充电站,石景山区
B0MG0CHXLC,首特绿能港充电站,116.178786,39.916679,北辛安南路与嘉安南街交叉口东180米,[],汽车服务;充电站;充电站,011100,北京市,北京市,石景山区,古城,[],充电站,石景山区
B0MASCG862,驴充充充电站(202家属院),116.131375,39.951725,石门路与石门南路交叉口北160米,[],汽车服务;充电站;充电站,011100,北京市,北京市,石景山区,[],[],充电站,石景山区
B0H27SVL54,驿充电新能源汽车充电站(北京石景山中诚大厦),116.199519,39.913830,八角西街36号,[],汽车服务;充电站;充电站,011100,北京市,北京市,石景山区,[],[],充电站,石景山区
B0L054SGDY,一号车新能源汽车充电站(龙岳洲),116.390994,39.943522,龙岳洲,18618189958,汽车服务;充电站;充电站,011100,北京市,北京市,西城区,德胜门,[],充电站,西城区
B0FFHJ0TJF,万城万充汽车充电站(华睦大厦),116.324291,39.884285,马连道南街6号,18611951068,汽车服务;充电站;充电站,011100,北京市,北京市,西城区,太平桥,[],充电站,西城区
B0JD1KTZFA,万城万充汽车充电站(华睦大厦充电站),116.324290,39.884285,北京市马连道南街6号院停车位,4000819993,汽车服务;充电站;充电站,011100,北京市,北京市,西城区,广安门,[],充电站,西城区
B0JKCKF41Z,万城万充汽车充电站(翔达大厦)(暂停营业),116.368975,39.889534,广安门内街道广安门内大街167号翔达大厦,4008083392,汽车服务;充电站;充电站,011100,北京市,北京市,西城区,宣武门,[],充电站,西城区
B0MG7XJAND,万马爱充充电站(北京西站分局),116.326625,39.896275,莲花池东路辅路与莲花池东路入口交叉口南60米,[],汽车服务;充电站;充电站,011100,北京市,北京市,西城区,公主坟,[],充电站,西城区
B0K3MBF7U6,中国石化汽车充电站(中国石化东经路充电站),116.393350,39.883620,天桥街道东经路40号,95105888,汽车服务;充电站;充电站,011100,北京市,北京市,西城区,天桥,[],充电站,西城区
B0L0CYWY4A,中国石化汽车充电站(北京设计院二期内部充电站),116.386170,39.952700,德胜街道安德路67号,95105888,汽车服务;充电站;专用充电站,011103,北京市,北京市,西城区,德胜门,[],充电站,西城区
B0L0CYX5BG,中国石化汽车充电站(北京设计院内部充电站),116.386170,39.952700,德胜街道安德路67号,95105888,汽车服务;充电站;充电站,011100,北京市,北京市,西城区,德胜门,[],充电站,西城区
B0FFLOY14M,丰铭共享充电站,116.367885,39.918273,丰盛胡同22号丰铭国际大厦B2,010-63211036,汽车服务;充电站;充电站,011100,北京市,北京市,西城区,西单,[],充电站,西城区
B0L14B0OTD,云快充充电站(北京青少年服务中心北京市青年宫),116.366176,39.941134,西章胡同与前章胡同交叉口西南60米(新街口地铁站A西北口旁),[],汽车服务;充电站;充电站,011100,北京市,北京市,西城区,西直门,[],充电站,西城区
B0L6YONSVR,云快充汽车充电站(石油金融大厦),116.359121,39.923045,王府仓北街与民康胡同西巷交叉口东80米,[],汽车服务;充电站;充电站,011100,北京市,北京市,西城区,官园,[],充电站,西城区
B0JRPKND4X,云快充汽车充电站(西城区友谊医院门诊楼),116.390530,39.885937,友谊医院门诊楼地下车库,4008288517,汽车服务;充电站;充电站,011100,北京市,北京市,西城区,天桥,[],充电站,西城区
B0FFMEDPQW,优易充charge汽车充电站(西城区阜外大街北侧20207充电扬招站),116.346840,39.923638,阜成门外大街辅路-道路停车位,[],汽车服务;充电站;专用充电站,011103,北京市,北京市,西城区,百万庄,[],充电站,西城区
B0MG5GXOJD,优易充充电站(北京市西城区有研大厦内部充电站),116.373015,39.967357,北三环中路辅路与北三环中路入口交叉口南60米,[],汽车服务;充电站;充电站,011100,北京市,北京市,西城区,马甸,[],充电站,西城区
B0FFHJZ17N,优易充汽车充电站,116.364742,39.937195,冠英园西区37号华地大厦附近,[],汽车服务;充电站;充电站,011100,北京市,北京市,西城区,官园,[],充电站,西城区
B0FFHOEKQW,优易充汽车充电站(广安门外大街),116.333907,39.890871,广外大街305号首特四区地面停车场(内部专用),[],汽车服务;充电站;充电站,011100,北京市,北京市,西城区,广外大街,[],充电站,西城区
B0FFHOEKRK,优易充汽车充电站(茶马北街),116.323055,39.880920,茶马北街北京第一实验小学,[],汽车服务;充电站;充电站,011100,北京市,北京市,西城区,广安门,[],充电站,西城区
B0JAX54TVX,依威能源汽车充电站(中信锦园B3停车场),116.376337,39.884141,陶然亭街道菜市口大街8号地下停车场3486,4001800910,汽车服务;充电站;个人充电站,011104,北京市,北京市,西城区,白纸坊,[],充电站,西城区
B0FFK7CT8O,依威能源汽车充电站(大观国际)(内部专用),116.355227,39.873554,大观国际内部地面停车场,[],汽车服务;充电站;专用充电站,011103,北京市,北京市,西城区,右安门,[],充电站,西城区
B0FFL4QCEA,依威能源汽车充电站(太仆寺街33号院3号楼),116.379309,39.913331,北京市西城区太仆寺街33号院3号楼,4001800910,汽车服务;充电站;充电站,011100,北京市,北京市,西城区,西单,[],充电站,西城区
B0FFHNXSRC,依威能源汽车充电站(太平洋保险大厦),116.366068,39.918215,北京市太平桥大街丰盛胡同28号中国太平洋保险集团股份有限公司停车场B2,4001800910,汽车服务;充电站;充电站,011100,北京市,北京市,西城区,西单,[],充电站,西城区
B0LK7631AT,依威能源汽车充电站(官园公寓),116.362700,39.931480,北京市狮子西巷东侧大玉胡同北侧官园公寓地下停车库,4001800910,汽车服务;充电站;个人充电站,011104,北京市,北京市,西城区,西直门,[],充电站,西城区
B0JAX51U5U,依威能源汽车充电站(广益大厦B座),116.355340,39.890675,北京市广安门内街道广义街5号,4001800910,汽车服务;充电站;充电站,011100,北京市,北京市,西城区,广内大街,[],充电站,西城区
B0FFL6BUPL,依威能源汽车充电站(茗筑大厦),116.321355,39.875847,北京市北京西站南路茗筑大厦,4001800910,汽车服务;充电站;充电站,011100,北京市,北京市,西城区,广安门,[],充电站,西城区
B0FFL6BW4I,依威能源汽车充电站(西单明珠高登大厦),116.375943,39.910482,西长安街街道横二条59号西单明珠高登大厦地下停车场,4001800910,汽车服务;充电站;充电站,011100,北京市,北京市,西城区,西单,[],充电站,西城区
B0MGGH3RQZ,傲途魔方智能充电柜,116.377934,39.935096,护国寺大街26号,[],汽车服务;充电站;充电站,011100,北京市,北京市,西城区,积水潭,[],充电站,西城区
B0MAAN8ONV,公牛充电汽车充电站(-公牛充电桩盛世景苑b223),116.398000,39.924200,什刹海街道景山公园(东南角),[],汽车服务;充电站;充电站,011100,北京市,北京市,西城区,[],[],充电站,西城区
B0LRDU66FT,冀东启明汽车充电站(地质调查局),116.336815,39.923855,展览路街道阜成门外大街45号中国地质调查局,[],汽车服务;充电站;充电站,011100,北京市,北京市,西城区,展览路,[],充电站,西城区
B0IRYUANC2,北京冠华大厦充电站,116.368172,39.940103,西直门内大街118号冠华大厦停车场,[],汽车服务;充电站;充电站,011100,北京市,北京市,西城区,西直门,[],充电站,西城区
B0IRYUC59J,北京市国家新闻出版广电总局充电站,116.355263,39.905878,复兴门桥与复兴门外大街交叉口南140米,[],汽车服务;充电站;充电站,011100,北京市,北京市,西城区,西便门,[],充电站,西城区
B0FFKVFGC4,北京汽车汽车充电站,116.384681,39.944210,后海北沿与甘露胡同交叉口西北160米,[],汽车服务;充电站;充电站,011100,北京市,北京市,西城区,德胜门,[],充电站,西城区
B0LK1ZDK6W,北京西城首源物业充电站,116.331490,39.896598,莲花池东路辅路与莲花池东路入口交叉口西南40米,[],汽车服务;充电站;充电站,011100,北京市,北京市,西城区,广外大街,[],充电站,西城区
B0LULU8M5F,北京车联网汽车充电站(佟麟阁路液冷超充),116.368060,39.903587,北京市金融街街道东太平街甲1号停车场,18301081505,汽车服务;充电站;充电站,011100,北京市,北京市,西城区,西单,[],充电站,西城区
B0FFMEDPRB,华商三优汽车充电站(西城区三里河路西侧20043充电扬招站),116.334397,39.927520,甘家口大厦停车场(甘家口地铁站A西北口步行370米),[],汽车服务;充电站;专用充电站,011103,北京市,北京市,西城区,展览路,[],充电站,西城区
B0G3ZRTF1S,华商三优汽车充电站(西城区展览馆路20208充电扬招站),116.344267,39.927367,展览馆路加油站北,[],汽车服务;充电站;专用充电站,011103,北京市,北京市,西城区,百万庄,[],充电站,西城区
B0FFMEDO6X,华商三优汽车充电站(西城区广安门内大街20017)出租车专用,116.354262,39.889075,"广安门内大街道路南侧,港中旅大厦门前",[],汽车服务;充电站;专用充电站,011103,北京市,北京市,西城区,白纸坊,[],充电站,西城区
B0FFMEDPRL,华商三优汽车充电站(西城区车公庄大街20002充电扬招站),116.353091,39.932586,"车公庄大街道路北侧,官园批发市场天桥下",4006556620,汽车服务;充电站;充电站,011100,北京市,北京市,西城区,官园,[],充电站,西城区
B0FFMEDO6W,华商三优汽车充电站(西城区阜外大街北侧20205充电扬招站),116.351958,39.923754,阜成门外大街7号阜成门外大街辅路-道路停车位,[],汽车服务;充电站;专用充电站,011103,北京市,北京市,西城区,官园,[],充电站,西城区
B0G3A1G99U,华商三优汽车充电站(西城区阜外大街北侧20206充电扬招站),116.346471,39.923579,"阜外大街道路北侧,万龙洲海鲜对面",[],汽车服务;充电站;专用充电站,011103,北京市,北京市,西城区,展览路,[],充电站,西城区
B0G0PYBP7Q,华商三优汽车充电站(阜外大街20207),116.336147,39.923280,"阜外大街道路北侧,万龙洲海鲜对面",4006556620,汽车服务;充电站;专用充电站,011103,北京市,北京市,西城区,展览路,[],充电站,西城区
B0L0JUGR90,博电电动车充电柜,116.363898,39.938440,前半壁街甲2号(新街口地铁站D西南口步行490米),[],汽车服务;充电站;充电站,011100,北京市,北京市,西城区,西直门,[],充电站,西城区
B0JKL750L2,卡丘汽车充电站(德胜合生财富广场),116.378537,39.958934,德胜门外大街13号院合生财富广场,[],汽车服务;充电站;充电站,011100,北京市,北京市,西城区,德胜门,[],充电站,西城区
B0L03RDYZZ,卡泰驰充电站(平安镇路口快充),116.359999,39.889999,报国寺东夹道与报国寺前街交叉口东南40米,[],汽车服务;充电站;充电站,011100,北京市,北京市,西城区,西便门,[],充电站,西城区
B0MBNCTFDA,卫莱电充电站(军颐中医医院西侧充电站),116.350725,39.875425,居委会军颐中医医院西侧,15801623192,汽车服务;充电站;充电站,011100,北京市,北京市,西城区,太平桥,[],充电站,西城区
B0MGXBXHEH,卫莱电汽车充电站(玉桃园一区西侧充电站),116.356430,39.942535,西直门北顺城街22号(西直门地铁站B东北口步行240米),13264444744,汽车服务;充电站;充电站,011100,北京市,北京市,西城区,西直门,[],充电站,西城区
B0MAXNJTWL,卫莱电汽车充电站(环境好无占位长城人寿大厦快充站),116.371510,39.946026,新街口北大街3号长城人寿大厦地下停车场B2层,17180082888,汽车服务;充电站;充电站,011100,北京市,北京市,西城区,积水潭,[],充电站,西城区
B0MB1HWLT0,国家电投充换电储能柜,116.334984,39.936437,西直门外南路19号(二里沟地铁站B口步行400米),[],汽车服务;充电站;充电站,011100,北京市,北京市,西城区,动物园,[],充电站,西城区
B0FFFX2295,国家电网充电站(北京市西城区景山西街),116.393660,39.927850,景山西街44号景山公园西门停车场,18601376118,汽车服务;充电站;充电站,011100,北京市,北京市,西城区,[],[],充电站,西城区
B0FFINHFSN,国家电网充电站(朗琴国际),116.342083,39.888452,广安门外大街168号朗琴国际B2层,[],汽车服务;充电站;充电站,011100,北京市,北京市,西城区,广外大街,[],充电站,西城区
B0JGC9PWDV,国家电网汽车充电站(北京市西城区中国科学技术交流中心有序),116.335716,39.910439,三里河东辅路与三里河路交叉口东北40米,[],汽车服务;充电站;充电站,011100,北京市,北京市,西城区,三里河,[],充电站,西城区
B0KUDN5MMF,国家电网汽车充电站(北京市西城区儿童医院公共充电站),116.355370,39.913230,北京儿童医院停车场,18601376118,汽车服务;充电站;充电站,011100,北京市,北京市,西城区,复兴门,[],充电站,西城区
B0MA97ASZ7,国家电网汽车充电站(北京市西城区儿童医院有序公共充电站),116.355095,39.913445,月坛街道北京儿童医院,18601376118,汽车服务;充电站;充电站,011100,北京市,北京市,西城区,月坛,[],充电站,西城区
B0FFJS7XTM,国家电网汽车充电站(北京市西城区北京基督教会瓦岗市堂充电站),116.373383,39.921258,北京基督教会公理会缸瓦市堂地面停车场,[],汽车服务;充电站;充电站,011100,北京市,北京市,西城区,西四,[],充电站,西城区
B0L24PMOVZ,国家电网汽车充电站(北京市西城区华滨国际大酒店公共充电站),116.376220,39.904415,华滨国际大酒店B4停车场(西单地铁站E西南口步行400米),18601376118,汽车服务;充电站;充电站,011100,北京市,北京市,西城区,西单,[],充电站,西城区
B0L1FUYQ3R,国家电网汽车充电站(北京市西城区华滨国际大酒店公共充电站),116.376220,39.904415,华滨国际大酒店B4停车场(西单地铁站J1西南口步行480米),18601376118,汽车服务;充电站;充电站,011100,北京市,北京市,西城区,西单,[],充电站,西城区
B0GR3OL4BW,国家电网汽车充电站(北京市西城区大栅栏北京坊B3停车场公共充电站),116.396702,39.898266,大栅栏煤市街东北角北京坊B3停车场,18601376118,汽车服务;充电站;充电站,011100,北京市,北京市,西城区,[],[],充电站,西城区
B0FFMB5XTW,国家电网汽车充电站(北京市西城区大栅栏北京坊B4停车场公共充电站),116.396702,39.898266,煤市街东北角北京坊地下停车场B4层东区052,18601376118,汽车服务;充电站;充电站,011100,北京市,北京市,西城区,大栅栏,[],充电站,西城区
B0IG1CH6VP,国家电网汽车充电站(北京市西城区天桥演艺中心B3停车场公共充电站),116.397980,39.882220,天桥市场斜街天桥演艺中心B3停车场,18601376118,汽车服务;充电站;充电站,011100,北京市,北京市,西城区,天桥,[],充电站,西城区
B0L2PKPS6O,国家电网汽车充电站(北京市西城区天桥艺术大厦公共充电站),116.398130,39.885254,天桥南大街1号天桥艺术大厦地上停车场,18601376118,汽车服务;充电站;充电站,011100,北京市,北京市,西城区,天桥,[],充电站,西城区
B0K1XK3BJK,国家电网汽车充电站(北京市西城区宣武医院公共充电站),116.360565,39.890250,广安门内街道首都医科大学宣武医院,18601376118,汽车服务;充电站;充电站,011100,北京市,北京市,西城区,广内大街,[],充电站,西城区
B0I26YHSNS,国家电网汽车充电站(北京市西城区山水宾馆公共充电站),116.371905,39.910358,金融街街道皮库胡同山水宾馆地面停车场,95598,汽车服务;充电站;充电站,011100,北京市,北京市,西城区,西单,[],充电站,西城区
B0L24KMZC3,国家电网汽车充电站(北京市西城区常青藤希尔顿酒店公共充电站),116.331650,39.879850,马连道东街2号北京丽泽商务区希尔顿欢朋酒店停车场,18601376118,汽车服务;充电站;充电站,011100,北京市,北京市,西城区,广安门,[],充电站,西城区
B0L1YDEAPM,国家电网汽车充电站(北京市西城区景山公园西门公共充电站),116.393773,39.926366,景山西街44号景山公园西门停车场内入口右侧,18601376118,汽车服务;充电站;充电站,011100,北京市,北京市,西城区,[],[],充电站,西城区
B0H3DRU3FP,国家电网汽车充电站(北京市西城区景山公园西门公共充电站SDK),116.393703,39.927904,景山西街景山公司西门北侧拐角地面停车场,[],汽车服务;充电站;充电站,011100,北京市,北京市,西城区,北海,[],充电站,西城区
B0L6NKO1PY,国家电网汽车充电站(北京市西城区海峡国际大厦B2停车场公共充电站),116.345968,39.911119,月坛街道海峡国际大厦,95598,汽车服务;充电站;充电站,011100,北京市,北京市,西城区,复兴门,[],充电站,西城区
B0FFHLV3BS,国家电网汽车充电站(北京市西城区白云观),116.342973,39.899665,白云观街与白云路交叉口东50米白云观地下停车场,18601376118,汽车服务;充电站;充电站,011100,北京市,北京市,西城区,复兴门,[],充电站,西城区
B0FFHJZ10D,国家电网汽车充电站(北京市西城区综合行政服务中心),116.359898,39.940876,西直门内大街275号西城区综合行政服务中心地面停车场内,18601376118,汽车服务;充电站;充电站,011100,北京市,北京市,西城区,西直门,[],充电站,西城区
B0FFH20U0C,国家电网汽车充电站(北京市西城区西单老佛爷),116.375509,39.914473,灵境胡同43号院地下B2停车场B038-B044号车位,18601376118,汽车服务;充电站;充电站,011100,北京市,北京市,西城区,西单,[],充电站,西城区
B0L24NMKXT,国家电网汽车充电站(北京市西城区通港大厦公共充电站),116.372820,39.913580,华远北街旁门2号(西单商场对面),18601376118,汽车服务;充电站;充电站,011100,北京市,北京市,西城区,西单,[],充电站,西城区
B0J6DKDBRB,国家电网汽车充电站(北京市西城区陶然亭街道新建里2号楼城市),116.378597,39.880265,陶然亭街道新建里5号楼地面停车场,18601376118,汽车服务;充电站;充电站,011100,北京市,北京市,西城区,天桥,[],充电站,西城区
B0L6XPUNLJ,国家电网汽车充电站(北京市西城区龙爪槐胡同小区公共充电站),116.375440,39.873894,陶然亭街道龙爪槐胡同小区,95598001,汽车服务;充电站;充电站,011100,北京市,北京市,西城区,右安门,[],充电站,西城区
B0FFFE80XA,国家电网汽车充电站(宣武供电所),116.380356,39.883366,南横东街附近道路停车位,[],汽车服务;充电站;充电站,011100,北京市,北京市,西城区,天桥,[],充电站,西城区
B0J02SL1L8,国家电网汽车充电站(西城金融购物中心),116.362101,39.915088,金城坊街2号金融购物中心地下车库B2层,[],汽车服务;充电站;充电站,011100,北京市,北京市,西城区,金融街,[],充电站,西城区
B0M66B8ZPQ,壳牌充电汽车充电站(壳牌充电北京西城中央电视台音像资料馆地面充电站),116.346756,39.905890,真武庙二条9号,4007160699,汽车服务;充电站;充电站,011100,北京市,北京市,西城区,月坛,[],充电站,西城区
B0M66B9CR3,壳牌充电汽车充电站(壳牌充电北京西城中电建建筑集团有限公司地面充电站),116.393110,39.952747,六铺炕南小街1号(鼓楼大街地铁站A2西北口步行450米),4007160699,汽车服务;充电站;专用充电站,011103,北京市,北京市,西城区,德胜门,[],充电站,西城区
B0M66B9RTI,壳牌充电汽车充电站(壳牌充电北京西城南露园地面充电站),116.342280,39.925728,展览馆路与扣钟胡同交叉口南侧北南露园社区内,4007160699,汽车服务;充电站;充电站,011100,北京市,北京市,西城区,百万庄,[],充电站,西城区
B0M66B8ZPT,壳牌充电汽车充电站(壳牌充电北京西城古代建筑博物馆地面充电站),116.396400,39.876865,东经路21号北京古代建筑博物馆北门,4007160699,汽车服务;充电站;充电站,011100,北京市,北京市,西城区,天桥,[],充电站,西城区
B0M66B8SB7,壳牌充电汽车充电站(壳牌充电北京西城真武家园地下充电站),116.349370,39.905056,真武家园(南礼士路地铁站D1西南口步行400米),4007160699,汽车服务;充电站;充电站,011100,北京市,北京市,西城区,月坛,[],充电站,西城区
B0M66B9CS2,壳牌充电汽车充电站(壳牌充电北京西城航天开元地面充电站),116.338650,39.917770,三里河北街1号,4007160699,汽车服务;充电站;专用充电站,011103,北京市,北京市,西城区,月坛,[],充电站,西城区
B0L16BPADE,壳牌充电超级充电站(壳牌充电北京西城万特国际地下超充站),116.371735,39.943584,新街口街道北大街57号B2停车场车位号1-24,4007160699,汽车服务;充电站;充电站,011100,北京市,北京市,西城区,积水潭,[],充电站,西城区
B0MAUZRRRV,大栅栏B19小蚂蚁充电站(电动自行车),116.397967,39.893281,大栅栏街道粮食店街红达悦宾馆对面,4000618678,生活服务;生活服务场所;生活服务场所,070000,北京市,北京市,西城区,珠市口,[],充电站,西城区
B0MAUZR6CJ,大栅栏万福巷15号自行车充电桩,116.390016,39.890471,万福巷15号,4000618678,汽车服务;充电站;充电站,011100,北京市,北京市,西城区,天桥,[],充电站,西城区
B0L3RKMLZI,安心出行-小哈换电站租电动车(远见国际公寓店),116.337427,39.889471,红居一巷与广安门外大街辅路交叉口西120米,[],汽车服务;充电站;充电站,011100,北京市,北京市,西城区,广外大街,[],充电站,西城区
B0HA99AJBS,宝马充电站(宝马站中纪委平安里),116.369515,39.931011,西四北八条与南兴胡同交叉口西100米,[],汽车服务;充电站;充电站,011100,北京市,北京市,西城区,官园,[],充电站,西城区
B0HDY9QZTU,宝马充电站(宝马站发改委),116.353396,39.873069,月坛南街38号,[],汽车服务;充电站;充电站,011100,北京市,北京市,西城区,右安门,[],充电站,西城区
B0L1VOBVSV,宝马充电站(宝马站金融街洲际酒店),116.351382,39.913674,月坛南街与南礼士路交叉口西140米,[],汽车服务;充电站;充电站,011100,北京市,北京市,西城区,月坛,[],充电站,西城区
B0FFIVN4SB,宝马充电站(药监局),116.356599,39.898206,莲花池东路辅路与复兴门南大街交叉口西南60米,[],汽车服务;充电站;充电站,011100,北京市,北京市,西城区,西便门,[],充电站,西城区
B0KBGH90NX,小朗充电汽车充电站(北京汉庭德胜门酒店充电站),116.386510,39.953830,六铺炕三区9号楼院3、5、6、9号楼,[],汽车服务;充电站;充电站,011100,北京市,北京市,西城区,黄寺,[],充电站,西城区
B0FFMEDLCY,小桔充电(中商大厦),116.344320,39.912630,"中商大厦停车场,大厦西侧",4000610999,汽车服务;充电站;充电站,011100,北京市,北京市,西城区,月坛,[],充电站,西城区
B0J26DN07B,小桔充电汽车充电站(BP快速充电站北京西城万特珠宝城)1条回复,116.371430,39.943680,新街口北大街57号万特珠宝B3层停车场,4000610999,汽车服务;充电站;充电站,011100,北京市,北京市,西城区,积水潭,[],充电站,北京市
B0J3YD6JAS,小桔充电汽车充电站(中石化龙禹首建金融中心),116.335094,39.937371,西直门外大街辅路与三里河路交叉口东160米,[],汽车服务;充电站;充电站,011100,北京市,北京市,西城区,展览路,[],充电站,西城区
B0J1NLFULW,小桔充电汽车充电站(北京市青年宫充电站)(暂停营业),116.359430,39.935574,北京市青年宫停车场(内部专用),4000610999,汽车服务;充电站;充电站,011100,北京市,北京市,西城区,西直门,[],充电站,西城区
B0J2UHWTK4,小桔充电汽车充电站(北京西城华睦大厦),116.324352,39.882678,兵团大厦西2门北80米,4000610999,汽车服务;充电站;充电站,011100,北京市,北京市,西城区,太平桥,[],充电站,西城区
B0JRF4MBAZ,小桔充电汽车充电站(北京西城宣武门酒店),116.375255,39.899322,椿树街道宣武门商务酒店地面停车场(宣武门地铁站C东南口步行140米),4000610999,汽车服务;充电站;充电站,011100,北京市,北京市,西城区,宣武门,[],充电站,西城区
B0KAVDC98X,小桔充电汽车充电站(北京西城富力摩根中心充电站),116.388309,39.880294,太平街6号富力摩根中心地下三层,[],汽车服务;充电站;充电站,011100,北京市,北京市,西城区,天桥,[],充电站,西城区
B0L1XDQATA,小桔充电汽车充电站(民族文化宫充电站),116.367838,39.907575,金融街街道民族饭店(东门)民族文化宫,4000610999,汽车服务;充电站;充电站,011100,北京市,北京市,西城区,西单,[],充电站,西城区
B0JUKG318K,小桔充电汽车充电站(燕莎盛世大厦),116.386961,39.969207,德胜街道裕中西里小区燕莎盛世大厦B1,[],汽车服务;充电站;充电站,011100,北京市,北京市,西城区,马甸,[],充电站,西城区
B0GU4LUIQJ,小绿人充电站(煤市街站),116.394433,39.893979,煤市街与施家胡同交叉口西20米,17718398398,生活服务;生活服务场所;生活服务场所,070000,北京市,北京市,西城区,珠市口,[],充电站,西城区
B0JBXLXIAV,小鹏超级充电站(小鹏S4超快充北京SOGO庄胜崇光百货广场站),116.376114,39.897614,椿树街道庄胜广场(入口香炉营头条路),4007836688,汽车服务;充电站;充电站,011100,北京市,北京市,西城区,宣武门,[],充电站,西城区
B0KK0U87BB,小麦电站汽车充电站(工商银行白纸坊支行-B1-A017),116.361130,39.877605,白纸坊西街3-2号-B1-A017,18613385139,汽车服务;充电站;充电站,011100,北京市,北京市,西城区,广安门,[],充电站,西城区
B0MDT7DRFX,巧克力换电站(西城红莲南路站),116.333604,39.876310,北京城区红莲大厦,4000152025,汽车服务;充电站;充电站,011100,北京市,北京市,西城区,广安门,[],充电站,西城区
B0K19PMXOM,广汽能源汽车充电站(广汽昊铂北京广州大厦超充站),116.376320,39.911400,西长安街街道横二条9号广州大厦地面停车场,4006665330,汽车服务;充电站;充电站,011100,北京市,北京市,西城区,西单,[],充电站,西城区
B0J04KVC7R,广汽能源汽车充电站(广汽昊铂北京西单更新场超充站),116.374816,39.908837,西单北大街180号西单更新场地下停车场B3层(114-119车位),4006665330,汽车服务;充电站;充电站,011100,北京市,北京市,西城区,西单,[],充电站,西城区
B0HK9158L4,广汽能源超级充电站(北京博雅国际中心),116.324291,39.884285,马连道南街6号院停车位,[],汽车服务;充电站;充电站,011100,北京市,北京市,西城区,太平桥,[],充电站,西城区
B0J0CY7KES,开迈斯汽车充电站(北京市西城区朗琴国际站),116.342050,39.888053,广安门外大街168号朗琴国际B2层,4006657666,汽车服务;充电站;充电站,011100,北京市,北京市,西城区,红莲,[],充电站,西城区
B0L0GR3UN3,开迈斯汽车充电站(北京市西西友谊商场站),116.372514,39.913760,金融街街道西西友谊写字楼辟才胡同与华远北街交叉口南侧55米,4006657666,汽车服务;充电站;充电站,011100,北京市,北京市,西城区,西单,[],充电站,西城区
B0MUUZWGCJ,德仕安汽车充电站(电科院华亨院区),116.348430,39.880780,广安门外街道广安门南滨河路33号,13121187410,汽车服务;充电站;专用充电站,011103,北京市,北京市,西城区,广安门,[],充电站,西城区
B0MGXMWZXB,成铭大厦充电站,116.356839,39.939669,西直门桥与西直门南大街交叉口东80米,[],汽车服务;充电站;充电站,011100,北京市,北京市,西城区,西直门,[],充电站,西城区
B0MDUL1KR1,捷顺充充电站(厦门英蓝国际金融中心充电站),116.357800,39.920662,王府仓胡同与王府仓北街交叉口西南80米,[],汽车服务;充电站;充电站,011100,北京市,北京市,西城区,金融街,[],充电站,西城区
B0LB1U43QW,新电途充电站(佟麟阁路),116.368058,39.903588,佟麟阁路与东太平街交叉口西北40米,[],汽车服务;充电站;充电站,011100,北京市,北京市,西城区,西单,[],充电站,西城区
B0MBBMVFW9,新电途充电站(广安门南街扬招站充电桩),116.350575,39.875425,广安门南街与南菜园西头条交叉口东南20米,[],汽车服务;充电站;充电站,011100,北京市,北京市,西城区,白纸坊,[],充电站,西城区
B0MUMKSW2H,新电途汽车充电站(能+超充阜成门万通金融中心超充站),116.354879,39.923199,阜成门外大街辅路与阜成门南大街交叉口西南60米,[],汽车服务;充电站;充电站,011100,北京市,北京市,西城区,月坛,[],充电站,西城区
B0MBFS4UBR,昆仑网电充电站(北师大附属实验中学),116.368175,39.910925,皮库胡同与华远西街交叉口西60米,[],汽车服务;充电站;充电站,011100,北京市,北京市,西城区,西单,[],充电站,西城区
B0L0YZ6393,昆仑网电充电站(外经贸大厦),116.346807,39.922654,"阜城门外大街22号,北门下地库,直行出地库后左边到达",[],汽车服务;充电站;充电站,011100,北京市,北京市,西城区,展览路,[],充电站,西城区
B0J02P6LK0,昆仑网电汽车充电站(中国印刷有限公司充电站),116.349700,39.931374,车公庄大街乙5号鸿儒大厦马路对面钢构停车楼,956100,汽车服务;充电站;充电站,011100,北京市,北京市,西城区,展览路,[],充电站,西城区
B0M6VPI8KH,星星充电充电站(恒源快充-黑通路口),116.382525,39.947125,鼓楼西大街与后海夹道交叉口西北40米,[],汽车服务;充电站;充电站,011100,北京市,北京市,西城区,德胜门,[],充电站,西城区
B0I2HC4Z3I,星星充电汽车充电站(下线华远企业中心充电站),116.349131,39.942438,北展北街5号楼华远企业中心地下停车场B3层D1区6090,4008280768,汽车服务;充电站;充电站,011100,北京市,北京市,西城区,动物园,[],充电站,西城区
B0I6R7T57C,星星充电汽车充电站(不对外开放星星充电北京西城区-月坛中心7号),116.353784,39.914308,月坛南街1号院1号楼,4008280768,汽车服务;充电站;专用充电站,011103,北京市,北京市,西城区,月坛,[],充电站,西城区
B0FFGSJGX9,星星充电汽车充电站(内部专用丰台-常青藤嘉园),116.332628,39.880210,马连道东街甲2号院常青藤嘉园地面停车场,[],汽车服务;充电站;充电站,011100,北京市,北京市,西城区,红莲,[],充电站,西城区
B0L2CZHAGZ,星星充电汽车充电站(内部专用星星充电-西城-德胜凯旋充电站),116.380350,39.955994,德胜门外大街36号,4008280768,汽车服务;充电站;充电站,011100,北京市,北京市,西城区,德胜门,[],充电站,西城区
B0JDLKQOJ4,星星充电汽车充电站(内部专用星星充电-西城-核安全医学所充电站),116.373740,39.957360,德外新康街2号,4008280768,汽车服务;充电站;专用充电站,011103,北京市,北京市,西城区,德胜门,[],充电站,西城区
B0LAX15SGZ,星星充电汽车充电站(卓著中心大厦充电站),116.361840,39.918100,武定侯街6号,010-59315088,汽车服务;充电站;充电站,011100,北京市,北京市,西城区,金融街,[],充电站,西城区
B0I0SDF51J,星星充电汽车充电站(广源小区西区外南停车场1广安门)(内部专用),116.334074,39.890936,广安门外大街广源小区西区外南地面停车场,4008280768,汽车服务;充电站;专用充电站,011103,北京市,北京市,西城区,广安门,[],充电站,西城区
B0L04SX1O6,星星充电汽车充电站(星星充电-建行柳州分行八一支行慢充站),116.368324,39.915085,中国建设银行(柳州八一支行),13978219886,汽车服务;充电站;充电站,011100,北京市,北京市,西城区,西单,[],充电站,西城区
B0I6R7T57U,星星充电汽车充电站(星星充电-西城-凯晨大厦充电站),116.364710,39.906124,金融街街道凯晨世贸中心,4008280768,汽车服务;充电站;充电站,011100,北京市,北京市,西城区,西单,[],充电站,西城区
B0FFHN1XTK,星星充电汽车充电站(星星充电-西城-和平门小区),116.381820,39.902504,西长安街街道新壁街6号院和平门小区,4008280768,汽车服务;充电站;充电站,011100,北京市,北京市,西城区,宣武门,[],充电站,西城区
B0KRD5MZAI,星星充电汽车充电站(星星充电-西城民族事务委员会内部专用),116.360290,39.902374,太平湖东里1号,4008280768,汽车服务;充电站;充电站,011100,北京市,北京市,西城区,西便门,[],充电站,西城区
B0FFIRVW3L,星星充电站(首特四区停车场),116.333778,39.890871,广安门外大街广源小区西区外南停车场,[],汽车服务;充电站;充电站,011100,北京市,北京市,西城区,广安门,[],充电站,西城区
B0FFJ4QI6Q,普天新能源充电站(普天站国资委西便门),116.355897,39.897371,宣武门西大街26号院停车场,[],汽车服务;充电站;充电站,011100,北京市,北京市,西城区,西便门,[],充电站,西城区
B0MGYH5RKU,有盾充电,116.377321,39.917997,西黄城根南街31号,[],汽车服务;充电站;充电站,011100,北京市,北京市,西城区,西单,[],充电站,西城区
B0J1G7E6H3,极氪能源汽车充电站(北京华睦大厦超充站),116.324363,39.882705,马连道南街6号华睦大厦地下停车场负二层001-006号车位,4000036036,汽车服务;充电站;充电站,011100,北京市,北京市,西城区,广安门,[],充电站,西城区
B0KBLC2RET,极狐-金隅大厦汽车充电站快充站,116.360245,39.900561,长椿街地铁站A1西北口步行460米,[],汽车服务;充电站;充电站,011100,北京市,北京市,西城区,西便门,[],充电站,西城区
B0JU5CFWX1,极狐汽车充电站(西单更新场快充站),116.375369,39.908265,西长安街街道西单北大街180号西单更新场地下停车场,4000008899,汽车服务;充电站;充电站,011100,北京市,北京市,西城区,西单,[],充电站,西城区
B0K6A4DEGA,极狐汽车充电站(金隅大厦),116.359437,39.900065,西便门桥与宣武门西大街辅路交叉口西北100米,[],汽车服务;充电站;充电站,011100,北京市,北京市,西城区,复兴门,[],充电站,西城区
B0J0T4OLU5,极狐汽车充电站(锦什坊),116.361943,39.920327,锦什坊街35号地下停车场,4000008899,汽车服务;充电站;充电站,011100,北京市,北京市,西城区,金融街,[],充电站,西城区
B0KG35G5TE,汽车充电站(卡丘新能源红莲中里站),116.333101,39.881590,红莲中里,[],汽车服务;充电站;充电站,011100,北京市,北京市,西城区,红莲,[],充电站,西城区
B0MUK7YM87,汽车充电站(扬招站西城区三里河东路20040优易充小站),116.344954,39.912659,三里河东路19号,4006556620,汽车服务;充电站;充电站,011100,北京市,北京市,西城区,月坛,[],充电站,西城区
B0MU5USI6C,汽车充电站(扬招站西城区三里河路东侧20042优易充小站),116.334390,39.927710,三里河路甲36号(甘家口地铁站A西北口步行390米),4006556620,汽车服务;充电站;充电站,011100,北京市,北京市,西城区,百万庄,[],充电站,西城区
B0MUBH64T9,汽车充电站(扬招站西城区展览馆路20208优易充小站),116.344330,39.927273,展览馆路加油站北,4006556620,汽车服务;充电站;充电站,011100,北京市,北京市,西城区,三里河,[],充电站,西城区
B0MU744GXV,汽车充电站(扬招站西城区广安门内大街20017优易充小站),116.354560,39.889070,"广安门内大街道路南侧,港中旅大厦门前",4006556620,汽车服务;充电站;充电站,011100,北京市,北京市,西城区,广内大街,[],充电站,西城区
B0MUHSNIEG,汽车充电站(扬招站西城区车公庄大街20002优易充小站),116.353002,39.932772,"车公庄大街道路北侧,官园批发市场天桥下",4006556620,汽车服务;充电站;充电站,011100,北京市,北京市,西城区,官园,[],充电站,西城区
B0MUURYB5Y,汽车充电站(扬招站西城区阜外大街北侧20205优易充小站),116.351770,39.923744,"阜外大街道路北侧,中复电讯门前",4006556620,汽车服务;充电站;充电站,011100,北京市,北京市,西城区,三里河,[],充电站,西城区
B0MU7H53RA,汽车充电站(扬招站西城区阜外大街北侧20206优易充小站),116.336200,39.923164,阜成门外大街45号院(甘家口地铁站C东南口步行240米),4006556620,汽车服务;充电站;充电站,011100,北京市,北京市,西城区,展览路,[],充电站,西城区
B0MUTSKUX1,汽车充电站(扬招站西城区阜外大街北侧20207优易充小站),116.346390,39.924050,北礼士路,4006556620,汽车服务;充电站;充电站,011100,北京市,北京市,西城区,展览路,[],充电站,西城区
B0L2GSS95G,汽车充电站(昊铂北京西单更新场站),116.375621,39.908075,西单北大街180号(西单地铁站B北口步行170米),[],汽车服务;充电站;充电站,011100,北京市,北京市,西城区,西单,[],充电站,西城区
B0FFIMVD9D,汽车充电站(特斯拉超级充电站北京燕京饭店),116.341902,39.908024,复兴门外大街19号北京燕京饭店B3层停车场,[],汽车服务;充电站;充电站,011100,北京市,北京市,西城区,三里河,[],充电站,西城区
B0LKMS6NED,汽车充电站(超充站汐歌儿西四南大街优易充小站),116.373370,39.920700,金融街街道西四南大街67号(西四地铁站D西南口步行300米),[],汽车服务;充电站;充电站,011100,北京市,北京市,西城区,西四,[],充电站,北京市
B0L2C5HJY5,汽车充电站(阿O充电金融街购物中心站),116.361300,39.915812,金城坊街3-2号B3层,[],汽车服务;充电站;充电站,011100,北京市,北京市,西城区,金融街,[],充电站,西城区
B0FFHUF1EV,汽车充电站(马连道路),116.326423,39.882187,广安门外街道肯德基(马连道西宸里店)北京马连道茶城,4000610999,汽车服务;充电站;充电站,011100,北京市,北京市,西城区,广安门,[],充电站,西城区
B0K25PUNEI,汽车充电站小桔充电北京西城广益大厦站(内部专用),116.355677,39.890745,广益大厦停车场(广安门内地铁站A西北口步行240米),[],汽车服务;充电站;专用充电站,011103,北京市,北京市,西城区,西便门,[],充电站,西城区
B0MGRHJUW3,沁水县中小企业创业投资有限公司超级充电站(国华村),116.350000,39.930000,龙港镇国华村,[],汽车服务;充电站;充电站,011100,北京市,北京市,西城区,官园,[],充电站,西城区
B0L0Z6DF8I,润诚达充电站(中国地质科学院总部六口电单车),116.337475,39.927975,百万庄南街与百万庄大街交叉口东南20米,[],汽车服务;充电站;充电站,011100,北京市,北京市,西城区,三里河,[],充电站,西城区
B0LRKLK052,深圳车电网充电站(中海国际中心站),116.357140,39.931088,新街口街道北礼士路135号中海国际中心地下停车场,[],汽车服务;充电站;充电站,011100,北京市,北京市,西城区,官园,[],充电站,西城区
B0K0O6F1UP,添依能源目的地充电站(小红庙14号楼),116.336810,39.880810,小红庙小区南地面停车场(红莲南路地铁站B东北口步行280米),4000696585,汽车服务;充电站;充电站,011100,北京市,北京市,西城区,红莲,[],充电站,西城区
B0MDUL0ZJC,滴滴充电充电站(京西速电交流站·月坛街道办事处),116.352310,39.914696,月坛街道南礼士路20号月坛南街7号院,4000610999,汽车服务;充电站;充电站,011100,北京市,北京市,西城区,月坛,[],充电站,西城区
B0MDX911M4,滴滴充电充电站(静态红莲大厦快充站),116.333174,39.875767,广安门外街道马连道欣园东路红莲大厦停车场西南角,4000610999,汽车服务;充电站;充电站,011100,北京市,北京市,西城区,广安门,[],充电站,西城区
B0MR75W4YS,滴滴充电汽车充电站(BP快速充电站北京西城华睦大厦),116.324569,39.882990,广安门外街道茶源路兵团大厦,4000610999,汽车服务;充电站;充电站,011100,北京市,北京市,西城区,太平桥,[],充电站,西城区
B0J10GDXPU,滴滴充电汽车充电站(中石化龙禹首建金融中心充电站),116.335090,39.937370,展览路街道西直门外大街140号首建金融中心北门,4000610999,汽车服务;充电站;充电站,011100,北京市,北京市,西城区,展览路,[],充电站,西城区
B0M6XKNB5W,滴滴充电汽车充电站(燕莎盛世大厦充电站),116.386920,39.969494,德胜街道裕中西里小区燕莎盛世大厦B1,4000610999,汽车服务;充电站;充电站,011100,北京市,北京市,西城区,马甸,[],充电站,西城区
B0FFKEED56,牛快充汽车充电站(疫情暂不对外西便门外大街10号院快充站),116.354050,39.902676,真武庙路四条与西便门外大街交叉口东120米,[],汽车服务;充电站;专用充电站,011103,北京市,北京市,西城区,西便门,[],充电站,西城区
B0HAX9OWCZ,特斯拉超级充电站(北京君太百货),116.373446,39.909440,西单北大街133号君太百货B2层B08-B16/入口民丰胡同,[],汽车服务;充电站;充电站,011100,北京市,北京市,西城区,西单,[],充电站,西城区
B0FFFGLONK,特斯拉超级充电站(北京天安天地大厦地下),116.376178,39.903419,油坊胡同(宣武门地铁站F东北口步行270米),4009100707,汽车服务;充电站;充电站,011100,北京市,北京市,西城区,西单,[],充电站,西城区
B0JKUHEO6M,特斯拉超级充电站(北京金融街购物中心),116.361070,39.916190,金城坊街2号金融街购物中心B3层F3区655-662车位/入口金城坊东街,4009100707,汽车服务;充电站;充电站,011100,北京市,北京市,西城区,金融街,[],充电站,西城区
B0J2472STO,特斯拉超级充电站(北京阳光大厦),116.346050,39.938026,西直门外大街112-3号地下B2层/入口西直门外南路,[],汽车服务;充电站;专用充电站,011103,北京市,北京市,西城区,展览路,[],充电站,西城区
B0KUP7BFPY,特来电汽车充电站(特来电北京中海国际中心充电站),116.358712,39.931722,新街口街道西直门南小街129号楼新时代大厦地下停车场B2,4001300001,汽车服务;充电站;充电站,011100,北京市,北京市,西城区,官园,[],充电站,西城区
B0I6YDT181,特来电汽车充电站(特来电北京华润建工南里充电站),116.352741,39.877053,白纸坊西街54号白纸坊中里10号,4001300001,汽车服务;充电站;充电站,011100,北京市,北京市,西城区,右安门,[],充电站,西城区
B0J377T70N,特来电汽车充电站(特来电北京西单更新场二期充电站),116.375029,39.908729,西长安街街道西单北大街180号西单更新场地下停车场B3层,[],汽车服务;充电站;充电站,011100,北京市,北京市,西城区,西单,[],充电站,西城区
B0FFH1CCXF,特来电目的地充电站(北京粤财JW万豪酒店充电站),116.375660,39.895527,宣武门外大街18号北京粤财JW万豪酒店B3停车场,[],汽车服务;充电站;充电站,011100,北京市,北京市,西城区,宣武门,[],充电站,西城区
B0JDCHS5TO,特瓦特超级充电站(中基大厦)(暂停营业),116.324991,39.877633,马连道路25号中基大厦北侧地面停车场,13911087622,汽车服务;充电站;充电站,011100,北京市,北京市,西城区,广安门,[],充电站,西城区
B0FFHGN8WY,知豆汽车充电站(中廊下胡同),116.362228,39.927434,中廊下胡同与东廊下胡同交叉口西北80米,[],汽车服务;充电站;充电站,011100,北京市,北京市,西城区,官园,[],充电站,西城区
B0L2B7LWYW,聚电充电站(金茂大厦地下站),116.348748,39.938782,桃柳园西巷与北礼士路西四条交叉口东北60米,[],汽车服务;充电站;充电站,011100,北京市,北京市,西城区,展览路,[],充电站,西城区
B0L2MNWYQU,能加超充超级充电站(西直门宾馆超充站·华为超充技术支持),116.361435,39.940270,西直门宾馆,4001100835,汽车服务;充电站;充电站,011100,北京市,北京市,西城区,西直门,[],充电站,西城区
B0L1CH5SWH,能加超充超级充电站(阜成门万通金融中心超充站·华为超充技术支持),116.354916,39.923080,万通金融中心(阜成门地铁站D西南口旁),4001100835,汽车服务;充电站;充电站,011100,北京市,北京市,西城区,月坛,[],充电站,西城区
B0LKRR6KVZ,能效邻里共享汽车充电站(20KW社区共享充电桩),116.353370,39.885290,牛街街道南仙阁街37号院1号楼底商,18611680551,汽车服务;充电站;充电站,011100,北京市,北京市,西城区,白纸坊,[],充电站,西城区
B0MA3O0DHW,能效邻里共享汽车充电站(清芷园恩辉的小区共享场站),116.371470,39.872100,3号库1009,18513151313,汽车服务;充电站;充电站,011100,北京市,北京市,西城区,白纸坊,[],充电站,西城区
B0I0KL3AGA,蔚景云汽车充电站(北京外交学院地上充电站S),116.345685,39.926046,展览路街道外交学院法律救助中心外交学院展览路校区,4006803880,汽车服务;充电站;充电站,011100,北京市,北京市,西城区,展览路,[],充电站,西城区
B0M6KZBWQC,蔚景云汽车充电站(国电投大厦充电站),116.383460,39.969276,德胜街道首创·北环国际中心国家电投大厦,4006803880,汽车服务;充电站;充电站,011100,北京市,北京市,西城区,马甸,[],充电站,西城区
B0L6CK37XL,蔚景云汽车充电站(教育部机关服务中心),116.369319,39.911894,金融街街道大木仓胡同大木仓胡同35号院西区,4006803880,汽车服务;充电站;充电站,011100,北京市,北京市,西城区,西单,[],充电站,西城区
B0M69S9XSO,蔚景云汽车充电站(避风港北京地质灾害研究所汽车慢充站),116.385390,39.962290,德胜街道北京市生态地质研究所办公楼黄寺大街24号院,4006803880,汽车服务;充电站;充电站,011100,北京市,北京市,西城区,马甸,[],充电站,西城区
B0JB1UBVZ7,蔚来能源汽车充电站(北京英蓝大厦),116.357820,39.920635,金融大街7号英蓝国际金融中心地下停车场,[],汽车服务;充电站;充电站,011100,北京市,北京市,西城区,金融街,[],充电站,西城区
B0FFHWBYWR,蔚来能源汽车充电站(蔚来超充站北京泰和大厦),116.383111,39.888925,骡马市大街8号泰和国际大厦B2(虎坊桥地铁站D西南口旁),4000826699,汽车服务;充电站;充电站,011100,北京市,北京市,西城区,天桥,[],充电站,西城区
B0LBF1TI9I,逸安启超级充电站(北京金融街购物中心),116.361115,39.915768,金城坊街2号B3层F区(车位编号630-633),4000010780,汽车服务;充电站;充电站,011100,北京市,北京市,西城区,金融街,[],充电站,西城区
B0G2G9Q6DP,阜成门外大街42号院电动汽车充电站,116.335364,39.922115,阜成门外大街42号院(甘家口地铁站C东南口旁),[],汽车服务;充电站;充电站,011100,北京市,北京市,西城区,三里河,[],充电站,西城区
B0G0OAT4P2,隆瑞三优南菜园10路汽车充电站,116.352640,39.877871,白纸坊西街与建功一巷交叉口东40米,[],汽车服务;充电站;充电站,011100,北京市,北京市,西城区,白纸坊,[],充电站,西城区
B0MUVZVGH4,隆瑞三优汽车充电站(北京市西城区永安路121号天桥营业部瑞智充小站Y),116.393810,39.886883,永安路121号,[],汽车服务;充电站;专用充电站,011103,北京市,北京市,西城区,珠市口,[],充电站,西城区
B0KUNPJDBY,驴充充汽车充电站(秋果酒店北京复兴门中央音乐学院店),116.340990,39.892862,莲花池东路丙1号秋果酒店,0797-966991,汽车服务;充电站;充电站,011100,北京市,北京市,西城区,广外大街,[],充电站,西城区
B0K2RPEKWO,驴充充汽车充电站(西外文化休闲广场地下停车场),116.345390,39.937870,展览路街道西直门外大街116号西外文化休闲广场地下停车场,0797-966991,汽车服务;充电站;充电站,011100,北京市,北京市,西城区,动物园,[],充电站,西城区
B0MGCHEO7S,驿充电充电站(北京中国科学院充电站),116.335975,39.911125,三里河东辅路与三里河南横街交叉口东南100米,[],汽车服务;充电站;充电站,011100,北京市,北京市,西城区,三里河,[],充电站,西城区
B0M625WBHQ,驿充电充电站(北京国家统计局东区充电站),116.342025,39.914075,月坛南街与三里河北二巷交叉口西20米,[],汽车服务;充电站;充电站,011100,北京市,北京市,西城区,月坛,[],充电站,西城区
B0JK0BPYRB,驿充电充电站(国谊宾馆),116.338997,39.934630,文兴东街与文兴街交叉口南140米,[],汽车服务;充电站;充电站,011100,北京市,北京市,西城区,展览路,[],充电站,西城区
B0MAT9WRR9,驿充电充电站(枣林前街充电站),116.350475,39.877275,广安门南街与白纸坊西街交叉口南40米,[],汽车服务;充电站;充电站,011100,北京市,北京市,西城区,白纸坊,[],充电站,西城区
B0JR368G35,驿充电汽车充电站(北京市泰和国际大厦充电站),116.382485,39.888607,骡马市大街8号地下车库(虎坊桥地铁站D西南口旁),4008129338,汽车服务;充电站;充电站,011100,北京市,北京市,西城区,天桥,[],充电站,西城区
B0FFLJ3ORC,驿联新能源汽车充电站(北京国谊宾馆),116.338997,39.934630,文兴东街一号,[],汽车服务;充电站;充电站,011100,北京市,北京市,西城区,西直门,[],充电站,西城区
B0FFL35FSY,高陆通充电站(大唐集团公司B1 B3停车场店)(暂停营业),116.373110,39.887791,牛街街道烂缦胡同信托大厦地下停车场,4006760301,汽车服务;充电站;充电站,011100,北京市,北京市,西城区,宣武门,[],充电站,西城区
B0GUUD1E8E,高陆通充电站(成铭大厦),116.356692,39.939822,西直门南大街2号成铭大厦B4,4006760301,汽车服务;充电站;充电站,011100,北京市,北京市,西城区,西直门,[],充电站,西城区
B0FFI6RGDC,CHARGING汽车充电站(通州比亚迪华鹏4S店),116.696309,39.866341,比亚迪北方瑞鹏4S店停车场,4000306666,汽车服务;充电站;充电站,011100,北京市,北京市,通州区,张家湾,[],充电站,通州区
B0KKML8JI1,万城万充汽车充电站(九棵树西路充电站),116.641916,39.875573,北京市九棵树西路164号,4008083392,汽车服务;充电站;充电站,011100,北京市,北京市,通州区,梨园,[],充电站,通州区
B0K6VBS203,中国石化汽车充电站(中国石化京教充电站),116.686991,39.931417,潞邑街道潞苑南里1号院中国石化京教加油站,95105888,汽车服务;充电站;充电站,011100,北京市,北京市,通州区,珠江,[],充电站,通州区
B0LRPBQAP2,中国石化汽车充电站(中国石化腾达充电站),116.610782,39.849303,北京市通州区通马路205号,15201200795,汽车服务;充电站;充电站,011100,北京市,北京市,通州区,[],[],充电站,通州区
B0LUTB4XSL,中国石化汽车充电站(中国石化通州草寺充电站),116.677853,39.986966,宋庄镇通顺路悦邻商厦地面停车场,95105888,汽车服务;充电站;充电站,011100,北京市,北京市,通州区,[],[],充电站,通州区
B0JKFSX7SB,中国石化汽车充电站(云景东路贵友充电站),116.665097,39.879354,九棵树街道云景东路园景西区停车场入口,95105888,汽车服务;充电站;充电站,011100,北京市,北京市,通州区,九棵树,[],充电站,北京市
B0K2BB5CVH,中国石化汽车充电站(兴华嘉园充电站),116.552190,39.752630,马驹桥镇兴华南街325号(兴华嘉园西门),95105888,汽车服务;充电站;充电站,011100,北京市,北京市,通州区,马驹桥,[],充电站,北京市
B0KUGBFOZ6,中国石化汽车充电站(晟馨园充电站),116.699380,39.795770,张家湾镇北大化118号晟馨园,95105888,汽车服务;充电站;充电站,011100,北京市,北京市,通州区,[],[],充电站,通州区
B0J016X9KQ,中国石化汽车充电站(果园环岛充电站),116.650756,39.892845,北苑南路52号楼底商停车场(果园村西牌楼旁),95105888,汽车服务;充电站;充电站,011100,北京市,北京市,通州区,通州西门,[],充电站,北京市
B0KUDB03QQ,中国石化汽车充电站(祥和乐园充电站),116.702286,39.838310,张家湾镇祥和乐园格林豪泰酒店西侧院内停车场,95105888,汽车服务;充电站;充电站,011100,北京市,北京市,通州区,张家湾,[],充电站,通州区
B0JKFU2GUS,中国石化汽车充电站(顺兴充电站),116.672140,39.968822,宋庄镇中国石化通州顺兴加油站,95105888,汽车服务;充电站;充电站,011100,北京市,北京市,通州区,[],[],充电站,通州区
B0JKGSUZKF,中国石油北京通州政务中心P4汽车充电站,116.736440,39.898080,行政办公区4号地面临时停车场,[],汽车服务;充电站;充电站,011100,北京市,北京市,通州区,潞城,[],充电站,通州区
B0KB4U1PYE,中胜智充汽车充电站(向日葵广场),116.703318,39.938204,"北京市六合桥西侧100米,向日葵广场北停车场",15811259993;4000826699,汽车服务;充电站;充电站,011100,北京市,北京市,通州区,[],[],充电站,通州区
B0JUJURZQ8,中胜智充汽车充电站(运河明珠家园),116.690798,39.901645,玉带河大街2号地面停车场(北运河西地铁站B东北口步行140米),15811259993,汽车服务;充电站;充电站,011100,北京市,北京市,通州区,乔庄,[],充电站,通州区
B0J1VH8FSC,久华恒源超级充电站(通州区站),116.581270,39.817432,站前街南三街IV-1街区停车场东南角,18811311105,汽车服务;充电站;充电站,011100,北京市,北京市,通州区,[],[],充电站,通州区
B0JD4KD2ER,云快充(互联接入)汽车充电站(漷马天乐电站),116.594860,39.741230,亦庄马驹桥镇史村80号,4008288517,汽车服务;充电站;充电站,011100,北京市,北京市,通州区,[],[],充电站,通州区
B0JKRLYC0O,云快充汽车充电站(于家务电动汽车充电站),116.703440,39.684740,格林豪泰(北京于家务科技园店)地面停车点,4008288517,汽车服务;充电站;充电站,011100,北京市,北京市,通州区,[],[],充电站,通州区
B0JRLZ755U,云快充汽车充电站(北京市通州区宋庄镇北寺村),116.742378,39.970570,宋庄镇北寺村50号,[],汽车服务;充电站;充电站,011100,北京市,北京市,通州区,[],[],充电站,通州区
B0LAZX1CWL,云快充汽车充电站(双埠头村北边小公园充电桩),116.690022,39.967731,宋庄镇双埠头村小公园,4008288517,汽车服务;充电站;充电站,011100,北京市,北京市,通州区,[],[],充电站,通州区
B0L3GYHGM4,云快充汽车充电站(后尖平快充站),116.873990,39.730440,后尖平村,4008288517,汽车服务;充电站;充电站,011100,北京市,北京市,通州区,[],[],充电站,通州区
B0KKPR991P,云快充汽车充电站(向日葵广场站),116.702735,39.937776,向日葵广场,4008288517,汽车服务;充电站;充电站,011100,北京市,北京市,通州区,[],[],充电站,通州区
B0L0A6A8JL,云快充汽车充电站(星悦国际地下停车场4号楼北侧200车位),116.581502,39.763619,星悦国际4号楼北侧地下车位200车位,4008288517,汽车服务;充电站;充电站,011100,北京市,北京市,通州区,马驹桥,[],充电站,通州区
B0JD2LTUYK,云快充汽车充电站(潞能超充徐双路站),116.689457,39.980500,徐双路,4008288517,汽车服务;充电站;充电站,011100,北京市,北京市,通州区,[],[],充电站,通州区
B0JK2L0V16,云快充汽车充电站(电光侠超级充电站),116.730007,39.687865,于家务回族乡张凤路艾立康仓储,4008288517,汽车服务;充电站;充电站,011100,北京市,北京市,通州区,[],[],充电站,通州区
B0J2DLYR4D,云快充汽车充电站(通州郝家府充电站),116.715181,39.903887,涌翠西路与通源街交叉口东南120米,4008288517,汽车服务;充电站;充电站,011100,北京市,北京市,通州区,潞城,[],充电站,通州区
B0L6KR8POI,云快充超级充电站(中诚智行大杜社村充电站),116.651840,39.750534,大杜社卫生院东南门西70米,13313169235,汽车服务;充电站;充电站,011100,北京市,北京市,通州区,[],[],充电站,通州区
B0M6D574L6,云快充超级充电站(及时语超快充电站),116.619940,39.757195,马驹桥镇南小营村东口,13811183782;4008288517,汽车服务;充电站;充电站,011100,北京市,北京市,通州区,[],[],充电站,通州区
B0L3N4DC2U,云快充超级充电站(来通电重卡货车综合充电站),116.681300,39.975155,宋庄镇双埠头村工业园区西场地,4008288517,汽车服务;充电站;充电站,011100,北京市,北京市,通州区,[],[],充电站,通州区
B0LUCKV2VL,云快充超级充电站(永乐停车区充电站进京方向),116.813641,39.643144,永乐停车区,4008288517,汽车服务;充电站;充电站,011100,北京市,北京市,通州区,[],[],充电站,通州区
B0L1LBE70H,云快充超级充电站(首环西集服务区北区站),116.895310,39.780514,西集停车区,4008288517,汽车服务;充电站;充电站,011100,北京市,北京市,通州区,[],[],充电站,通州区
B0L1LBDCBW,云快充超级充电站(首环西集服务区南区站),116.894960,39.779100,西集停车区,4008288517,汽车服务;充电站;充电站,011100,北京市,北京市,通州区,[],[],充电站,通州区
B0IDMSV2LX,凯工大厦超级汽车充电站,116.570170,39.782373,通州区经济技术开发区经海五路77号院1号楼国恒集团地面停车场A092,15210142383,汽车服务;充电站;充电站,011100,北京市,北京市,通州区,[],[],充电站,通州区
B0JR949UKU,华商三优汽车充电站(台湖公园),116.638151,39.825417,台湖公园地面停车场,[],汽车服务;充电站;充电站,011100,北京市,北京市,通州区,[],[],充电站,通州区
B0FFHXNDWT,国家电网充电站(西集沙古堆小学),116.798085,39.819226,西集镇沙古堆远东加油站南侧,[],汽车服务;充电站;充电站,011100,北京市,北京市,通州区,[],[],充电站,通州区
B0FFHXQBFF,国家电网汽车充电站,116.597165,39.803260,次渠大街国家电网营业厅(次渠中学东侧),18601376118,汽车服务;充电站;充电站,011100,北京市,北京市,通州区,[],[],充电站,北京市
B0J259M6XD,国家电网汽车充电站,116.561397,39.766075,兴贸北街6号,18601376118,汽车服务;充电站;充电站,011100,北京市,北京市,通州区,马驹桥,[],充电站,通州区
B0FFG7M22J,国家电网汽车充电站(京沪高速马驹桥服务区公共充电站北京方向),116.563390,39.760903,马驹桥服务区,18601376118,汽车服务;充电站;充电站,011100,北京市,北京市,通州区,马驹桥,[],充电站,通州区
B0FFIMEVXC,国家电网汽车充电站(京津高速永乐店服务区公共充电站北京方向),116.813505,39.642908,永乐店镇永乐服务区(进京方向),18601376118,汽车服务;充电站;充电站,011100,北京市,北京市,通州区,[],[],充电站,通州区
B0FFGK35B8,国家电网汽车充电站(京津高速永乐店服务区公共充电站天津方向),116.811130,39.642680,永乐店服务区内,18601376118,汽车服务;充电站;充电站,011100,北京市,北京市,通州区,[],[],充电站,北京市
B0IKR5MQ4P,国家电网汽车充电站(北京市亦庄开发区定海园三里小区),116.563874,39.796233,定海园三里地面停车场,18601376118,汽车服务;充电站;充电站,011100,北京市,北京市,通州区,次渠,[],充电站,通州区
B0K2HKAFTD,国家电网汽车充电站(北京市经开区经海五路同宁公共超级充电站),116.571005,39.781637,北京经济技术开发区经海五路与科创十四街交叉口西北角,18601376118,汽车服务;充电站;充电站,011100,北京市,北京市,通州区,[],[],充电站,通州区
B0FFINI6A4,国家电网汽车充电站(北京市通州区于家务中学公共充电站),116.701000,39.723835,于家务中学北侧路道路停车位(中学操场北侧),18601376118,汽车服务;充电站;充电站,011100,北京市,北京市,通州区,[],[],充电站,通州区
B0MBRDQV5D,国家电网汽车充电站(北京市通州区京洲南街公共充电站SDK),116.629484,39.873378,京洲南街附近(龙湖大方居南侧),18601376118,汽车服务;充电站;充电站,011100,北京市,北京市,通州区,梨园,[],充电站,通州区
B0JKBGNSLU,国家电网汽车充电站(北京市通州区刘庄新村西区北侧公共充电站),116.675710,39.941618,刘庄新村西区北侧停车场,18601376118,汽车服务;充电站;充电站,011100,北京市,北京市,通州区,[],[],充电站,通州区
B0FFI0YO45,国家电网汽车充电站(北京市通州区台湖京通水务院外公共充电站),116.643011,39.851240,台湖镇前营村东北方向京通水务院外地面停车场,18601376118,汽车服务;充电站;充电站,011100,北京市,北京市,通州区,[],[],充电站,通州区
B0FFHSIQSP,国家电网汽车充电站(北京市通州区台湖镇政府),116.651112,39.831950,台湖大街13号台湖镇政府院外地面停车场,18601376118,汽车服务;充电站;充电站,011100,北京市,北京市,通州区,[],[],充电站,通州区
B0FFHXNDTL,国家电网汽车充电站(北京市通州区台湖镇次渠社区卫生服务中心),116.581718,39.804087,次渠社区卫生服务中心地面停车场,18601376118,汽车服务;充电站;充电站,011100,北京市,北京市,通州区,次渠,[],充电站,通州区
B0KKFD9PEO,国家电网汽车充电站(北京市通州区度假区北街公共超级充电站),116.665050,39.859844,大马庄村东南728米,18601376118,汽车服务;充电站;充电站,011100,北京市,北京市,通州区,梨园,[],充电站,通州区
B0FFHJJA19,国家电网汽车充电站(北京市通州区张家湾环湖小区公共充电站),116.731059,39.839891,张家湾环湖小区1号楼南侧地面停车场,[],汽车服务;充电站;充电站,011100,北京市,北京市,通州区,张家湾,[],充电站,通州区
B0FFK86Z2W,国家电网汽车充电站(北京市通州区月亮河温泉假日酒店),116.675490,39.921558,滨河路1号月亮河温泉假日酒店公共地面停车场03,18601376118,汽车服务;充电站;充电站,011100,北京市,北京市,通州区,[],[],充电站,通州区
B0K36KV9BK,国家电网汽车充电站(北京市通州区柴务公共超级充电站),116.573220,39.725025,马驹桥镇马朱路东侧,18601376118,汽车服务;充电站;充电站,011100,北京市,北京市,通州区,马驹桥,[],充电站,通州区
B0FFJIMX00,国家电网汽车充电站(北京市通州区永乐广场公共充电站),116.795360,39.707050,永乐店镇永乐广场对面,[],汽车服务;充电站;充电站,011100,北京市,北京市,通州区,[],[],充电站,通州区
B0FFL1UDO5,国家电网汽车充电站(北京市通州区甘棠中学公共充电站),116.808920,39.855544,甘棠中学东200米地面停车场,18601376118,汽车服务;充电站;充电站,011100,北京市,北京市,通州区,[],[],充电站,通州区
B0H1V5RRNT,国家电网汽车充电站(北京市通州区精诚联合汽车维修公司充电站),116.702225,39.838158,张家湾镇精诚联合汽车维修公司西侧地面停车场,18601376118,汽车服务;充电站;充电站,011100,北京市,北京市,通州区,张家湾,[],充电站,通州区
B0FFL35DED,国家电网汽车充电站(北京市通州区蓝呗呗生态园充电站),116.579275,39.715183,马驹桥镇马朱路与朱大路交叉口东侧,[],汽车服务;充电站;充电站,011100,北京市,北京市,通州区,[],[],充电站,通州区
B0FFHW21PT,国家电网汽车充电站(北京市通州区西集何各庄公共充电站),116.853220,39.790350,西集镇何各庄村村委会西侧,[],汽车服务;充电站;充电站,011100,北京市,北京市,通州区,[],[],充电站,通州区
B0FFHW21RN,国家电网汽车充电站(北京市通州区西集大灰店村公共充电站),116.908930,39.808320,西集大灰店村委会南侧地面停车场,[],汽车服务;充电站;充电站,011100,北京市,北京市,通州区,[],[],充电站,通州区
B0FFHN21UM,国家电网汽车充电站(北京市通州区西集林业站公共充电站),116.869744,39.839174,胜景湖农业生态园对面(西集林业站),[],汽车服务;充电站;充电站,011100,北京市,北京市,通州区,[],[],充电站,通州区
B0FFHKC6V7,国家电网汽车充电站(北京市通州区阳光国际会议中心),116.797365,39.800024,政府路西集镇儒林村南1号北京阳光国际会议中心,[],汽车服务;充电站;充电站,011100,北京市,北京市,通州区,[],[],充电站,通州区
B0K3SR83HA,国家电网汽车充电站(北京市通州区颐瑞东路公共超级充电站),116.690636,39.859390,颐瑞东路公交站旁,18601376118,汽车服务;充电站;充电站,011100,北京市,北京市,通州区,土桥,[],充电站,通州区
B0H6MRH48S,国家电网汽车充电站(北京市通州区黎明家具总部基地充电站)(内部专用),116.570070,39.729465,镇黎明家具总部基地北侧地面停车场,[],汽车服务;充电站;专用充电站,011103,北京市,北京市,通州区,马驹桥,[],充电站,通州区
B0MDR5BV1R,壳牌充电汽车充电站(壳牌充电北京通州城市绿心森林公园P12地面快充站),116.710742,39.875198,城市绿心森林公园P12停车场,4007160699,汽车服务;充电站;充电站,011100,北京市,北京市,通州区,[],[],充电站,通州区
B0IK3HSQMP,壳牌充电汽车充电站(壳牌充电北京通州城市绿心森林公园P6地面快充站),116.722260,39.867841,城市绿心森林公园P6停车场,4007160699,汽车服务;充电站;充电站,011100,北京市,北京市,通州区,张家湾,[],充电站,通州区
B0L35HE9AP,壳牌充电汽车充电站(壳牌充电北京通州大运河便民服务中心地面快充站),116.701050,39.890693,永顺镇运河嘉园大运河市场,4007160699,汽车服务;充电站;充电站,011100,北京市,北京市,通州区,乔庄,[],充电站,通州区
B0I0HLUB4Z,壳牌充电汽车充电站(壳牌充电北京通州大运河森林公园地面快充站)(暂停营业),116.742447,39.873474,大运河森林公园西6门北停车场,4007160699,汽车服务;充电站;充电站,011100,北京市,北京市,通州区,[],[],充电站,通州区
B0JUYLWF9H,壳牌充电汽车充电站(壳牌充电北京通州漕运码头地面快充站),116.743049,39.886881,云帆路漕运码头停车场,4007160699,汽车服务;充电站;充电站,011100,北京市,北京市,通州区,[],[],充电站,通州区
B0L35HEO43,壳牌充电汽车充电站(壳牌充电北京通州潞城地面快充站),116.745210,39.902646,潞城地铁站D口西侧停车场,4007160699,汽车服务;充电站;充电站,011100,北京市,北京市,通州区,潞城,[],充电站,通州区
B0LBF1UL1P,壳牌充电超级充电站(壳牌充电北京亦庄开发区银和港地下快充站),116.568750,39.788630,亦庄开发区台湖镇经济开发区经海六路9号院1号楼地下2层-B2,4007160699,汽车服务;充电站;充电站,011100,北京市,北京市,通州区,北京经济技术开发区,[],充电站,通州区
B0LDDCHD9B,宋庄电动车充电桩(宋庄西街桩),116.728937,39.948436,宋庄路与通怀路交叉口西南60米,[],汽车服务;充电站;充电站,011100,北京市,北京市,通州区,宋庄,[],充电站,通州区
B0L2U5EV6K,小桔充电汽车充电站(中石化龙禹宋庄小堡充电站),116.721654,39.947350,徐宋路与宋庄路交叉口西南80米,[],汽车服务;充电站;充电站,011100,北京市,北京市,通州区,宋庄,[],充电站,通州区
B0K6YP2GOL,小桔充电汽车充电站(中石化龙禹通州天骥智谷),116.553830,39.781157,天骥·智谷按路引指示牌行至64号楼北侧地面停车场2,[],汽车服务;充电站;充电站,011100,北京市,北京市,通州区,[],[],充电站,通州区
B0JD1DZGER,小桔充电汽车充电站(优智华远好天地充电站),116.693616,39.870912,华远·好天地c座旁地面停车场61,15022770270,汽车服务;充电站;充电站,011100,北京市,北京市,通州区,梨园,[],充电站,通州区
B0K3C46VTB,小桔充电汽车充电站(优智宋庄),116.652095,40.008982,壁富路与窑管路交叉口西北140米,[],汽车服务;充电站;充电站,011100,北京市,北京市,通州区,[],[],充电站,通州区
B0ID1GZ2AL,小桔充电汽车充电站(北京亦庄耐威科技),116.572240,39.785500,耐威科技地面停车场056,[],汽车服务;充电站;充电站,011100,北京市,北京市,通州区,[],[],充电站,通州区
B0KBKPALPW,小桔充电汽车充电站(北京市电莫愁-百丽亦庄充电站),116.589691,39.767307,兴贸二街5号院,[],汽车服务;充电站;充电站,011100,北京市,北京市,通州区,马驹桥,[],充电站,通州区
B0L2ZR3N5U,小桔充电汽车充电站(北京通州九棵树东路),116.663190,39.888793,玉桥街道当代名筑家园南侧地面停车场,4000610999,汽车服务;充电站;充电站,011100,北京市,北京市,通州区,玉桥,[],充电站,通州区
B0J3DSDSPL,小桔充电汽车充电站(北京通州北关),116.655084,39.923681,富河园碧水明珠金富源宾馆门前地面停车场,4000610999,汽车服务;充电站;充电站,011100,北京市,北京市,通州区,通州北关,[],充电站,通州区
B0IRGGBDPN,小桔充电汽车充电站(北京通州城市绿心森林公园P12停车场充电站),116.711599,39.875084,城市绿心森林公园P12停车场,[],汽车服务;充电站;充电站,011100,北京市,北京市,通州区,[],[],充电站,通州区
B0JKOGN5C0,小桔充电汽车充电站(北京通州大唐高新技术创业园),116.633060,39.908394,电信科学技术仪表研究所停车场,4000610999,汽车服务;充电站;充电站,011100,北京市,北京市,通州区,八里桥,[],充电站,通州区
B0J0746SK8,小桔充电汽车充电站(北京通州旗舰凯旋),116.642765,39.875747,梨园镇万盛北里梧桐苑小区旗舰凯旋九棵树西路与旗舰凯旋路路口东侧地面停车场,[],汽车服务;充电站;充电站,011100,北京市,北京市,通州区,九棵树,[],充电站,通州区
B0KUSDTDOX,小桔充电汽车充电站(北京通州米拉小镇充电站),116.545337,39.760198,马驹桥镇米拉小镇新米拉MALL地面停车场,4000610999,汽车服务;充电站;充电站,011100,北京市,北京市,通州区,马驹桥,[],充电站,通州区
B0J69GUX5D,小桔充电汽车充电站(北京通州鸿坤智谷),116.564877,39.738960,马驹桥镇景盛中街13号马驹桥智谷地下停车场10-3,[],汽车服务;充电站;充电站,011100,北京市,北京市,通州区,马驹桥,[],充电站,通州区
B0J0FRUNED,小桔充电汽车充电站(景海时代停车场超级充电站),116.562298,39.802256,北京现代坦迪斯变速器有限公司南门东南240米,[],汽车服务;充电站;充电站,011100,北京市,北京市,通州区,次渠,[],充电站,通州区
B0LUDGZHL8,小桔充电汽车充电站(极充时代超充站通州怡佳家园站),116.644085,39.909116,北苑街道滨惠南二街怡佳家园,4000610999,汽车服务;充电站;充电站,011100,北京市,北京市,通州区,北苑,[],充电站,通州区
B0LB6HBKO2,小桔充电汽车充电站(通州富恒大厦充电站),116.674713,39.928623,京榆旧线辅路与陈列馆路交叉口东南80米,[],汽车服务;充电站;充电站,011100,北京市,北京市,通州区,[],[],充电站,通州区
B0KRZBBMIP,小米汽车充电站(北京汽车工厂内部1北),116.543250,39.725376,马驹桥镇房辛店西路小米汽车工厂停车场(出入口),[],汽车服务;充电站;充电站,011100,北京市,北京市,通州区,马驹桥,[],充电站,通州区
B0IUDLGP84,小鹏汽车汽车充电站(北京通州万达购物中心小鹏超充站),116.642533,39.906220,北苑街道新华西街58号万达广场(北京通州店)B1层,4007836688,汽车服务;充电站;充电站,011100,北京市,北京市,通州区,通州西门,[],充电站,通州区
B0MDYKTA7K,小鹏超级充电站(小鹏S4超快充北京宋庄站),116.652220,40.008780,富壁路5号宜硕楼微创空间,4007836688,汽车服务;充电站;充电站,011100,北京市,北京市,通州区,[],[],充电站,通州区
B0LKCK0JXT,小鹏超级充电站(小鹏S4超快充北京通州通朝大街站),116.633736,39.891739,杨庄街道通朝大街中国石化欣怡乐加油站,4007836688,汽车服务;充电站;充电站,011100,北京市,北京市,通州区,通州西门,[],充电站,通州区
B0MBPKZQTM,小鹏超级充电站(小鹏超快充北京天骥智谷站),116.549928,39.781848,北京市北京市天骥智谷13号楼,4007836688,汽车服务;充电站;充电站,011100,北京市,北京市,通州区,[],[],充电站,通州区
B0KG34CYI0,广汽能源汽车充电站(广汽昊铂北京通州北投大厦超充站),116.738270,39.907833,通济路北投大厦地下停车场B3层(101-112车位),4006665330,汽车服务;充电站;充电站,011100,北京市,北京市,通州区,潞城,[],充电站,通州区
B0L19ZFSTJ,广汽能源汽车充电站(广汽昊铂北京通州绿心公园超充站),116.711190,39.875496,张家湾镇城市绿心森林公园P12停车场,4000826699,汽车服务;充电站;充电站,011100,北京市,北京市,通州区,[],[],充电站,通州区
B0M63585HD,快电超级充电站,116.681275,39.975175,东六元园区西北侧290米,[],汽车服务;充电站;充电站,011100,北京市,北京市,通州区,[],[],充电站,通州区
B0M6DH72WR,惠车充(通州物流基地)超级充电站,116.577304,39.768838,融商四路20号院北侧充电站,[],汽车服务;充电站;充电站,011100,北京市,北京市,通州区,马驹桥,[],充电站,通州区
B0L1HKW8PG,新电途汽车充电站(优智天骥智谷充电站),116.554350,39.781100,经海三路109北门天骥·智谷地面停车场,4001100835,汽车服务;充电站;充电站,011100,北京市,北京市,通州区,[],[],充电站,通州区
B0MD1NRGRF,新电途汽车充电站(动力时代-经海三路天骥智谷超级充电站),116.555000,39.782288,台湖镇经海三路天骥·智谷,4001100835,汽车服务;充电站;充电站,011100,北京市,北京市,通州区,[],[],充电站,通州区
B0MDS5ERR0,新电途汽车充电站(小苹果液冷超级充电站果园环岛),116.653298,39.892776,通州区果园通朝大街65号院停车场,4001100835,汽车服务;充电站;充电站,011100,北京市,北京市,通州区,通州西门,[],充电站,通州区
B0LKUAUUZZ,新电途汽车充电站(橙小鸽充电站通州区牛堡屯充电站),116.694460,39.772724,张家湾镇北京永盛昌汽修厂(原东郊汽修),4001100835,汽车服务;充电站;充电站,011100,北京市,北京市,通州区,[],[],充电站,通州区
B0LA2Y6VAN,新电途汽车充电站(永乐店快充站),116.783190,39.675810,永乐店镇德觅路,4001100835,汽车服务;充电站;充电站,011100,北京市,北京市,通州区,[],[],充电站,通州区
B0LKUPVUE4,新电途汽车充电站(通州区潞城镇市民中心东侧停车场充电站),116.789276,39.853737,武兴路6号,4001100835,汽车服务;充电站;充电站,011100,北京市,北京市,通州区,[],[],充电站,通州区
B0MDR9DQB4,新电途汽车充电站(通州易代储7号院充电站),116.548170,39.731688,景盛南二街10号楼,4001100835,汽车服务;充电站;充电站,011100,北京市,北京市,通州区,马驹桥,[],充电站,通州区
B0K399LFQC,新电途汽车充电站(通瑞友谊医院液冷超级充电站),116.686153,39.936788,通瑞嘉苑北门西160米,15811259993;4001100835,汽车服务;充电站;充电站,011100,北京市,北京市,通州区,东潞苑,[],充电站,北京市
B0LB3G7JH3,昆仑网电汽车充电站(中国石油北京通州美达大厦充电站),116.571057,39.802686,美达大厦,956100,汽车服务;充电站;充电站,011100,北京市,北京市,通州区,次渠,[],充电站,通州区
B0K3FPIX0T,昆仑网电汽车充电站(中国石油城市副中心政务中心充电站),116.675198,39.904434,故城东路新华小区西南侧70米建设银行对面P1、P8停车场,956100,汽车服务;充电站;充电站,011100,北京市,北京市,通州区,中仓,[],充电站,通州区
B0K025OCRU,昆仑网电汽车充电站(中国石油潞城地铁站停车场充电站),116.746478,39.900672,运河东大街潞城地铁站D口西侧停车场,956100,汽车服务;充电站;充电站,011100,北京市,北京市,通州区,潞城,[],充电站,通州区
B0K019J2Q8,昆仑网电汽车充电站(中国石油通州耿庄充电站),116.677400,39.931900,永顺镇潞苑中路与潞苑五街夹角处西南停车场,956100,汽车服务;充电站;充电站,011100,北京市,北京市,通州区,[],[],充电站,通州区
B0K0JPABZD,昆仑网电汽车充电站(中国石油通州草寺村充电站),116.679430,39.989132,宋庄镇草寺村委会北,956100,汽车服务;充电站;充电站,011100,北京市,北京市,通州区,[],[],充电站,通州区
B0L35GCTF5,昆仑网电汽车充电站(昆仑网电北京亚太花园酒店充电站),116.670450,39.886470,玉桥西路103号,956100,汽车服务;充电站;充电站,011100,北京市,北京市,通州区,梨园,[],充电站,通州区
B0L6APY32E,昆仑网电汽车充电站(昆仑网电北京蓝山公寓充电站),116.657001,39.894346,新华南路果园47号雅景嘉园小区西侧底商(小区外面),956100,汽车服务;充电站;充电站,011100,北京市,北京市,通州区,通州西门,[],充电站,通州区
B0L2OPUYOD,昆仑网电汽车充电站(昆仑网电北京通州数码港充电站),116.564111,39.826504,兴光二街4号中国数码港科技园北门进入西行30米,956100,汽车服务;充电站;充电站,011100,北京市,北京市,通州区,[],[],充电站,通州区
B0LB7GQBAG,昆仑网电汽车充电站(昆仑网电北京通州有仓科技园充电站),116.567881,39.808253,有仓风景科技园(通马路北100米),956100,汽车服务;充电站;充电站,011100,北京市,北京市,通州区,北京经济技术开发区,[],充电站,通州区
B0L36K855H,星星充电汽车充电站(北京海富智慧新能源汽车示范园B区),116.667988,39.747933,海富智慧新能源汽车示范园地面停车场,13681334024,汽车服务;充电站;充电站,011100,北京市,北京市,通州区,[],[],充电站,通州区
B0IR9LRVIX,星星充电汽车充电站(北京海富智慧新能源汽车示范园B区2站),116.667995,39.747701,漷柏路与六郎庄路交叉口北160米,13552623267,汽车服务;充电站;充电站,011100,北京市,北京市,通州区,[],[],充电站,北京市
B0IB779QK9,星星充电汽车充电站(星星充电-通州-土桥PLUS充电站),116.683307,39.869209,梨园镇颐瑞中二路dbc加州小镇-B区北侧,4008280768,汽车服务;充电站;充电站,011100,北京市,北京市,通州区,九棵树,[],充电站,北京市
B0MBGZ34OE,星星充电汽车充电站(星星充电-马驹桥益缘液冷超级充电站2站),116.667940,39.747936,漷柏路与六郎庄路交叉口北160米,13681334024,汽车服务;充电站;充电站,011100,北京市,北京市,通州区,[],[],充电站,通州区
B0LROZWA67,星星充电汽车充电站(星星充电-马驹桥益缘超级充电站),116.668040,39.747147,北京海富新能源汽车有限公司西门旁,13681334024,汽车服务;充电站;充电站,011100,北京市,北京市,通州区,[],[],充电站,通州区
B0FFMCXO21,星星充电汽车充电站(通州万达广场),116.642169,39.905906,北苑街道新华西街110号万达广场(通州店)地下停车场H区H184,[],汽车服务;充电站;充电站,011100,北京市,北京市,通州区,永顺,[],充电站,通州区
B0LBT17IC8,星星充电汽车充电站(通杭通顺充电站),116.815640,39.701670,永乐店镇北京永乐顺通供应链管理有限公司,15701570386,汽车服务;充电站;充电站,011100,北京市,北京市,通州区,[],[],充电站,通州区
B0LAMY0RRG,智充科技快充站汽车充电站(乐堤港站),116.658090,39.923634,远洋乐堤港地下停车场B2,[],汽车服务;充电站;充电站,011100,北京市,北京市,通州区,通州北关,[],充电站,通州区
B0L0TN9GYR,智电时代汽车充电站(智电时代物资学院充电站),116.640937,39.923479,物资学院路4号,4000826699,汽车服务;充电站;充电站,011100,北京市,北京市,通州区,八里桥,[],充电站,北京市
B0G1GCODV3,智电速能天骥智谷充电站,116.550975,39.780545,经海三路109北门,[],汽车服务;汽车服务相关;汽车服务相关,010000,北京市,北京市,通州区,[],[],充电站,通州区
B0KBPL2MEC,极氪能源超级充电站(北京向日葵广场极充站),116.703004,39.938137,京榆旧线与东六环交叉口西北150米向日葵广场地面停车位,4000036036,汽车服务;充电站;充电站,011100,北京市,北京市,通州区,[],[],充电站,通州区
B0MG4NVUTL,比亚迪闪充汽车充电站(JBZX),116.734132,39.857260,广源东街与梧桐路交叉口东120米,[],汽车服务;充电站;充电站,011100,北京市,北京市,通州区,张家湾,[],充电站,通州区
B0MDY6TUF5,比亚迪闪充汽车充电站(北京宋庄宜硕楼微创空间),116.652180,40.008840,宋庄镇小桔充电汽车充电站(优智宋庄充电站)宜硕楼微创空间,4000306666,汽车服务;充电站;充电站,011100,北京市,北京市,通州区,[],[],充电站,通州区
B0MGMU9KUR,比亚迪闪充汽车充电站(北京物资学院),116.640920,39.923730,永顺镇物资学院路4号,4000306666,汽车服务;充电站;充电站,011100,北京市,北京市,通州区,八里桥,[],充电站,北京市
B0MAFHTEPC,比亚迪闪充汽车充电站(方程豹北京环耀之星4S店),116.622375,39.870125,怡乐西路京洲工业园区方程豹之星,4000306666,汽车服务;充电站;充电站,011100,北京市,北京市,通州区,[],[],充电站,通州区
B0MG6NHDHS,比亚迪闪充汽车充电站(比亚迪北京瑞鹏海迪4S店),116.635580,39.869520,九棵树西路辅路大稿村工业园,4000306666,汽车服务;充电站;充电站,011100,北京市,北京市,通州区,梨园,[],充电站,通州区
B0MGGN2CTN,比亚迪闪充汽车充电站(腾势北京环耀中心),116.621826,39.870220,怡乐西路2号,4000306666,汽车服务;充电站;充电站,011100,北京市,北京市,通州区,[],[],充电站,通州区
B0JAVRRZO8,汐歌儿汽车充电站,116.756124,39.937173,邢各庄路与镇工业区路交叉口东460米,[],汽车服务;充电站;充电站,011100,北京市,北京市,通州区,[],[],充电站,通州区
B0L2GHSAC8,汐歌儿汽车充电站(公共站汐歌儿马驹桥小周易优易充小站),116.575900,39.733524,小古二路,[],汽车服务;充电站;充电站,011100,北京市,北京市,通州区,北京经济技术开发区,[],充电站,通州区
B0K6VBWV65,汽车充电站(中石化通州嘉盛恒成站),116.649758,39.864002,梨园日新路一号,95105888,汽车服务;充电站;充电站,011100,北京市,北京市,通州区,梨园,[],充电站,北京市
B0KG5450AH,汽车充电站(公共站通州区潞城优易充小站),116.707739,39.919916,通运街道潞邑东路辅路,4006556620,汽车服务;充电站;充电站,011100,北京市,北京市,通州区,潞城,[],充电站,北京市
B0L2BZIMKE,汽车充电站(公共站通州区潞城超充优易充小站),116.706911,39.920678,潞邑东路辅路,[],汽车服务;充电站;充电站,011100,北京市,北京市,通州区,潞城,[],充电站,通州区
B0I24LT2OV,汽车充电站(兴光三街5号院),116.557992,39.823527,兴光三街5号宗源机动车检测场,4008288517,汽车服务;充电站;充电站,011100,北京市,北京市,通州区,[],[],充电站,通州区
B0HAV47ZEL,汽车充电站(通州区潞城公共充电站免停车费),116.707793,39.919310,新通惠捷区域电动小客车出租有限公司院内,[],汽车服务;充电站;充电站,011100,北京市,北京市,通州区,潞城,[],充电站,通州区
B0LBXMDYT7,汽车换电站(蔚来换电站G1京哈高速田家府服务区北京方向),116.671164,39.841071,东六环g1号,[],汽车服务;换电站;换电站,011101,北京市,北京市,通州区,[],[],充电站,通州区
B0J2XZT5MF,派捷充汽车充电站(大杜社充电站),116.655575,39.751895,漷马路大杜社中心幼儿园东侧150米考拉爱车东侧,4009608068,汽车服务;充电站;充电站,011100,北京市,北京市,通州区,[],[],充电站,通州区
B0LA3YF7V8,派捷充汽车充电站(珠江四季悦城充电站),116.583374,39.762070,兴贸三街珠江四季悦城18号楼东北侧停车场,4009608068,汽车服务;充电站;充电站,011100,北京市,北京市,通州区,马驹桥,[],充电站,通州区
B0K3S5P48K,派捷充电汽车充电站(派捷充-甘李大型车辆充电站),116.552185,39.743904,马驹桥镇景盛北三街8号,4009608068,汽车服务;充电站;充电站,011100,北京市,北京市,通州区,北京经济技术开发区,[],充电站,通州区
B0K03R3A33,滴滴充电汽车充电站(中石化龙禹通州云景里充电站),116.663153,39.879402,九棵树街道云景里(北区)云景里北区,4000610999,汽车服务;充电站;充电站,011100,北京市,北京市,通州区,九棵树,[],充电站,通州区
B0L3P4GMDL,滴滴充电汽车充电站(中石化龙禹通州台湖经略天则充电站),116.626403,39.853401,台湖镇经略天则北京·台湖·创意广场北区,4000610999,汽车服务;充电站;充电站,011100,北京市,北京市,通州区,[],[],充电站,通州区
B0KUZDIG4N,滴滴充电汽车充电站(北京市电莫愁-世化普利特亦庄充电站),116.541985,39.768456,马驹桥镇永昌东四路北京东进世美肯科技有限公司,4000610999,汽车服务;充电站;充电站,011100,北京市,北京市,通州区,[],[],充电站,北京市
B0FFMETHT2,滴滴充电汽车充电站(北京市通州区九棵树东路一期充电站),116.663574,39.888653,玉桥街道当代名筑家园南侧停车场,4000610999,汽车服务;充电站;充电站,011100,北京市,北京市,通州区,梨园,[],充电站,通州区
B0MATSW675,滴滴充电汽车充电站(北京陆道培医院充电站),116.547730,39.769210,马驹桥镇南海户村北京陆道培医院院内北侧停车场,4000610999,汽车服务;充电站;充电站,011100,北京市,北京市,通州区,[],[],充电站,通州区
B0L2G4SEG1,滴滴充电汽车充电站(天潮能充·东亚尚品台湖超充站),116.620160,39.834652,台湖镇晋香居刀削面川湘菜东亚尚品台湖,4000610999,汽车服务;充电站;充电站,011100,北京市,北京市,通州区,[],[],充电站,通州区
B0K6JPUV5D,滴滴充电汽车充电站(玲珑超级液冷充电站),116.569626,39.738106,马驹桥镇景盛中街10号停车场西北角,4000610999,汽车服务;充电站;充电站,011100,北京市,北京市,通州区,马驹桥,[],充电站,通州区
B0MBAN8V9K,滴滴充电汽车充电站(通州区郝家府充电站),116.716173,39.904174,潞源街道涌翠东路行政办公区2号地面临时停车场,4000610999,汽车服务;充电站;充电站,011100,北京市,北京市,通州区,潞城,[],充电站,通州区
B0LUP41XKS,滴滴充电汽车充电站(通州台湖镇卫生院充电站),116.648330,39.835230,台湖镇台湖社区卫生服务中心台湖卫生院北侧停车场,4000610999,汽车服务;充电站;充电站,011100,北京市,北京市,通州区,[],[],充电站,通州区
B0J247305U,特斯拉超级充电站(北京经海产业园),116.564125,39.779180,经海四路156号经海产业园地下停车场B1层C区283车位对面/入口经海四路,[],汽车服务;充电站;专用充电站,011103,北京市,北京市,通州区,北京经济技术开发区,[],充电站,通州区
B0L1UG23X4,特斯拉超级充电站(北京远洋乐堤港),116.658510,39.923725,"新华街道新华北路远洋乐堤港地下B2层M区,临近M021车位/入口黄船埠街",4009100707,汽车服务;充电站;专用充电站,011103,北京市,北京市,通州区,通州北关,[],充电站,通州区
B0G0P1GNMT,特斯拉超级充电站(北京领展购物广场·京通),116.659140,39.888870,梨园镇九棵树西路76号罗斯福地下停车场B2层B1区B-059车位,[],汽车服务;充电站;充电站,011100,北京市,北京市,通州区,玉桥,[],充电站,通州区
B0IKVRGSSA,特来电充电站(北京市通州区史家小学),116.688606,39.884579,玉桥街道玉桥东路北京市史家小学通州分校地面停车场,4001300001,汽车服务;充电站;充电站,011100,北京市,北京市,通州区,玉桥,[],充电站,通州区
B0L6HYD2U8,特来电汽车充电站(北投静态三大建筑共享空间地下停车场充电站),116.718062,39.884466,永顺镇惠林路三大建筑共享空间地下停车场,4001180001,汽车服务;充电站;充电站,011100,北京市,北京市,通州区,[],[],充电站,通州区
B0L1KCV41F,特来电汽车充电站(漷马欧艺充电站),116.595930,39.741173,马驹桥镇漷马路(阳光金港建材城),17753271665,汽车服务;充电站;充电站,011100,北京市,北京市,通州区,北京经济技术开发区,[],充电站,北京市
B0IK0RRFJ5,特来电汽车充电站(特来电北京市通州区土桥充电站),116.689606,39.871803,玉桥街道临河里小区方恒东景商街地面停车场14,4001300001,汽车服务;充电站;充电站,011100,北京市,北京市,通州区,梨园,[],充电站,通州区
B0LR77ILBG,特来电汽车充电站(特来电北京市通州区太玉园快充充电站),116.700540,39.858223,张采路226号张家湾镇张采路张家湾社区卫生服务中心,4001300001,汽车服务;充电站;充电站,011100,北京市,北京市,通州区,张家湾,[],充电站,通州区
B0IR7D99UK,特来电汽车充电站(特来电北京市通州区孙王场充电站),116.659113,39.882073,地面停车场,4001300001,汽车服务;充电站;充电站,011100,北京市,北京市,通州区,通州西门,[],充电站,通州区
B0L04RYKU4,特来电汽车充电站(特来电北京市通州区宋庄小堡充电站),116.723240,39.970802,东轴街99号宋庄镇北堤路兴惠园,4001300001,汽车服务;充电站;充电站,011100,北京市,北京市,通州区,[],[],充电站,通州区
B0FFK5W3BD,特来电汽车充电站(特来电北京市通州区漷县公共充电站),116.777910,39.761600,漷县镇漷兴西四南街,13552217694;4001300001,汽车服务;充电站;充电站,011100,北京市,北京市,通州区,[],[],充电站,通州区
B0IA6ABS73,特来电汽车充电站(特来电北京市通州区马驹桥四季悦城充电站),116.586902,39.758696,珠江四季悦城南地面停车场02,4001300001,汽车服务;充电站;充电站,011100,北京市,北京市,通州区,马驹桥,[],充电站,通州区
B0JU5LEH4F,特来电汽车充电站(特来电少城科技园),116.557052,39.741788,马驹桥镇环科中路6号少城大厦(西门)地面停车场,4001300001,汽车服务;充电站;充电站,011100,北京市,北京市,通州区,马驹桥,[],充电站,通州区
B0J30XBMMR,特来电汽车充电站(特来电通州区张采路充电站),116.701059,39.796455,牛堡屯派出所内部地面停车场,4001300001,汽车服务;充电站;充电站,011100,北京市,北京市,通州区,[],[],充电站,通州区
B0KBR7O6JR,特来电汽车充电站(特来电通州区滨河停车场),116.653730,39.911980,永顺镇前上坡村路得乐网球,4001300001,汽车服务;充电站;充电站,011100,北京市,北京市,通州区,通州北关,[],充电站,通州区
B0MDT7DYW7,特来电超级充电站(北投静态北人产业园P7停车场充电站),116.674470,39.907265,北人产业园P7停车场P7-25至P7-36车位,4001180001,汽车服务;充电站;充电站,011100,北京市,北京市,通州区,中仓,[],充电站,通州区
B0L2XHYCO2,特来电超级充电站(北投静态路县遗址公园地面停车场充电站),116.724846,39.911213,潞源街道东古城街,15810582415,汽车服务;充电站;充电站,011100,北京市,北京市,通州区,潞城,[],充电站,北京市
B0LR0ZM66T,特来电超级充电站(特来电北京市通州区南火垡充电站),116.665410,39.787483,牛样路0523号张家湾镇牛样路,4001300001,汽车服务;充电站;充电站,011100,北京市,北京市,通州区,[],[],充电站,通州区
B0LUTH5F9I,特来电超级充电站(特来电北京市通州区通朝大街充电站),116.633728,39.891651,杨庄街道通朝大街李老新村,4001300001,汽车服务;充电站;充电站,011100,北京市,北京市,通州区,新华联,[],充电站,通州区
B0LBTL6C38,特来电超级充电站(特来电北京通州科创五街充电站),116.548540,39.812786,台湖镇经海七路北京弘赫国际体育发展有限公司,4001300001,汽车服务;充电站;充电站,011100,北京市,北京市,通州区,亦庄,[],充电站,通州区
B0LUJM9LFZ,理想超级充电站(理想5C超充站北京通州区玉桥东路近史家小学通州分校),116.688460,39.884440,梨园南街71号北京市通州区史家小学通州分校南侧停车场,4006860400,汽车服务;充电站;充电站,011100,北京市,北京市,通州区,乔庄,[],充电站,通州区
B0FFL1UB2Z,田家府服务区国家电网电动汽车充电站,116.668524,39.840295,京哈高速田家府服务区(出京方向),[],汽车服务;充电站;充电站,011100,北京市,北京市,通州区,[],[],充电站,通州区
B0MAT1XM01,电动自行车充电站,116.662685,39.875306,云景东路339号,[],汽车服务;充电站;充电站,011100,北京市,北京市,通州区,梨园,[],充电站,通州区
B0J3SAZHYQ,省直能源电动汽车充电站,116.636189,39.762300,大姚辛庄村427号,13488735541,汽车服务;汽车服务相关;汽车服务相关,010000,北京市,北京市,通州区,[],[],充电站,通州区
B0J3FCDHPT,能+超充(通州北京one大厦充电站),116.657480,39.906991,中山大街北京ONE写字楼东南角,[],汽车服务;充电站;充电站,011100,北京市,北京市,通州区,新华大街,[],充电站,通州区
B0K6Z5YQLL,能加超充汽车充电站(通州汇天云端产业园南门站),116.657775,39.986620,徐尹路88号,[],汽车服务;充电站;充电站,011100,北京市,北京市,通州区,[],[],充电站,通州区
B0KB6S8O8E,能加超充汽车充电站(通州汇天云端产业园西门站),116.656020,39.991604,S214(壁富路),[],汽车服务;充电站;充电站,011100,北京市,北京市,通州区,[],[],充电站,北京市
B0MA64KGC1,茂电·顺顺充超级充电站(北京学校超充站·华为超充技术支持),116.749180,39.896180,潞城镇畅和东路北京学校,4008069666,汽车服务;充电站;充电站,011100,北京市,北京市,通州区,潞城,[],充电站,北京市
B0M674V2SV,茂电·顺顺充超级充电站(莲花荟超充站·华为超充技术支持),116.687830,39.891903,玉桥街道运河西大街辅路莲花荟,4008069666,汽车服务;充电站;充电站,011100,北京市,北京市,通州区,梨园,[],充电站,通州区
B0LGB6YIAZ,蔚来换电站(城市绿心森林公园店),116.710525,39.875375,城市绿心森林公园P12停车场,[],汽车服务;汽车服务相关;汽车服务相关,010000,北京市,北京市,通州区,[],[],充电站,通州区
B0I2USRHPN,蔚来换电站G2高速马驹桥服务区(北京方向),116.562926,39.761930,马驹桥服务区(进京方向)东北角,[],汽车服务;换电站;换电站,011101,北京市,北京市,通州区,马驹桥,[],充电站,通州区
B0HK3ZK0TZ,蔚来能源超级充电站(北京方向G1京哈高速田家府服务区),116.671080,39.841263,田家府服务区,[],汽车服务;充电站;充电站,011100,北京市,北京市,通州区,[],[],充电站,通州区
B0L3USHD2U,蔚来能源超级充电站(北京通州宋庄),116.720330,39.941345,京榆旧线与小堡路交叉口正北方向150米左右,[],汽车服务;充电站;充电站,011100,北京市,北京市,通州区,宋庄,[],充电站,通州区
B0I3TCEQ7Q,西集停车区电动汽车充电站,116.893841,39.778656,西集停车区南侧,[],汽车服务;充电站;充电站,011100,北京市,北京市,通州区,[],[],充电站,通州区
B0K0ZHQP08,超翔汽车充电站(次渠南里11区外围停车位266),116.574520,39.799973,台湖镇次渠南里133号楼西侧地面停车场,4008319299,汽车服务;充电站;充电站,011100,北京市,北京市,通州区,[],[],充电站,通州区
B0KK0D8M8U,逸安启超级充电站(北京远洋乐堤港),116.660355,39.923336,"新华北路北关桥东北角远洋乐堤港B2层F区,近K-049号车位",4000010780,汽车服务;充电站;充电站,011100,北京市,北京市,通州区,通州北关,[],充电站,通州区
B0JRASPIHX,隆瑞三优超级充电站(临河里超级充电站),116.679719,39.875474,张采路562号(临河里地铁站A东北口旁),[],汽车服务;充电站;充电站,011100,北京市,北京市,通州区,梨园,[],充电站,通州区
B0K6SH3GXZ,隆瑞三优超级充电站(刘庄超级充电站),116.705094,39.665007,S202(张采路),[],汽车服务;充电站;充电站,011100,北京市,北京市,通州区,[],[],充电站,通州区
B0J266NDO7,隆瑞三优超级充电站(商务园超级充电站),116.651717,39.942007,安顺二街57号,[],汽车服务;充电站;充电站,011100,北京市,北京市,通州区,[],[],充电站,通州区
B0L15GZB7F,隆瑞三优超级充电站(隆瑞三优任庄超级充电站),116.753028,39.944276,X013(京榆旧线),[],汽车服务;充电站;充电站,011100,北京市,北京市,通州区,[],[],充电站,通州区
B0KD5LWM3K,隆瑞三优超级充电站(隆瑞三优施园超级充电站),116.697240,39.862500,S202(张采路),[],汽车服务;充电站;充电站,011100,北京市,北京市,通州区,土桥,[],充电站,通州区
B0IUK5S7UT,首发能源充电站(京沪高速马驹桥服务区进京方向),116.563340,39.761130,马驹桥服务区(进京方向)蔚来马驹桥换电站旁边,[],汽车服务;充电站;充电站,011100,北京市,北京市,通州区,马驹桥,[],充电站,通州区
B0L2FO2SDS,驴充充汽车充电站(楠舍公共充电线),116.670890,39.832096,X015(张台路)北京楠舍民宿小院附近42米驴充充充电站,13901306452,汽车服务;充电站;充电站,011100,北京市,北京市,通州区,[],[],充电站,通州区
B0LDO10KGN,驴充充汽车充电站(环球快充),116.679623,39.835144,X015(张台路)驴充充充电站,15210310604,汽车服务;充电站;充电站,011100,北京市,北京市,通州区,[],[],充电站,通州区
B0LAYSYTJB,驴充充汽车充电站(苍头村西充电桩),116.670413,39.809312,Y753(三支路)北京市长城塑料增强材料福利厂,13366698887,汽车服务;充电站;充电站,011100,北京市,北京市,通州区,[],[],充电站,通州区
B0K2XP6PS6,驴充充汽车充电站(蒋辛庄村西南停车场),116.636715,39.812973,[],0797-966991,汽车服务;充电站;充电站,011100,北京市,北京市,通州区,[],[],充电站,通州区
B0LKK4M2NG,中国石化汽车充电站(中国石化泷悦长安充电站),116.146541,39.900585,龙兴南二路5号院,95105888,汽车服务;充电站;充电站,011100,北京市,北京市,门头沟区,永定,[],充电站,北京市
B0L224Z35Z,中国石化汽车充电站(中国石化金沙西充电站),116.127340,39.897520,永定镇石龙西公交场站南侧50m金沙西充电站,95105888,汽车服务;充电站;充电站,011100,北京市,北京市,门头沟区,永定,[],充电站,北京市
B0LUFBTNI1,中国石化汽车充电站(中国石化龙门新区充电站),116.089335,39.944169,东辛房街道增北路龙门新区,95105888,汽车服务;充电站;充电站,011100,北京市,北京市,门头沟区,龙泉,[],充电站,门头沟区
B0MD3AFA0U,中国铁塔汽车充电站(北京门头沟石龙高科大厦充电站),116.126980,39.896736,门头沟石龙高科大厦(栗园庄地铁站B1东口步行480米),10096,汽车服务;充电站;充电站,011100,北京市,北京市,门头沟区,永定,[],充电站,门头沟区
B0JK6HM106,临镜苑顺吉底商汽车充电站,116.117841,39.934061,石担路133号,[],汽车服务;充电站;充电站,011100,北京市,北京市,门头沟区,门头沟,[],充电站,门头沟区
B0LROGW0GK,云亿兆汽车充电站(天合宾馆),116.125100,39.893870,倪家营镇南台村梨园新村28号,18093619472,汽车服务;充电站;充电站,011100,北京市,北京市,门头沟区,永定,[],充电站,门头沟区
B0JR4Z7W6P,云快充汽车充电站(南坡小区充电桩),116.091093,39.932256,中门寺南坡小区8号楼,[],汽车服务;充电站;充电站,011100,北京市,北京市,门头沟区,龙泉,[],充电站,门头沟区
B0MDSUG5A5,云快充汽车充电站(南坡小区充电站),116.091124,39.932227,中门寺南路与矿建南街交叉口东南100米,[],汽车服务;充电站;充电站,011100,北京市,北京市,门头沟区,龙泉,[],充电站,门头沟区
B0J6PLBSMY,云快充汽车充电站(首开保利欢乐大都汇店),116.108856,39.895368,冯石环线与石龙南路交汇处北(欢乐大都汇地下2层),4008288517,汽车服务;充电站;充电站,011100,北京市,北京市,门头沟区,永定,[],充电站,门头沟区
B0M6D57IZJ,云快充目的地充电站(利嘉充电站门头沟区龙泉税务所站),116.101670,39.940840,新桥大街与大峪二小北路交叉口北120米,4008288517,汽车服务;充电站;充电站,011100,北京市,北京市,门头沟区,大峪村,[],充电站,门头沟区
B0MABNS6AV,云快充目的地充电站(诺德彩园东区地下一层1209号车位1元/度),116.124980,39.910645,金沙西街5号院北京诺德彩园东区,4008288517,汽车服务;充电站;充电站,011100,北京市,北京市,门头沟区,永定,[],充电站,门头沟区
B0LAMXI070,云快充目的地充电站(门头沟plus365地下交流充电站),116.110310,39.911110,冯石环路6号院3号楼地下一层停车场,4008288517,汽车服务;充电站;充电站,011100,北京市,北京市,门头沟区,永定,[],充电站,门头沟区
B0HKFOW5D2,依威能源汽车充电站(中门寺小区商业停车楼),116.088131,39.929541,中门寺南坡回迁安置小区立体停车场F040,4001800910,汽车服务;充电站;充电站,011100,北京市,北京市,门头沟区,门头沟,[],充电站,门头沟区
B0IGURYXO1,保时捷汽车充电站(北京悉昙酒店目的地充电站),116.016939,39.905084,潭王路288号北京悉昙酒店,010-60868888,汽车服务;充电站;充电站,011100,北京市,北京市,门头沟区,[],[],充电站,门头沟区
B0MUKNXNXC,公牛充电汽车充电站(北京乡土生态园民宿),115.567292,39.909420,清水镇009县道,13716347920,汽车服务;充电站;充电站,011100,北京市,北京市,门头沟区,[],[],充电站,门头沟区
B0LUDSBM8U,公牛充电汽车充电站(四海瑞达潭柘新区),116.053464,39.885948,潭柘新区4号院,[],汽车服务;充电站;充电站,011100,北京市,北京市,门头沟区,[],[],充电站,门头沟区
B0L2M1034S,公牛充电汽车充电站(四海瑞达潭柘新区3号院),116.053930,39.882797,潭柘新区3号院,[],汽车服务;充电站;充电站,011100,北京市,北京市,门头沟区,[],[],充电站,门头沟区
B0MAHPKWH9,公牛充电汽车充电站(四海瑞达珍珠湖路口),115.832804,40.017190,京拉线永芳饭店对面,[],汽车服务;充电站;充电站,011100,北京市,北京市,门头沟区,[],[],充电站,门头沟区
B0L1JP7EIU,公牛充电汽车充电站(四海瑞达色树坟社区),116.004795,39.973978,王平大街17号,[],汽车服务;充电站;充电站,011100,北京市,北京市,门头沟区,[],[],充电站,门头沟区
B0FFHJ37GL,六环军庄出口充电站,116.094535,39.993885,西六环与S3701京蔚高速(百花山段)出口交叉口东80米,[],汽车服务;充电站;充电站,011100,北京市,北京市,门头沟区,龙泉,[],充电站,门头沟区
B0MD97P1RZ,军庄汽车充电站,116.106075,40.005575,军庄路与杨东路交叉口西北60米,[],汽车服务;充电站;充电站,011100,北京市,北京市,门头沟区,军庄镇,[],充电站,门头沟区
B0GRCRDXIR,冯村共享汽车充电桩,116.109490,39.907652,冯村嘉园二区9号楼西北角,18600407925,汽车服务;充电站;充电站,011100,北京市,北京市,门头沟区,永定,[],充电站,门头沟区
B0M60GKZZ9,北汽极狐充电站(北京西长安中骏世界城超充站),116.126587,39.911498,曹各庄中路与金沙西街交叉口东60米,[],汽车服务;充电站;充电站,011100,北京市,北京市,门头沟区,永定,[],充电站,门头沟区
B0L3N7E2PV,华商三优充电桩,115.484224,39.993587,灵山路29号,[],汽车服务;充电站;充电站,011100,北京市,北京市,门头沟区,[],[],充电站,门头沟区
B0LD0C7MZN,南庄村电动车充电桩,116.046570,40.029984,南樱路,[],汽车服务;充电站;充电站,011100,北京市,北京市,门头沟区,[],[],充电站,门头沟区
B0FFHN21US,国家电网充电站(下苇甸公路服务站),116.008201,40.006608,下苇甸公路服务站(下苇甸客运站西北侧),[],汽车服务;充电站;充电站,011100,北京市,北京市,门头沟区,[],[],充电站,门头沟区
B0L27RKE4C,国家电网充电站(北京市门头沟区兴合家园有序充电站),116.114703,39.959550,三温路与石门南路交叉口西240米,[],汽车服务;充电站;充电站,011100,北京市,北京市,门头沟区,[],[],充电站,门头沟区
B0MBFD6BNN,国家电网充电站(北京粤宛),116.090387,39.946380,福源路与安民西路交叉口东北60米,[],汽车服务;充电站;充电站,011100,北京市,北京市,门头沟区,龙泉,[],充电站,门头沟区
B0GKG57M57,国家电网充电站(华严小镇充电站内部),116.026360,39.895985,平原村西路与潭王路旧线交叉口西南20米,[],汽车服务;充电站;专用充电站,011103,北京市,北京市,门头沟区,[],[],充电站,门头沟区
B0L1HUXWDI,国家电网充电站(永定供电所),116.117540,39.902231,华园路与泰安路交叉口东北60米,[],汽车服务;充电站;充电站,011100,北京市,北京市,门头沟区,永定,[],充电站,门头沟区
B0MB36EN8P,国家电网充电站(石门营新区6区),116.104284,39.886230,石园南路与紫金路交叉口西140米,[],汽车服务;充电站;充电站,011100,北京市,北京市,门头沟区,永定,[],充电站,门头沟区
B0FFJJ5NVC,国家电网充电站(门头沟区剧场东街站)(内部专用),116.101210,39.941746,新桥大街24号,18601376118,汽车服务;充电站;专用充电站,011103,北京市,北京市,门头沟区,大峪村,[],充电站,门头沟区
B0FFH7CKP5,国家电网汽车充电站(京西酒店对面),116.043955,39.980948,南三环78号玉泉营桥西地面停车场,[],汽车服务;充电站;充电站,011100,北京市,北京市,门头沟区,[],[],充电站,门头沟区
B0KKUR9IAW,国家电网汽车充电站(北京市门头沟区临镜苑小区有序),116.117290,39.934450,大峪街道滨河居住区绮霞苑,95598,汽车服务;充电站;充电站,011100,北京市,北京市,门头沟区,永定,[],充电站,门头沟区
B0FFHJJ8LN,国家电网汽车充电站(北京市门头沟区京浪岛文化体育公园)(暂停营业),116.095940,39.976100,三家店水库附近京浪岛文化体育公园地面停车场内,[],汽车服务;充电站;充电站,011100,北京市,北京市,门头沟区,龙泉,[],充电站,门头沟区
B0FFHXNDRD,国家电网汽车充电站(北京市门头沟区军庄桥),116.094524,39.993870,龙泉雾村民委员会地面停车场,[],汽车服务;充电站;充电站,011100,北京市,北京市,门头沟区,龙泉,[],充电站,门头沟区
B0FFJ9XOSN,国家电网汽车充电站(北京市门头沟区十八潭景区),115.927970,40.011479,十八潭南侧休息区(龙门清水湾),[],汽车服务;充电站;充电站,011100,北京市,北京市,门头沟区,[],[],充电站,门头沟区
B0IBD5CP86,国家电网汽车充电站(北京市门头沟区山美庭小区充电站),116.091096,40.002642,山美庭小区地面停车场,[],汽车服务;充电站;充电站,011100,北京市,北京市,门头沟区,军庄镇,[],充电站,门头沟区
B0FFHXNDX1,国家电网汽车充电站(北京市门头沟区峪园),116.100855,39.929618,峪园小区南侧停车场,[],汽车服务;充电站;充电站,011100,北京市,北京市,门头沟区,龙泉,[],充电站,门头沟区
B0FFHNAC8I,国家电网汽车充电站(北京市门头沟区德露苑小区),116.115991,39.928062,德露苑小区6号楼西北地面停车场,[],汽车服务;充电站;充电站,011100,北京市,北京市,门头沟区,大峪村,[],充电站,门头沟区
B0HR6B6CU4,国家电网汽车充电站(北京市门头沟区承泽苑公共充电站),116.114916,39.930173,滨河路72号大峪办事处后街,18601376118,汽车服务;充电站;充电站,011100,北京市,北京市,门头沟区,大峪村,[],充电站,门头沟区
B0FFGI0TZ6,国家电网汽车充电站(北京市门头沟区斋堂大街公安消防支队斋堂中队西),115.705880,39.978278,斋堂镇东斋堂村,18601376118,汽车服务;充电站;充电站,011100,北京市,北京市,门头沟区,[],[],充电站,门头沟区
B0I1AHBR6W,国家电网汽车充电站(北京市门头沟区水峪嘴幸福广场公共充电站),116.052770,39.972366,妙峰山镇水峪嘴村幸福广场,95598,汽车服务;充电站;充电站,011100,北京市,北京市,门头沟区,[],[],充电站,门头沟区
B0ID25S2WW,国家电网汽车充电站(北京市门头沟区永定镇小园村公共充电站),116.114960,39.889680,永定镇小园(地铁站)云泽嘉苑,18601376118,汽车服务;充电站;充电站,011100,北京市,北京市,门头沟区,永定,[],充电站,门头沟区
B0G3JB10TM,国家电网汽车充电站(北京市门头沟区清水镇),115.613846,39.943097,清水镇上清水村,010-60855075,汽车服务;充电站;充电站,011100,北京市,北京市,门头沟区,[],[],充电站,门头沟区
B0L1PR7YMM,国家电网汽车充电站(北京市门头沟区清水镇政府公共充电站),115.613235,39.942635,清水镇政府,18601376118,汽车服务;充电站;充电站,011100,北京市,北京市,门头沟区,[],[],充电站,门头沟区
B0HKHRIFXN,国家电网汽车充电站(北京市门头沟区潭柘寺风景区),116.031444,39.900890,潭王路东100米潭柘寺风景区潭柘寺停车场内,18601376118,汽车服务;充电站;充电站,011100,北京市,北京市,门头沟区,[],[],充电站,门头沟区
B0JBSYRZD3,国家电网汽车充电站(北京市门头沟区潭柘新区1号院公共充电站),116.052565,39.883969,潭柘寺镇潭柘新区1号院地面停车场,18601376118,汽车服务;充电站;充电站,011100,北京市,北京市,门头沟区,[],[],充电站,门头沟区
B0L1ZKJVVU,国家电网汽车充电站(北京市门头沟区潭柘新区2号院),116.052615,39.886209,潭柘新区2号院停车场,[],汽车服务;充电站;充电站,011100,北京市,北京市,门头沟区,[],[],充电站,门头沟区
B0L1ZXOP5V,国家电网汽车充电站(北京市门头沟区潭柘新区2号院公共充电站),116.052630,39.886185,潭柘寺镇潭柘新区2号院地面停车场,18601376118,汽车服务;充电站;充电站,011100,北京市,北京市,门头沟区,[],[],充电站,门头沟区
B0JBSYRJZL,国家电网汽车充电站(北京市门头沟区潭柘新区3号院公共充电站),116.053768,39.882901,潭柘寺镇潭柘新区3号院地面停车场,[],汽车服务;充电站;充电站,011100,北京市,北京市,门头沟区,[],[],充电站,门头沟区
B0JBSYPUAZ,国家电网汽车充电站(北京市门头沟区潭柘新区4号院公共充电站),116.053055,39.885704,潭柘寺镇潭柘新区4号院地面停车场,18601376118,汽车服务;充电站;充电站,011100,北京市,北京市,门头沟区,[],[],充电站,门头沟区
B0L1SRR35I,国家电网汽车充电站(北京市门头沟区潭柘新区5号院公共充电站SDK),116.056885,39.881593,潭柘寺镇潭柘新区5号院地面停车场,4001100835,汽车服务;充电站;充电站,011100,北京市,北京市,门头沟区,[],[],充电站,门头沟区
B0JBSYOK2U,国家电网汽车充电站(北京市门头沟区潭柘新区6号院公共充电站),116.055012,39.884384,潭柘寺镇潭柘新区6号院地面停车场,18601376118,汽车服务;充电站;充电站,011100,北京市,北京市,门头沟区,[],[],充电站,门头沟区
B0L1DUUOBC,国家电网汽车充电站(北京市门头沟区潭柘新区7号院公共充电站),116.052162,39.883485,潭柘新区7号院停车场,[],汽车服务;充电站;充电站,011100,北京市,北京市,门头沟区,[],[],充电站,门头沟区
B0L2PHQADA,国家电网汽车充电站(北京市门头沟区潭柘新区8号院),116.058266,39.881889,潭柘寺镇潭柘新区8号院,18601376118,汽车服务;充电站;充电站,011100,北京市,北京市,门头沟区,[],[],充电站,门头沟区
B0JBSYS720,国家电网汽车充电站(北京市门头沟区潭柘新区8号院公共充电站),116.058229,39.881758,潭柘寺镇潭柘新区8号院地面停车场,18601376118,汽车服务;充电站;充电站,011100,北京市,北京市,门头沟区,[],[],充电站,门头沟区
B0L1MPFSDD,国家电网汽车充电站(北京市门头沟区潭柘新区8号院公共充电站SDK),116.058266,39.881890,潭柘新区8号院停车场,[],汽车服务;充电站;充电站,011100,北京市,北京市,门头沟区,[],[],充电站,门头沟区
B0FFHQ8HHP,国家电网汽车充电站(北京市门头沟区爨底下景区),115.660085,39.972117,斋堂镇爨底下村停车场,[],汽车服务;充电站;充电站,011100,北京市,北京市,门头沟区,[],[],充电站,门头沟区
B0HUG5R4EP,国家电网汽车充电站(北京市门头沟区琉璃渠充电站),116.090723,39.971990,石担路琉璃渠村后街地面停车场,[],汽车服务;充电站;充电站,011100,北京市,北京市,门头沟区,龙泉,[],充电站,门头沟区
B0GKG56TXA,国家电网汽车充电站(北京市门头沟区石厂地铁站停车场公共充电站),116.100977,39.890459,地铁S1线东北侧地面停车场(石厂地铁站A西口步行190米),18601376118,汽车服务;充电站;充电站,011100,北京市,北京市,门头沟区,永定,[],充电站,门头沟区
B0I64DZIT9,国家电网汽车充电站(北京市门头沟区石厂地铁站停车场公共充电站SDK),116.100210,39.889409,石厂站P+R停车场(石厂地铁站A西口步行90米),18601376118,汽车服务;充电站;充电站,011100,北京市,北京市,门头沟区,永定,[],充电站,门头沟区
B0JKPNRPOS,国家电网汽车充电站(北京市门头沟区紫金新园停车场公共充电站),116.111780,39.890373,龙林路与紫金路交叉路口往西南约110米,18601376118,汽车服务;充电站;充电站,011100,北京市,北京市,门头沟区,永定,[],充电站,门头沟区
B0I25RIBQ3,国家电网汽车充电站(北京市门头沟区绿岛家园东侧),116.105547,39.944480,河滩路绿岛家园小区1号楼东北角地面停车场(临近举人茶府),[],汽车服务;充电站;充电站,011100,北京市,北京市,门头沟区,龙泉,[],充电站,门头沟区
B0FFHS6YI1,国家电网汽车充电站(北京市门头沟区雁翅公路服务站公共充电站),115.903035,40.037195,军庄镇西杨陀村军庄镇政府,[],汽车服务;充电站;充电站,011100,北京市,北京市,门头沟区,[],[],充电站,门头沟区
B0FFK851LY,国家电网汽车充电站(北京市门头沟区马致远故居),116.032333,39.959452,王平镇马致远故居西侧地面停车场,[],汽车服务;充电站;充电站,011100,北京市,北京市,门头沟区,[],[],充电站,门头沟区
B0LK5MSGDI,国家电网汽车充电站(北京市门头沟区龙泉宾馆),116.104590,39.962692,水闸北路21号门头沟龙泉宾馆对面六环桥下地面停车场,[],汽车服务;充电站;充电站,011100,北京市,北京市,门头沟区,龙泉,[],充电站,门头沟区
B0G33125KB,国家电网汽车充电站(北京市门头沟区龙泉宾馆公共充电站),116.104980,39.963144,水闸北路21号门头沟龙泉宾馆对面六环桥下,[],汽车服务;充电站;充电站,011100,北京市,北京市,门头沟区,龙泉,[],充电站,门头沟区
B0FFJS7YPF,国家电网汽车充电站(北京市门头沟区龙泉小学东侧),116.081583,39.945457,龙泉镇龙泉小学东侧地面停车场,[],汽车服务;充电站;充电站,011100,北京市,北京市,门头沟区,龙泉,[],充电站,门头沟区
B0L1YPDYEA,国家电网汽车充电站(北京市门头沟区龙泉雾居委会公共充电站),116.084222,39.988612,龙泉镇龙泉务居委会道路停车位,18601376118,汽车服务;充电站;充电站,011100,北京市,北京市,门头沟区,龙泉,[],充电站,门头沟区
B0IUYLJ2VJ,国家电网汽车充电站(北京市门头沟区龙泉雾村委会充电站),116.085110,39.982160,龙泉雾村民委员会停车场,18601376118,汽车服务;充电站;充电站,011100,北京市,北京市,门头沟区,龙泉,[],充电站,门头沟区
B0J0JGHSTT,国家电网汽车充电站(北京市门头沟区龙泉雾社区居委会公共充电站),116.084030,39.989212,龙泉镇龙泉务居委会,18601376118,汽车服务;充电站;充电站,011100,北京市,北京市,门头沟区,龙泉,[],充电站,门头沟区
B0MBAP8QJN,国家电网汽车充电站(北京市门头沟区龙门新区1号停车场公共充电站),116.089270,39.944214,龙门新区1号停车场公共充电站,18601376118,汽车服务;充电站;充电站,011100,北京市,北京市,门头沟区,龙泉,[],充电站,门头沟区
B0G3T1SE7K,国家电网汽车充电站(妙峰山景区),116.039925,40.064210,妙峰山镇涧沟村妙峰山景区停车场,[],汽车服务;充电站;充电站,011100,北京市,北京市,门头沟区,[],[],充电站,门头沟区
B0FFHDSC19,国家电网汽车充电站(承泽苑小区外),116.115078,39.930176,承泽苑小区院外(7号楼西侧)道路停车位,18601376118,汽车服务;充电站;充电站,011100,北京市,北京市,门头沟区,龙泉,[],充电站,门头沟区
B0FFH8XPIS,国家电网汽车充电站(桥东街),116.101020,39.944826,河滩桥东街路10号医院对面地面停车场,18601376118,汽车服务;充电站;充电站,011100,北京市,北京市,门头沟区,龙泉,[],充电站,门头沟区
B0FFFVRDH3,国家电网汽车充电站(福亭公园西),116.098862,39.957812,地面停车场,[],汽车服务;充电站;充电站,011100,北京市,北京市,门头沟区,龙泉,[],充电站,门头沟区
B0FFFH8SQS,国家电网汽车充电站(门头沟客户服务中心),116.114469,39.932064,滨河路66号道路停车位,[],汽车服务;充电站;充电站,011100,北京市,北京市,门头沟区,龙泉,[],充电站,门头沟区
B0G3LBCU9V,国家电网电动汽车充电站(内部专用),116.086943,39.871762,永定镇戒台寺停车场内,[],汽车服务;充电站;专用充电站,011103,北京市,北京市,门头沟区,[],[],充电站,门头沟区
B0K2VBAIRN,壳牌充电汽车充电站(壳牌充电北京门头沟石龙三期地下充电站),116.129153,39.894324,莲石西路98号石龙孵化园石龙三期B2层D区029-048车位,4007160699,汽车服务;充电站;充电站,011100,北京市,北京市,门头沟区,永定,[],充电站,门头沟区
B0K0DBE60S,壳牌充电汽车充电站(壳牌充电北京门头沟石龙创业大厦地下充电站),116.130670,39.895737,莲石湖西路98号院石龙孵化园创业大厦B3,4007160699,汽车服务;充电站;充电站,011100,北京市,北京市,门头沟区,永定,[],充电站,门头沟区
B0K0DBDY9D,壳牌充电汽车充电站(壳牌充电北京门头沟石龙创新大厦地下充电站),116.124156,39.894458,莲石西路98号石龙孵化园创新大厦B2,4007160699,汽车服务;充电站;充电站,011100,北京市,北京市,门头沟区,永定,[],充电站,门头沟区
B0K2VB3278,壳牌充电汽车充电站(壳牌充电北京门头沟石龙阳光大厦地下充电站),116.130460,39.896550,永定石湖西路98号阳光大厦B1,4007160699,汽车服务;充电站;充电站,011100,北京市,北京市,门头沟区,永定,[],充电站,门头沟区
B0MA6ULI8G,家充充汽车充电站(欢乐大都会-B2-B区-2297车位),116.108420,39.895546,北京市石担路辅路门头沟区永定保利首开·欢乐大都汇,16619990411,汽车服务;充电站;充电站,011100,北京市,北京市,门头沟区,永定,[],充电站,门头沟区
B0JD1DXQSE,小桔充电汽车充电站(北京门头沟金融街融悦中心),116.110520,39.889470,金融街融悦中心地下停车场(小园地铁站B1口步行400米),4000610999,汽车服务;充电站;充电站,011100,北京市,北京市,门头沟区,永定,[],充电站,门头沟区
B0J2PG4J9M,小桔充电汽车充电站(北京门头沟龙泉宾馆),116.103733,39.963330,龙泉会堂东北门西北190米,[],汽车服务;充电站;充电站,011100,北京市,北京市,门头沟区,龙泉,[],充电站,门头沟区
B0J3V568IY,小桔充电汽车充电站(门头沟7号院),116.108746,39.944592,永定滨河路18号院地面停车场115,4000610999,汽车服务;充电站;充电站,011100,北京市,北京市,门头沟区,门头沟,[],充电站,门头沟区
B0KRLG68AD,小桔充电汽车充电站(顺充门头沟梨园停车场超级),116.108856,39.931093,月季园路大峪街道新桥南大街社区梨园停车场,4000610999,汽车服务;充电站;充电站,011100,北京市,北京市,门头沟区,大峪村,[],充电站,门头沟区
B0LR06KJZR,小鹏超级充电站(小鹏S4超快充北京景阳融鑫大厦站),116.110781,39.890126,景阳融鑫大厦南门旁(小园地铁站B1口步行330米),4007836688,汽车服务;充电站;充电站,011100,北京市,北京市,门头沟区,永定,[],充电站,门头沟区
B0KRV6D421,小鹏超级充电站(小鹏S4超快充北京门头沟新桥大街站),116.108765,39.931087,月季园路大峪街道新桥南大街社区梨园停车场,4007836688,汽车服务;充电站;充电站,011100,北京市,北京市,门头沟区,大峪村,[],充电站,门头沟区
B0L045XW8P,小麦电站汽车充电站(中门寺南坡小区2号楼共享充电桩),116.093550,39.933170,大峪南路,010-53654350,汽车服务;充电站;充电站,011100,北京市,北京市,门头沟区,大峪村,[],充电站,门头沟区
B0KAMH1GOB,捷顺充汽车充电站(西山燕庐地下停车场充电站),116.125020,39.901190,永定镇新城东街西山燕庐,13621204900,汽车服务;充电站;充电站,011100,北京市,北京市,门头沟区,永定,[],充电站,门头沟区
B0MDHDRKED,新电途汽车充电站(门头沟plus365地下充电站),116.109321,39.910627,永定镇西北环线Plus365购物中心(门头沟店),4001100835,汽车服务;充电站;充电站,011100,北京市,北京市,门头沟区,永定,[],充电站,门头沟区
B0L11CM2UJ,新电途汽车充电站(龙门口慢充站),115.684020,40.055180,斋堂镇龙门口村,4001100835,汽车服务;充电站;充电站,011100,北京市,北京市,门头沟区,[],[],充电站,门头沟区
B0LK3BXN22,昆仑网电汽车充电站(昆仑网电北京中国铁建梧桐汇充电站),116.145325,39.897846,"永定镇东辛秤中国铁建梧桐汇梧桐嘉苑清露园北门进入,龙兴南一路南侧,右侧停车场即到",956100,汽车服务;充电站;充电站,011100,北京市,北京市,门头沟区,永定,[],充电站,门头沟区
B0KK0P5U2S,昆仑网电汽车充电站(昆仑网电北京小园地铁充电站),116.114270,39.890750,小园地铁站北侧地面停车场,956100,汽车服务;充电站;充电站,011100,北京市,北京市,门头沟区,永定,[],充电站,门头沟区
B0LBPP1PQJ,星星充电汽车充电站(星星充电-门头沟-石龙老年护养中心充电站),116.111956,39.913825,石龙医院地面停车场29,[],汽车服务;充电站;充电站,011100,北京市,北京市,门头沟区,永定,[],充电站,门头沟区
B0LUD95IQZ,普天充电站(中国铁建梧桐汇),116.143547,39.900395,龙兴南一路与玉带西街交叉口东140米,[],汽车服务;充电站;充电站,011100,北京市,北京市,门头沟区,永定,[],充电站,门头沟区
B0JUT5FWEE,智电时代鸿博文化园汽车交流站,116.017895,39.877480,鲁家滩西街6号,[],汽车服务;充电站;充电站,011100,北京市,北京市,门头沟区,[],[],充电站,门头沟区
B0MAD4I97Z,有加充电汽车充电站(北京市华萃西山二期3.4),116.091322,39.882825,永定地区石龙南路75号,17334389070,汽车服务;充电站;充电站,011100,北京市,北京市,门头沟区,[],[],充电站,门头沟区
B0MAD4HU1J,有加充电目的地充电站(北京市华萃西山二期8号楼),116.091366,39.882759,永定地区石龙南路75号,17334389070,汽车服务;充电站;充电站,011100,北京市,北京市,门头沟区,[],[],充电站,门头沟区
B0MAD4HU1I,有加充电目的地充电站(华萃西山1期),116.095930,39.883960,G108辅线与苛罗坨北路交叉口东南方向136米左右,17334389070,汽车服务;充电站;充电站,011100,北京市,北京市,门头沟区,永定,[],充电站,门头沟区
B0LR04LJZ8,有加充电目的地充电站(西山艺境),116.100716,39.928265,西山环路7号院,17334389070,汽车服务;充电站;充电站,011100,北京市,北京市,门头沟区,龙泉,[],充电站,门头沟区
B0LK742GIW,来点电汽车充电站(11号快12号快充充电站),116.116110,39.912422,石龙北路42号永兴小区南侧,15001116352,汽车服务;充电站;充电站,011100,北京市,北京市,门头沟区,永定,[],充电站,门头沟区
B0LK742NPE,来点电汽车充电站(6号慢充充电站),116.116110,39.912422,石龙北路42号永兴小区南侧,15001116352,汽车服务;充电站;充电站,011100,北京市,北京市,门头沟区,永定,[],充电站,门头沟区
B0LK742GIV,来点电汽车充电站(7号慢充充电站),116.116110,39.912422,石龙北路42号永兴小区南侧,15001116352,汽车服务;充电站;充电站,011100,北京市,北京市,门头沟区,永定,[],充电站,门头沟区
B0LK742959,来点电汽车充电站(8号慢充充电站),116.116110,39.912422,石龙北路42号永兴小区南侧,15001116352,汽车服务;充电站;充电站,011100,北京市,北京市,门头沟区,永定,[],充电站,门头沟区
B0LK7432V3,来点电汽车充电站(9号快10号快充充电站),116.116110,39.912422,石龙北路42号永兴小区南侧,15001116352,汽车服务;充电站;充电站,011100,北京市,北京市,门头沟区,永定,[],充电站,门头沟区
B0MAKMNBQX,比邻电驿充电站,116.124980,39.910645,金沙西街5号院北京诺德彩园东区,[],汽车服务;充电站;充电站,011100,北京市,北京市,门头沟区,永定,[],充电站,门头沟区
B0KKHS7BBT,汽车充电站,115.697245,39.972225,斋堂镇文化中心,[],汽车服务;充电站;充电站,011100,北京市,北京市,门头沟区,[],[],充电站,门头沟区
B0MUXU9K9F,汽车充电站(京能集团能+超充永升嘉园站),116.141356,39.900428,玉带西街301号院,[],汽车服务;充电站;充电站,011100,北京市,北京市,门头沟区,永定,[],充电站,门头沟区
B0K2U7N9XP,汽车充电站(公共站门头沟区西胡林服务区进京方向优易充小站),115.747280,39.982470,西胡林东路与京拉线交叉口西南480米,4006556620,汽车服务;充电站;充电站,011100,北京市,北京市,门头沟区,[],[],充电站,门头沟区
B0KAKATMIR,汽车充电站(北京西山燕庐室外地面)(内部专用),116.125024,39.901192,永定镇新城东街西山燕庐,[],汽车服务;充电站;专用充电站,011103,北京市,北京市,门头沟区,永定,[],充电站,门头沟区
B0K24LG52L,汽车充电站(北汽新能源),116.104942,39.928631,高家园东街1号院14号15号楼317,18501188790,汽车服务;充电站;充电站,011100,北京市,北京市,门头沟区,龙泉,[],充电站,门头沟区
B0FFHC97HM,汽车充电站(和平街),116.079273,39.945007,和平街与和平西街交叉口东北20米,[],汽车服务;充电站;充电站,011100,北京市,北京市,门头沟区,东辛房村,[],充电站,门头沟区
B0LRFB5R4Y,汽车充电站(小湖智充北京龙湖揽境站),116.134690,39.911964,永定镇西苑路龙湖北辰揽境地下停车场,4006568997,汽车服务;充电站;充电站,011100,北京市,北京市,门头沟区,永定,[],充电站,门头沟区
B0HKDUZNWK,汽车充电站(新源恒远公共站082-人保大厦),116.090037,39.933379,中门寺大街16号人保大厦东门北侧车位,[],汽车服务;充电站;充电站,011100,北京市,北京市,门头沟区,龙泉,[],充电站,门头沟区
B0KRKUAF3U,汽车充电站(西胡林服务区),115.745561,39.983796,西胡林东路与京拉线交叉口西420米,4006556620,汽车服务;充电站;充电站,011100,北京市,北京市,门头沟区,[],[],充电站,门头沟区
B0LG97X474,汽车充电站(隆瑞三优斋堂站),115.703430,39.978657,斋堂大街107号(斋堂城遗址西北侧),[],汽车服务;充电站;充电站,011100,北京市,北京市,门头沟区,[],[],充电站,门头沟区
B0IKVDAPMQ,滴滴充电汽车充电站(BP快速充电站北京门头沟金融街融悦中心),116.110520,39.889470,金融街融悦中心(小园地铁站B1口步行360米),4000610999,汽车服务;充电站;充电站,011100,北京市,北京市,门头沟区,永定,[],充电站,门头沟区
B0MA5NN90Z,滴滴充电汽车充电站(公牛超充站门头沟象地万玺大厦超级充电站),116.106865,39.931183,大峪街道新桥大街象地万玺大厦,4000610999,汽车服务;充电站;充电站,011100,北京市,北京市,门头沟区,龙泉,[],充电站,门头沟区
B0MUNA1RI7,滴滴充电汽车充电站(北京门头沟龙泉宾馆充电站),116.103770,39.963215,龙泉镇龙泉宾馆(东北1门)进门右转即到,4000610999,汽车服务;充电站;充电站,011100,北京市,北京市,门头沟区,龙泉,[],充电站,门头沟区
B0LK7N31VN,滴滴充电汽车充电站(皓能西山梧桐充电站),116.102325,39.905186,永定镇友谊路和合苑永定镇政府,4000610999,汽车服务;充电站;充电站,011100,北京市,北京市,门头沟区,永定,[],充电站,门头沟区
B0L2NHHI1I,滴滴充电汽车充电站(门头沟精雕智造中心华园路1号充电站),116.116098,39.900970,永定镇华园路1号北京中关村精雕智造科技创新中心停车场西侧,4000610999,汽车服务;充电站;充电站,011100,北京市,北京市,门头沟区,永定,[],充电站,门头沟区
B0LK2ORSKY,瀚瑞德汽车充电站(能加超充门头沟国信滨河大厦站),116.111702,39.935167,滨河路115号,4001887776,汽车服务;充电站;充电站,011100,北京市,北京市,门头沟区,大峪村,[],充电站,门头沟区
B0J29G5SP0,特斯拉目的地充电站(北京呢喃山居私汤民宿目的地充电站),115.986446,39.918292,赵家台老村8号地面停车场,4009100707,汽车服务;充电站;充电站,011100,北京市,北京市,门头沟区,[],[],充电站,门头沟区
B0L30GJMXK,特斯拉超级充电站(北京熙旺中心大厦),116.113080,39.935060,双峪路35号熙旺中心大厦地下停车场B2层B2123车位对面/入口双峪路辅路,4009100707,汽车服务;充电站;充电站,011100,北京市,北京市,门头沟区,龙泉,[],充电站,门头沟区
B0G0C7YZ94,特斯拉超级充电站(北京长安天街),116.124046,39.905463,新城大街北京长安天街地下停车场B3-K区,[],汽车服务;充电站;充电站,011100,北京市,北京市,门头沟区,永定,[],充电站,门头沟区
B0J3MGDJFQ,特斯拉超级充电站(北京门头沟七星长安),116.113550,39.923206,石龙北路15号鸿坤七星长安地下停车场B2层015车位对面/入口新桥大街,[],汽车服务;充电站;充电站,011100,北京市,北京市,门头沟区,永定,[],充电站,门头沟区
B0H3Y46VD2,特来电充电站(中恒熙旺中心),116.113518,39.935677,大峪街道双峪路35号院1号熙旺中心大厦地下停车场,[],汽车服务;充电站;充电站,011100,北京市,北京市,门头沟区,门头沟,[],充电站,门头沟区
B0LG97TNKZ,特来电汽车充电站(中恒智选假日酒店充电站),116.135880,39.912334,永定镇西苑路北京门头沟智选假日酒店,4001300001,汽车服务;充电站;充电站,011100,北京市,北京市,门头沟区,永定,[],充电站,门头沟区
B0J2TZP1JW,特来电汽车充电站(北京中门寺小区充电站),116.087029,39.928210,中门寺南路与305乡道交叉口东240米地面停车场,13911317059,汽车服务;充电站;充电站,011100,北京市,北京市,门头沟区,门头沟,[],充电站,门头沟区
B0I05GZ0YD,特来电汽车充电站(特来电北京京西晨光酒店充电站),116.106110,39.934636,双峪路1号地面停车场08,4001300001,汽车服务;充电站;充电站,011100,北京市,北京市,门头沟区,龙泉,[],充电站,门头沟区
B0LUSD0SIR,理想超级充电站(理想超充站北京西长安壹号南区南门停车场),116.124199,39.902333,西长安壹号南区南门旁(上岸地铁站出入口步行460米),4006860400,汽车服务;充电站;充电站,011100,北京市,北京市,门头沟区,永定,[],充电站,门头沟区
B0LR1XUZZI,电动汽车充电站(落坡环路),116.021940,39.968673,东韭路与东石古岩路交叉口南180米,[],汽车服务;充电站;充电站,011100,北京市,北京市,门头沟区,[],[],充电站,门头沟区
B0J3FCEMN8,能加超充汽车充电站(门头沟国信滨河大厦站),116.111029,39.935786,滨河路115号国信滨河大厦停车场内,[],汽车服务;充电站;充电站,011100,北京市,北京市,门头沟区,大峪村,[],充电站,门头沟区
B0K2SH877T,能加超充超级充电站(门头沟区永升嘉园超充站·华为超充技术支持),116.142079,39.900147,永升嘉园东侧停车场,4001100835,汽车服务;充电站;充电站,011100,北京市,北京市,门头沟区,永定,[],充电站,门头沟区
B0L0A5BZVP,能效邻里共享汽车充电站(直流慢充7KV9孔),116.098840,39.932540,2号楼前74号车位,13810862515,汽车服务;充电站;充电站,011100,北京市,北京市,门头沟区,大峪村,[],充电站,门头沟区
B0K6KMZLLV,蔚来换电站(龙门新区站),116.088025,39.944925,城子街道龙门新区,[],生活服务;生活服务场所;生活服务场所,070000,北京市,北京市,门头沟区,龙泉,[],充电站,门头沟区
B0K6JKQK7C,蔚来能源超级充电站(北京门头沟龙门新区),116.089270,39.944275,龙门新区1号地面停车场,[],汽车服务;充电站;充电站,011100,北京市,北京市,门头沟区,龙泉,[],充电站,门头沟区
B0M6MNTPVK,达克云A汽车充电站(门头沟景阳融鑫大厦充电站),116.110140,39.890010,紫金路5号院景阳融鑫大厦地面停车场,4006717555,汽车服务;充电站;充电站,011100,北京市,北京市,门头沟区,永定,[],充电站,门头沟区
B0L16NR11Y,达克云汽车充电站(公牛象地万玺大厦超级充电站),116.106380,39.931217,象地万玺大厦地面停车场,4000610999,汽车服务;充电站;充电站,011100,北京市,北京市,门头沟区,龙泉,[],充电站,门头沟区
B0MAMZ632R,达克云汽车充电站(场部管理站),116.090320,39.938030,京西林场管理处场部,4006717555,汽车服务;充电站;充电站,011100,北京市,北京市,门头沟区,龙泉,[],充电站,门头沟区
B0MD6B90J8,逸安启超级充电站(北京西长安壹号南区),116.124542,39.902232,新城东街19号西长安壹号南区地面停车场,4000010780,汽车服务;充电站;充电站,011100,北京市,北京市,门头沟区,永定,[],充电站,门头沟区
B0MBZ4B4S5,阳光充电汽车充电站(金隅琉璃文化创意产业园充电站),116.090706,39.968830,琉璃渠大街2号,18601222421,汽车服务;充电站;充电站,011100,北京市,北京市,门头沟区,龙泉,[],充电站,门头沟区
B0G0O5V441,隆瑞三优下苇甸890路充电站,116.009561,40.007123,东方小区西侧270米,[],汽车服务;充电站;充电站,011100,北京市,北京市,门头沟区,[],[],充电站,门头沟区
B0MBD1GUS7,隆瑞三优小园M26路M41路充电站,116.115533,39.889666,云翔嘉苑西北门旁(小园地铁站B2口步行70米),[],汽车服务;充电站;充电站,011100,北京市,北京市,门头沟区,永定,[],充电站,门头沟区
B0G0T5EZXN,隆瑞三优德露苑891路充电站,116.115676,39.927430,滨河路德露苑,[],汽车服务;汽车服务相关;汽车服务相关,010000,北京市,北京市,门头沟区,永定,[],充电站,门头沟区
B0GKNZ7DB3,隆瑞三优石厂960路充电站,116.099196,39.889822,西一路与石龙南路交叉口西南100米,[],汽车服务;充电站;充电站,011100,北京市,北京市,门头沟区,永定,[],充电站,门头沟区
B0K319SD65,隆瑞三优超级充电站(隆瑞三优杨坨超级充电站),116.106079,40.005563,S210(军庄路),[],汽车服务;充电站;充电站,011100,北京市,北京市,门头沟区,军庄镇,[],充电站,门头沟区
B0MAONGMPA,驴充充汽车充电站(门头沟区桃园小区),116.106224,39.926340,桃园路桃园小区桃园社区-11号楼,0797-966991,汽车服务;充电站;充电站,011100,北京市,北京市,门头沟区,龙泉,[],充电站,门头沟区
B0H6ZSQQI1,驿充电充电站(北京门头沟欢乐大都汇站),116.108187,39.895771,冯石环线与石龙南路交叉路口往西北约50米欢乐大都汇,[],汽车服务;充电站;充电站,011100,北京市,北京市,门头沟区,永定,[],充电站,门头沟区
B0FFL7VVA7,EC动力后沙峪充电站,116.543345,40.100083,蓝山国际北门西150米地面停车场,4001100835,汽车服务;充电站;充电站,011100,北京市,北京市,顺义区,后沙峪,[],充电站,顺义区
B0HBKRSRLE,EC动力塔河村汽车充电站,116.621638,40.098174,双河大街塔河村顺力成电力设备安装工程有限公司,17710505631;4001100835,汽车服务;充电站;充电站,011100,北京市,北京市,顺义区,[],[],充电站,顺义区
B0GU1UXT2R,EC动力汽车充电站(航港),116.600518,40.111755,航港物流园地面停车场,17710505631,汽车服务;充电站;充电站,011100,北京市,北京市,顺义区,[],[],充电站,顺义区
B0KUDG9WKN,bp pulse汽车充电站(北京顺义站前北街),116.646840,40.130386,胜利街道旺久阁美食坊顺义区铁路家属楼,4006644086,汽车服务;充电站;充电站,011100,北京市,北京市,顺义区,胜利,[],充电站,顺义区
B0L3UNGI5R,中化新能源汽车充电站(北京蓝星清洗创新产业园充电站),116.546000,40.092370,安祥大街与裕安路交叉口东120米,[],汽车服务;充电站;充电站,011100,北京市,北京市,顺义区,后沙峪,[],充电站,顺义区
B0LD9R4BTS,中国石化汽车充电站(中国石化旺泉充电站),116.641374,40.118167,顺白路12号,95105888,汽车服务;充电站;充电站,011100,北京市,北京市,顺义区,仁和,[],充电站,北京市
B0L11BK6IQ,中国石化汽车充电站(中国石化高丽营充电站),116.511080,40.166588,顺沙路南侧,95105888,汽车服务;充电站;充电站,011100,北京市,北京市,顺义区,[],[],充电站,顺义区
B0LAJBIGPR,中国石化汽车充电站(中国石化麗枫酒店充电站),116.602738,40.144648,丽枫酒店·北京首都机场新国展店地面停车场,95105888,汽车服务;充电站;充电站,011100,北京市,北京市,顺义区,[],[],充电站,顺义区
B0K6SU52VB,中国石化汽车充电站(瑰悦酒店充电站),116.560794,40.071515,空港街道北京临空新国展瑰悦酒店(北1门),95105888,汽车服务;充电站;充电站,011100,北京市,北京市,顺义区,天竺,[],充电站,北京市
B0K60B1R7S,中国石化汽车充电站(石园充电站),116.664782,40.107229,石园南大街18号院3号楼西侧,95105888,汽车服务;充电站;充电站,011100,北京市,北京市,顺义区,仁和,[],充电站,顺义区
B0L6O1MQ4H,中国石化汽车充电站(顺义华英园充电站),116.619862,40.129032,停车场(华英园东),95105888,汽车服务;充电站;充电站,011100,北京市,北京市,顺义区,南法信,[],充电站,顺义区
B0LKZBE699,中国石化汽车充电站(顺义头二营村充电站),116.638718,40.067174,李桥镇李三路小鹏地面停车场,95105888,汽车服务;充电站;充电站,011100,北京市,北京市,顺义区,[],[],充电站,北京市
B0MAV45OS6,中国石化超级充电站(鲁班充电站),116.690636,40.142670,南彩镇彩园工业区彩祥西路7号北京鲁班院内,95105888,汽车服务;充电站;充电站,011100,北京市,北京市,顺义区,南彩,[],充电站,顺义区
B0JBYZQGUJ,于家公寓充电站,116.494757,40.141500,中通街20号,13167362071,汽车服务;充电站;充电站,011100,北京市,北京市,顺义区,[],[],充电站,顺义区
B0JD75FOAT,云快充24小时汽车充电站,116.620411,40.211679,陈各庄南街37号,4008288517,汽车服务;充电站;充电站,011100,北京市,北京市,顺义区,[],[],充电站,北京市
B0FFL1IATW,云快充充电站(国展),116.541083,40.075840,裕丰路20号地面停车场09,4008288517,汽车服务;充电站;充电站,011100,北京市,北京市,顺义区,后沙峪,[],充电站,顺义区
B0JDHPRNDA,云快充充电站(艾弘1号),116.560616,40.182340,火寺路白菊汽车零部件有限公司,4008288517,汽车服务;充电站;充电站,011100,北京市,北京市,顺义区,[],[],充电站,顺义区
B0L16KP9ZP,云快充汽车充电站(博源宏达充电桩),116.634619,40.060514,李桥镇头二营村惠多多洗车北二百米,4008288517,汽车服务;充电站;充电站,011100,北京市,北京市,顺义区,李桥,[],充电站,顺义区
B0KDVHNU39,云快充汽车充电站(天成),116.501608,40.160875,高丽营镇高丽营四村高唐路与九厂路交叉口,13021211828;4008288517,汽车服务;充电站;充电站,011100,北京市,北京市,顺义区,[],[],充电站,北京市
B0KG5H5O5K,云快充汽车充电站(德玉充电站),116.605730,40.139374,北京悦普达环保科技有限公司,4008288517,汽车服务;充电站;充电站,011100,北京市,北京市,顺义区,南法信,[],充电站,顺义区
B0IG2LF0OV,云快充汽车充电站(王辛庄村充电站),116.841760,40.094663,杨镇王辛庄村,4008288517,汽车服务;充电站;充电站,011100,北京市,北京市,顺义区,[],[],充电站,顺义区
B0JAFKLVEB,云快充汽车充电站(科创停车场充电站),116.636888,40.099976,仁和镇双河路北杜杨南街,4008288517,汽车服务;充电站;充电站,011100,北京市,北京市,顺义区,[],[],充电站,顺义区
B0K6YH35P2,云快充汽车充电站(空港物流园充电站),116.556710,40.130790,火寺路与順于路交叉路口向东50米路南,4008288517,汽车服务;充电站;充电站,011100,北京市,北京市,顺义区,小汤山,[],充电站,顺义区
B0L07Y1RFV,云快充汽车充电站(空港物流园充电站三期),116.555230,40.130306,北京市火寺路与順于路交叉路口向东50米路南,4008288517,汽车服务;充电站;充电站,011100,北京市,北京市,顺义区,小汤山,[],充电站,顺义区
B0KUVKK87N,云快充汽车充电站(空港物流园充电站二期),116.554197,40.131329,火寺路与順于路交叉路口向东50米路南,4008288517,汽车服务;充电站;充电站,011100,北京市,北京市,顺义区,小汤山,[],充电站,顺义区
B0J6ZLVQ8K,云快充汽车充电站(顺义牌楼村充电站),116.788654,40.093889,李遂镇牌楼村三街13号,4008288517,汽车服务;充电站;充电站,011100,北京市,北京市,顺义区,[],[],充电站,顺义区
B0KA6L96IZ,云快充汽车充电站(首都机场3号航站楼),116.635560,40.073627,三营西主街与一号路交叉口东南100米,[],汽车服务;充电站;充电站,011100,北京市,北京市,顺义区,[],[],充电站,顺义区
B0M65YFRI9,云快充超级充电站(世纪全营充电站二期),116.620460,40.211636,赵全营镇卓迈货车有限公司,4008288517,汽车服务;充电站;充电站,011100,北京市,北京市,顺义区,[],[],充电站,顺义区
B0LK0K6Y2T,云快充超级充电站(众鑫合美充电站),116.666440,40.048355,李桥镇四纬东路通顺路口南行150马路西侧,4008288517,汽车服务;充电站;充电站,011100,北京市,北京市,顺义区,李桥,[],充电站,顺义区
B0M6B9IOHT,云快充超级充电站(北务服务区充电站出京方向),116.834145,40.052437,北务服务区,4008288517,汽车服务;充电站;充电站,011100,北京市,北京市,顺义区,[],[],充电站,顺义区
B0K0HCNMRR,云快充超级充电站(北务服务区充电站进京方向),116.835800,40.054540,北务服务区,4008288517,汽车服务;充电站;充电站,011100,北京市,北京市,顺义区,[],[],充电站,顺义区
B0JG3LXCJZ,云快充超级充电站(后沙峪段8号1号院充电站),116.565961,40.111763,京密路后沙峪段8号(后沙峪地铁站C东南口步行450米),4008288517,汽车服务;充电站;充电站,011100,北京市,北京市,顺义区,后沙峪,[],充电站,顺义区
B0KA2HAOV4,云快充超级充电站(电小易衙门村站),116.610300,40.153810,马坡镇衙门村,4008288517,汽车服务;充电站;充电站,011100,北京市,北京市,顺义区,[],[],充电站,顺义区
B0J11YYVEE,云快充超级充电站(首都机场生活区充电站),116.603064,40.044727,陆联通地面停车场,4008288517,汽车服务;充电站;充电站,011100,北京市,北京市,顺义区,[],[],充电站,顺义区
B0L2TM2XVO,优易充charge汽车充电站(东马各庄充电站),116.565910,40.133747,顺义区金马工业区中路,4000826699,汽车服务;充电站;充电站,011100,北京市,北京市,顺义区,[],[],充电站,顺义区
B0FFKRR12O,北京市顺义区北小营供电所充电站,116.729987,40.215659,北小营镇西乌鸡村南地面停车场,[],汽车服务;汽车服务相关;汽车服务相关,010000,北京市,北京市,顺义区,[],[],充电站,顺义区
B0M6VPI1XI,北京车联网汽车充电站(国门一号),116.560919,40.121254,后沙峪镇安平北街3号,18301081505,汽车服务;充电站;充电站,011100,北京市,北京市,顺义区,后沙峪,[],充电站,顺义区
B0J39UC356,北京车联网汽车充电站(首都机场能源中心),116.631600,40.034468,李桥镇李天路12号,010-89485090;18301081505;4000826699,汽车服务;充电站;充电站,011100,北京市,北京市,顺义区,[],[],充电站,北京市
B0M6T75144,北京首都国展会展中心岚图汽车智慧超充站,116.554728,40.079844,天柱西路14号,4008888488,汽车服务;充电站;充电站,011100,北京市,北京市,顺义区,后沙峪,[],充电站,顺义区
B0J24C175H,北京首都国际机场T3E区汽车充电站,116.612551,40.051478,一经路1号,[],汽车服务;充电站;充电站,011100,北京市,北京市,顺义区,[],[],充电站,顺义区
B0KU9RNWGG,千翔鸿胜充电站,116.729948,40.049358,史庄村退役军人服务站东侧50米,[],汽车服务;汽车服务相关;汽车服务相关,010000,北京市,北京市,顺义区,[],[],充电站,顺义区
B0LUTR6PQD,和瑞众联汽车充电站(EC动力航港二期充电站),116.601234,40.111620,南法信镇南岗路航港物流园,17710505631,汽车服务;充电站;充电站,011100,北京市,北京市,顺义区,[],[],充电站,顺义区
B0FFFFY0QI,国家电网汽车充电站(五经路),116.620562,40.053039,T3航站楼东南地面停车场(国际要客登机口对面),18601376118,汽车服务;充电站;充电站,011100,北京市,北京市,顺义区,[],[],充电站,北京市
B0FFGHJ5BK,国家电网汽车充电站(北京市顺义区仁和),116.652082,40.082494,南二环路仁和镇米各庄村北,[],汽车服务;充电站;充电站,011100,北京市,北京市,顺义区,[],[],充电站,顺义区
B0FFGPDE5N,国家电网汽车充电站(北京市顺义区俸伯地铁站充电站),116.683164,40.133329,顺平辅线俸伯站P+R停车场内,18601376118,汽车服务;充电站;充电站,011100,北京市,北京市,顺义区,南彩,[],充电站,顺义区
B0FFHP28CG,国家电网汽车充电站(北京市顺义区南彩镇社区卫生服务站),116.750955,40.136677,顺平路南彩段3号,[],汽车服务;充电站;充电站,011100,北京市,北京市,顺义区,南彩,[],充电站,顺义区
B0FFHLX8P9,国家电网汽车充电站(北京市顺义区后沙峪),116.543938,40.098370,后沙峪镇裕安路4号地面停车场,[],汽车服务;充电站;充电站,011100,北京市,北京市,顺义区,后沙峪,[],充电站,顺义区
B0FFFV4UPV,国家电网汽车充电站(北京市顺义区天竺),116.574928,40.064154,小王辛庄南路8号院附近,18601376118,汽车服务;充电站;充电站,011100,北京市,北京市,顺义区,天竺,[],充电站,顺义区
B0FFI1ZTD6,国家电网汽车充电站(北京市顺义区奥林匹克水上公园公共充电站),116.691241,40.168737,北小营镇水上公园正门对面,18601376118,汽车服务;充电站;充电站,011100,北京市,北京市,顺义区,[],[],充电站,顺义区
B0FFHJJAC0,国家电网汽车充电站(北京市顺义区张镇),116.945682,40.142286,[],[],汽车服务;充电站;充电站,011100,北京市,北京市,顺义区,[],[],充电站,顺义区
B0FFI7GAUK,国家电网汽车充电站(北京市顺义区木林),116.773894,40.248587,木林镇木林教师楼北,18601376118,汽车服务;充电站;充电站,011100,北京市,北京市,顺义区,[],[],充电站,顺义区
B0FFJ2F9G6,国家电网汽车充电站(北京市顺义区李桥),116.704908,40.041800,李桥镇沿河村西,18601376118,汽车服务;充电站;充电站,011100,北京市,北京市,顺义区,[],[],充电站,顺义区
B0FFHYDVA7,国家电网汽车充电站(北京市顺义区李遂),116.759251,40.092192,李魏路支线与左魏路交叉口东北340米,[],汽车服务;充电站;充电站,011100,北京市,北京市,顺义区,[],[],充电站,顺义区
B0LKV74WX7,国家电网汽车充电站(北京市顺义区海洪加油站东侧停车场公共超级充电站),116.608080,40.144440,南法信镇中国石化海洪加油站东侧停车场,18601376118,汽车服务;充电站;充电站,011100,北京市,北京市,顺义区,[],[],充电站,顺义区
B0FFM0R834,国家电网汽车充电站(北京市顺义区牛栏山镇北京中医院公共充电站),116.655779,40.208933,牛栏山镇北京中医院东侧公共停车场,[],汽车服务;充电站;充电站,011100,北京市,北京市,顺义区,[],[],充电站,顺义区
B0I25RH1LE,国家电网汽车充电站(北京市顺义区航港大厦北侧公共充电站),116.610874,40.117172,中轴路航港国际大厦北侧地面停车场0337,18601376118,汽车服务;充电站;充电站,011100,北京市,北京市,顺义区,南法信,[],充电站,顺义区
B0K3SDG0CH,国家电网汽车充电站(北京市顺义区西外街西辛公共超级充电站),116.639842,40.133398,西外街21号(石门地铁站A西北口步行410米),18601376118,汽车服务;充电站;充电站,011100,北京市,北京市,顺义区,胜利,[],充电站,顺义区
B0FFHXNDU9,国家电网汽车充电站(北京市顺义区赵全营),116.592475,40.211620,赵全营政府对面停车场,18601376118,汽车服务;充电站;充电站,011100,北京市,北京市,顺义区,[],[],充电站,顺义区
B0FFJ9S5HE,国家电网汽车充电站(北石槽供电所院外),116.541677,40.256759,北石槽供电所门口,18601376118,汽车服务;充电站;充电站,011100,北京市,北京市,顺义区,[],[],充电站,顺义区
B0FFI7F40V,国家电网汽车充电站(北韩路水色时光花园北410米),116.730227,40.215713,北小营镇西乌鸡村南地面停车场,[],汽车服务;充电站;充电站,011100,北京市,北京市,顺义区,[],[],充电站,顺义区
B0FFJ9XEC1,国家电网汽车充电站(春晖园温泉酒店),116.493374,40.127580,高丽营镇春晖园温泉度假酒店南门地面停车场,18601376118,汽车服务;充电站;充电站,011100,北京市,北京市,顺义区,[],[],充电站,顺义区
B0FFHJJ9Y9,国家电网汽车充电站(顺义北务供电所),116.825940,40.071280,龙塘路北50米,[],汽车服务;充电站;充电站,011100,北京市,北京市,顺义区,[],[],充电站,顺义区
B0FFHN02SN,国家电网汽车充电站(顺义杨镇供电所),116.840169,40.158354,杨镇开发区,18601376118,汽车服务;充电站;充电站,011100,北京市,北京市,顺义区,[],[],充电站,顺义区
B0HA957HW3,国家电网汽车充电站(龙湾屯供电所),116.871540,40.217186,龙湾屯镇焦庄户村南2000米,[],汽车服务;充电站;充电站,011100,北京市,北京市,顺义区,[],[],充电站,顺义区
B0FFHXNDSG,国家电网高丽营供电所,116.504114,40.159975,高丽营供电所门口,[],汽车服务;充电站;充电站,011100,北京市,北京市,顺义区,[],[],充电站,顺义区
B0K67H62CQ,壳牌充电汽车充电站(壳牌充电北京顺义货运路地面快充站),116.587965,40.062660,府前二街1号院14幢停车场,4007160699,汽车服务;充电站;充电站,011100,北京市,北京市,顺义区,天竺,[],充电站,顺义区
B0KK0BDAG6,壳牌充电超级充电站(壳牌充电北京顺义嘉瑞大厦地面快充站),116.556925,40.107973,嘉瑞大厦停车场,4007160699,汽车服务;充电站;充电站,011100,北京市,北京市,顺义区,后沙峪,[],充电站,顺义区
B0K10DW5VD,小桔充电汽车充电站(丰荣大厦西侧充电站),116.619549,40.035118,丰荣大厦西侧90米,[],汽车服务;充电站;充电站,011100,北京市,北京市,顺义区,[],[],充电站,北京市
B0FFLCI2E3,小桔充电汽车充电站(北京市顺义区天竺希望家园二期充电站),116.575287,40.056867,府右街6号西南停车场,4000610999,汽车服务;充电站;充电站,011100,北京市,北京市,顺义区,天竺,[],充电站,顺义区
B0LAKZJB33,小桔充电汽车充电站(北京市顺义区李桥镇李天路牡丹花园北侧老壁富路),116.640465,40.030097,牡丹花园(南半壁店东二街)-停车场,[],汽车服务;充电站;充电站,011100,北京市,北京市,顺义区,[],[],充电站,顺义区
B0KBXPJ3F8,小桔充电汽车充电站(北京顺义启航国际充电站),116.557352,40.116870,后沙峪镇绿地启航国际(东门),4000610999,汽车服务;充电站;充电站,011100,北京市,北京市,顺义区,后沙峪,[],充电站,顺义区
B0JANRNNG2,小桔充电汽车充电站(北京顺义国翼中心),116.642592,40.044740,李桥镇临空经济核心区汇海南路1号院国翼中心东北门进地库,4000610999,汽车服务;充电站;充电站,011100,北京市,北京市,顺义区,李桥,[],充电站,顺义区
B0JUGDD2UG,小桔充电汽车充电站(北京顺义易行佳盛停车场充电站),116.668410,40.049595,四纬东路与通顺路交叉口东120米地面停车场23,[],汽车服务;充电站;充电站,011100,北京市,北京市,顺义区,李桥,[],充电站,顺义区
B0J25GPRAY,小桔充电汽车充电站(北京顺义金宝天阶),116.664537,40.178927,顺恒大街与坤安路交叉口西220米,[],汽车服务;充电站;充电站,011100,北京市,北京市,顺义区,马坡,[],充电站,顺义区
B0J17AGXE9,小桔充电汽车充电站(泰仕登酒店),116.576976,40.064297,天竺镇安全生产检查队北门西190米地面停车场,4000610999,汽车服务;充电站;充电站,011100,北京市,北京市,顺义区,天竺,[],充电站,顺义区
B0LA7GS2U9,小桔充电汽车充电站(燕丰西马液冷超级充电站有大车位),116.558001,40.135355,高丽营镇北京捷昌达物流有限公司北京厚德天成物流有限责任公司,4000610999,汽车服务;充电站;充电站,011100,北京市,北京市,顺义区,小汤山,[],充电站,顺义区
B0JR6GAPGT,小桔充电汽车充电站(荣祥广场),116.548581,40.062737,荣祥广场停车场,[],汽车服务;充电站;充电站,011100,北京市,北京市,顺义区,后沙峪,[],充电站,顺义区
B0K6U6MAMF,小鹏超级充电站(小鹏S4超快充北京东亚创展国际站),116.557325,40.117805,顺平路与规划五路交口西北角东亚创展国际,4007836688,汽车服务;充电站;充电站,011100,北京市,北京市,顺义区,后沙峪,[],充电站,顺义区
B0MA2KNS50,小鹏超级充电站(小鹏S4超快充北京中国石化高丽营站),116.511000,40.166615,北京市高丽营镇中国石化汽车充电站(高丽营充电站),4007836688,汽车服务;充电站;充电站,011100,北京市,北京市,顺义区,[],[],充电站,顺义区
B0LAZ6Q7XH,小鹏超级充电站(小鹏S4超快充北京顺义新国展充电站),116.541309,40.075453,裕丰路20号云快充新国展充电站(入口裕丰路),4007836688,汽车服务;充电站;充电站,011100,北京市,北京市,顺义区,后沙峪,[],充电站,顺义区
B0MU6KTV19,小鹏超级充电站(小鹏S4超快充北京顺义科创二期站),116.636867,40.100330,仁和镇双河路北杜杨南街交叉楼口向东150米,4007836688,汽车服务;充电站;充电站,011100,北京市,北京市,顺义区,[],[],充电站,顺义区
B0LU3M5JM3,小鹏超级充电站(小鹏S4超快充北京顺义科创停车场站),116.636940,40.100030,仁和镇双河路北杜杨南街交叉楼口向东150米,4007836688,汽车服务;充电站;充电站,011100,北京市,北京市,顺义区,[],[],充电站,顺义区
B0K106K74J,小鹏超级充电站(小鹏S4超快充北京顺义首都机场站),116.631580,40.034449,李天路与半壁店村东二街交叉口西100米首都机场能源中心,4007836688,汽车服务;充电站;充电站,011100,北京市,北京市,顺义区,[],[],充电站,顺义区
B0LAH6AQ52,小鹏超级充电站(小鹏S4超快充北京顺义马坡站),116.659431,40.195987,通顺路与永业东大街交叉口西南150米路边充电车位,4007836688,汽车服务;充电站;充电站,011100,北京市,北京市,顺义区,[],[],充电站,顺义区
B0LKSHHRSU,广汽能源北京顺义张喜庄超充站,116.563946,40.147420,张南路109号,[],汽车服务;充电站;充电站,011100,北京市,北京市,顺义区,[],[],充电站,顺义区
B0LA54OV5J,广汽能源汽车充电站(广汽能源北京顺义乾安路建胜街路侧超充站),116.652814,40.164131,双丰街道中建宸庐一期北京恒大上和府,4000826699,汽车服务;充电站;充电站,011100,北京市,北京市,顺义区,马坡,[],充电站,顺义区
B0MG94O7T2,广汽能源汽车充电站(广汽能源北京顺义妇幼保健院超充站),116.674698,40.114530,石园街道顺康路,4006665330,汽车服务;充电站;充电站,011100,北京市,北京市,顺义区,仁和,[],充电站,北京市
B0LK44VPZ0,广汽能源汽车充电站(广汽能源北京顺义张喜庄超充站),116.563970,40.147480,高丽营镇东方一号公寓北京永成兴业轻钢彩板有限公司,4006665330,汽车服务;充电站;充电站,011100,北京市,北京市,顺义区,[],[],充电站,顺义区
B0M6X4OAQ1,广汽能源汽车充电站(广汽能源北京顺义白星汽车园超充站),116.640560,40.211460,麦当劳(牛栏山店),4000826699,汽车服务;充电站;充电站,011100,北京市,北京市,顺义区,[],[],充电站,顺义区
B0LKJ40KLU,广汽能源汽车充电站(广汽能源北京顺义鲲熙汇西路侧超充站),116.653800,40.158794,双丰街道和锦华宸悦境东区,4000826699,汽车服务;充电站;充电站,011100,北京市,北京市,顺义区,马坡,[],充电站,顺义区
B0KAD7VCXS,开迈斯北京市顺义能源中心地上直流站,116.631821,40.034380,李天路与南半壁店中心一街交叉口东120米,[],汽车服务;充电站;充电站,011100,北京市,北京市,顺义区,[],[],充电站,顺义区
B0L0GR4FVI,开迈斯汽车充电站(北京市中国航油科技信息基地站),116.543590,40.086052,"吉祥中路25号(快充在B1,慢充在地面)",4006657666,汽车服务;充电站;充电站,011100,北京市,北京市,顺义区,后沙峪,[],充电站,顺义区
B0MAVS6DAM,意志充电场站,116.554221,40.162037,火寺路88号,010-81702222,汽车服务;充电站;充电站,011100,北京市,北京市,顺义区,[],[],充电站,顺义区
B0L0ZPELFZ,新电途汽车充电站(东亚创展国际充电站),116.557050,40.117878,顺平路与裕曦路交叉口北20米入口,4001100835,汽车服务;充电站;充电站,011100,北京市,北京市,顺义区,后沙峪,[],充电站,顺义区
B0JUDLP3EU,新电途汽车充电站(京林大厦充电站),116.601925,40.044307,京林大厦停车场,4001100835,汽车服务;充电站;充电站,011100,北京市,北京市,顺义区,[],[],充电站,顺义区
B0MA7U1VEM,新电途汽车充电站(优智高丽营充电站),116.511080,40.166588,高丽营镇中国石化汽车充电站(高丽营充电站),4001100835,汽车服务;充电站;充电站,011100,北京市,北京市,顺义区,[],[],充电站,顺义区
B0LKY53LSS,新电途汽车充电站(佰特充电站),116.636765,40.059000,李桥镇,4001100835,汽车服务;充电站;充电站,011100,北京市,北京市,顺义区,李桥,[],充电站,顺义区
B0K0TPRGPI,新电途汽车充电站(佰特慢充充电站),116.636960,40.059105,佰特充电站,4001100835,汽车服务;充电站;充电站,011100,北京市,北京市,顺义区,李桥,[],充电站,顺义区
B0IUDHI246,新电途汽车充电站(北京艾迪公园充电站),116.639835,40.098580,ID-PARK艾迪公园地面停车场,4001100835,汽车服务;充电站;充电站,011100,北京市,北京市,顺义区,[],[],充电站,顺义区
B0L36Y9C65,新电途汽车充电站(北京顺义区T3综合新能源示范站),116.665850,40.050420,李桥镇北京枫尚智选酒店(首都机场T3航站楼店),4001100835,汽车服务;充电站;充电站,011100,北京市,北京市,顺义区,李桥,[],充电站,顺义区
B0L3C4IEQX,新电途汽车充电站(国泰宜宾充电站),116.646930,40.132084,义宾南区B区北1门西120米,17310527551;4001100835,汽车服务;充电站;充电站,011100,北京市,北京市,顺义区,胜利,[],充电站,顺义区
B0MAJC3C2F,新电途汽车充电站(大江洼充电站二期),116.598946,40.134686,南法信镇镇大江洼村公园东侧,4001100835,汽车服务;充电站;充电站,011100,北京市,北京市,顺义区,[],[],充电站,顺义区
B0L0GM32HH,新电途汽车充电站(恒富原河北村充电站),116.728190,40.133860,南彩镇顺平辅线,4001100835,汽车服务;充电站;充电站,011100,北京市,北京市,顺义区,南彩,[],充电站,顺义区
B0MAO5IF6H,新电途汽车充电站(木北路重卡充电站),116.797035,40.217533,木北路6号,4001100835,汽车服务;充电站;充电站,011100,北京市,北京市,顺义区,[],[],充电站,顺义区
B0L3C4IET1,新电途汽车充电站(杨镇二院充电站),116.836815,40.153650,杨镇双阳住宅小区顺义区第二医院,4001100835,汽车服务;充电站;充电站,011100,北京市,北京市,顺义区,[],[],充电站,顺义区
B0LUAPHF74,新电途汽车充电站(板桥新苑路南充电站),116.515100,40.209400,家家福购物广场昌金路店地面停车场,4001100835,汽车服务;充电站;充电站,011100,北京市,北京市,顺义区,[],[],充电站,顺义区
B0L0R77AOE,新电途汽车充电站(西马超充充电站),116.550952,40.138807,高丽营镇火寺路,17310527551;4001100835,汽车服务;充电站;充电站,011100,北京市,北京市,顺义区,[],[],充电站,顺义区
B0L3ODXK3B,新电途汽车充电站(超级快充宁华智充张喜庄站),116.554010,40.154100,首创和园星航社区南(火寺路东),15201535872;4001100835,汽车服务;充电站;充电站,011100,北京市,北京市,顺义区,[],[],充电站,北京市
B0MAKOOYEA,新电途汽车充电站(金马工业充电站),116.575928,40.130564,顺于路9号天龙汽配城斜对面,4001100835,汽车服务;充电站;充电站,011100,北京市,北京市,顺义区,[],[],充电站,顺义区
B0MAO5JAHN,新电途汽车充电站(顺电驰重卡充电站),116.753480,40.210392,木林镇李魏路,4001100835,汽车服务;充电站;充电站,011100,北京市,北京市,顺义区,[],[],充电站,顺义区
B0K3FPIPSS,昆仑网电汽车充电站(中国石油京瑞车检充电站),116.668015,40.096030,北京京瑞机动车服务有限公司地面停车场,956100,汽车服务;充电站;充电站,011100,北京市,北京市,顺义区,[],[],充电站,北京市
B0LR6PFJOU,昆仑网电汽车充电站(中国石油北京顺义南法信地铁充电站),116.608717,40.129110,南焦路南法信中心幼儿园东南侧,956100,汽车服务;充电站;充电站,011100,北京市,北京市,顺义区,南法信,[],充电站,顺义区
B0LR0PL6KZ,昆仑网电汽车充电站(中国石油北京顺义梵希盛宴婚礼城超充站),116.634020,40.127605,梵希盛宴婚礼艺术中心,956100,汽车服务;充电站;充电站,011100,北京市,北京市,顺义区,南法信,[],充电站,顺义区
B0L3VPGU2B,昆仑网电汽车充电站(中国石油北京顺义空港安祥充电站),116.548613,40.092807,裕华路27号,956100,汽车服务;充电站;充电站,011100,北京市,北京市,顺义区,后沙峪,[],充电站,北京市
B0KK6PH7IP,昆仑网电汽车充电站(中国石油北京顺义财富广场充电站),116.699612,40.133505,财富广场停车场,956100,汽车服务;充电站;充电站,011100,北京市,北京市,顺义区,南彩,[],充电站,顺义区
B0LGFG8JSF,昆仑网电汽车充电站(中国石油北京首都机场天竺超级充电站),116.584234,40.062358,天竺镇宜必思酒店对面,956100,汽车服务;充电站;充电站,011100,北京市,北京市,顺义区,天竺,[],充电站,北京市
B0JR1AU0L2,星星充电(北京顺义李桥站),116.706988,40.081809,防汛路100号(北门进入),[],汽车服务;充电站;充电站,011100,北京市,北京市,顺义区,[],[],充电站,北京市
B0JUF7U3PK,星星充电汽车充电站(-顺义-李桥豫鑫宏达),116.706816,40.081810,防汛路102号,4008280768,汽车服务;充电站;充电站,011100,北京市,北京市,顺义区,[],[],充电站,顺义区
B0L04SX1V6,星星充电汽车充电站(BMW预约充电服务区1),116.615845,40.053555,北京首都机场T3停车楼B-08(3号航站楼地铁站北出口旁),15120064413,汽车服务;充电站;充电站,011100,北京市,北京市,顺义区,[],[],充电站,顺义区
B0KAJ54Y71,星星充电汽车充电站(京密路马坡桥华鑫充电站),116.641920,40.172543,马坡镇秦武姚村京密路临9号,18612572827,汽车服务;充电站;充电站,011100,北京市,北京市,顺义区,马坡,[],充电站,顺义区
B0H0B5Z9BU,星星充电汽车充电站(星星充电-顺义-北京空港宝湾国际物流园充电站),116.918322,40.077004,大孙各庄镇大孙各庄村西宝湾物流(北京顺义宝湾国际物流中心),4008280768,汽车服务;充电站;充电站,011100,北京市,北京市,顺义区,[],[],充电站,顺义区
B0KRAZ7J7H,星星充电汽车充电站(星星充电-顺义合景香悦四季充电站),116.656865,40.182897,合景香悦四季东区停车场,4008280768,汽车服务;充电站;充电站,011100,北京市,北京市,顺义区,马坡,[],充电站,顺义区
B0LGPPIVA0,星星充电汽车充电站(顺义蓝巨人充电站),116.610720,40.031340,窑管路288号顺义蓝巨人停车场(岗山村南站公交场南),010-64375428;13505472786,汽车服务;充电站;充电站,011100,北京市,北京市,顺义区,[],[],充电站,顺义区
B0L3HH8391,智电时代超级充电站,116.548540,40.092898,南航主楼附近,[],汽车服务;充电站;充电站,011100,北京市,北京市,顺义区,后沙峪,[],充电站,顺义区
B0IR9LRG0Z,极氪能源汽车充电站(北京锦荟港超充站),116.646705,40.126092,站前街13号锦荟港地下停车场负二层C区B2-237车位对面,4000036036,汽车服务;充电站;充电站,011100,北京市,北京市,顺义区,仁和,[],充电站,顺义区
B0MG4NW28Z,比亚迪闪充汽车充电站(北京顺义牛栏山京北机车),116.643105,40.192947,京密路与兰马路交叉口东北160米,4000306666,汽车服务;充电站;充电站,011100,北京市,北京市,顺义区,[],[],充电站,北京市
B0MBYN40M9,比亚迪闪充汽车充电站(比亚迪北京北方瑞迪4S店),116.584915,40.129356,顺于路空港物流基地西18号,4000306666,汽车服务;充电站;充电站,011100,北京市,北京市,顺义区,[],[],充电站,顺义区
B0MBBNVJTL,比亚迪闪充汽车充电站(比亚迪北京环耀王潮4S店),116.617280,40.119175,南法信东支路8号5幢1层101室南大电缆南门,4000306666,汽车服务;充电站;充电站,011100,北京市,北京市,顺义区,南法信,[],充电站,顺义区
B0J2K66G66,汽车充电站(中石化华英园站),116.619900,40.129032,华英园5号楼西90米,95105888,汽车服务;充电站;充电站,011100,北京市,北京市,顺义区,南法信,[],充电站,顺义区
B0K1ZYX11R,汽车充电站(优易充空港B区站),116.557320,40.092567,顺义区空港工业园B区蓝天云链科技城(裕东路),13426334135,汽车服务;充电站;充电站,011100,北京市,北京市,顺义区,后沙峪,[],充电站,顺义区
B0LRR4JMUK,汽车充电站(公共站顺义区市政路桥养护集团优易充小站),116.684855,40.132455,养护集团俸伯地面停车场(俸伯地铁站C2东南口步行70米),[],汽车服务;充电站;充电站,011100,北京市,北京市,顺义区,[],[],充电站,顺义区
B0LULUA2OQ,汽车充电站(公共站顺义区相各庄优易充小站),116.627610,40.225193,相各庄后街,[],汽车服务;充电站;充电站,011100,北京市,北京市,顺义区,[],[],充电站,顺义区
B0FFHS6KYD,汽车充电站(北京华联顺义金街店),116.651554,40.128673,仁和镇新顺南大街8号院北京华联顺义金街购物中心B3停车场,4001300001,汽车服务;充电站;充电站,011100,北京市,北京市,顺义区,仁和,[],充电站,顺义区
B0KUJRPIQT,汽车充电站(北河站),116.714300,40.056595,北河精品公寓附近,16619931818,汽车服务;充电站;充电站,011100,北京市,北京市,顺义区,[],[],充电站,顺义区
B0K094W7J2,汽车充电站(燕丰新能源驿站),116.701910,40.139046,顺密路与左堤路交叉口东南80米,[],汽车服务;充电站;充电站,011100,北京市,北京市,顺义区,南彩,[],充电站,顺义区
B0K26UQWVG,汽车充电站(蔚来超充北京顺义朗姿购物广场站),116.554816,40.097937,安庆大街3号,13071172800,汽车服务;充电站;充电站,011100,北京市,北京市,顺义区,后沙峪,[],充电站,顺义区
B0K1OYXWNS,汽车充电站(顺义外环路充电站),116.667812,40.082115,外环路鼎顺嘉园东区南侧,4008288517,汽车服务;充电站;充电站,011100,北京市,北京市,顺义区,[],[],充电站,顺义区
B0FFGK34QY,汽车充电站(首发能源京平高速北务服务区进京站),116.835820,40.054530,京平高速北务服务区进京方向地面停车场,[],汽车服务;充电站;充电站,011100,北京市,北京市,顺义区,[],[],充电站,顺义区
B0L66MLIAT,汽车换电站(北汽动力朗姿站),116.554669,40.099146,裕华路24号朗姿女装购物广场停车场,[],汽车服务;汽车服务相关;汽车服务相关,010000,北京市,北京市,顺义区,后沙峪,[],充电站,顺义区
B0LG7ZYJ6X,汽车换电站(蔚来换电站),116.511170,40.166150,高唐路814号,[],汽车服务;汽车服务相关;汽车服务相关,010000,北京市,北京市,顺义区,[],[],充电站,顺义区
B0LRLHMP79,液冷超充站汽车充电站,116.793473,40.210809,建新路31号,15075067807,汽车服务;充电站;充电站,011100,北京市,北京市,顺义区,[],[],充电站,顺义区
B0M6DN4G0S,滴滴充电汽车充电站(Hi ZOOM超充站董各庄桥),116.524330,40.120655,后沙峪镇天北路天北路董各庄桥桥下西侧,4000610999,汽车服务;充电站;充电站,011100,北京市,北京市,顺义区,[],[],充电站,顺义区
B0LBTP0GIO,滴滴充电汽车充电站(万马爱充泊安飞环宇停车场站),116.633012,40.034567,李桥镇环宇车场(南门)环宇商务科技园西侧,4000610999,汽车服务;充电站;充电站,011100,北京市,北京市,顺义区,[],[],充电站,顺义区
B0MD4MICYJ,滴滴充电汽车充电站(中化新能源汽车充电站中化新能源北京怡生园充电站),116.693430,40.199250,中化新能源汽车充电站(中化新能源北京怡生园充电站),4000610999,汽车服务;充电站;充电站,011100,北京市,北京市,顺义区,[],[],充电站,顺义区
B0LBD5T70T,滴滴充电汽车充电站(中石化龙禹赛点体育公园充电站),116.657740,40.098400,顺通路29号赛点体育公园西侧地上停车场,4000610999,汽车服务;充电站;充电站,011100,北京市,北京市,顺义区,仁和,[],充电站,北京市
B0LBDKC62C,滴滴充电汽车充电站(中石化龙禹顺义安德信充电站),116.621422,40.119703,仁和镇石马路东方快捷物流商务园地面停车场,4000610999,汽车服务;充电站;充电站,011100,北京市,北京市,顺义区,南法信,[],充电站,顺义区
B0KD6HJ5FJ,滴滴充电汽车充电站(中石化龙禹顺义花水湾充电站),116.512280,40.178349,高丽营镇北高路北京爱陌客花水湾酒店,4000610999,汽车服务;充电站;充电站,011100,北京市,北京市,顺义区,[],[],充电站,顺义区
B0MRXPJ93C,滴滴充电汽车充电站(公共站顺泰能源充电站河南村二站),116.697690,40.095573,"仁和镇黄家街58号河南村南口西侧,双河大街北侧",4000610999,汽车服务;充电站;充电站,011100,北京市,北京市,顺义区,[],[],充电站,顺义区
B0L3DK4KUB,滴滴充电汽车充电站(公共站顺泰能源充电站西大坨站),116.689890,40.040436,顺泰恒远汽车充电站(公共站顺泰能源充电站西大坨站)北京市顺义区X201,4000610999,汽车服务;充电站;充电站,011100,北京市,北京市,顺义区,李桥,[],充电站,顺义区
B0L2VN7MD1,滴滴充电汽车充电站(公共站顺泰能源充电站马坡联通站),116.659360,40.172234,双丰街道海棠园中国联通(顺义马坡营业厅)院内公共停车场,4000610999,汽车服务;充电站;充电站,011100,北京市,北京市,顺义区,马坡,[],充电站,顺义区
B0JKFBV77S,滴滴充电汽车充电站(北京天竺希望家园充电站),116.574871,40.057110,天竺镇小柒私厨牛肉饭·肉夹馍(天竺店)希望家园停车场西侧,4000610999,汽车服务;充电站;充电站,011100,北京市,北京市,顺义区,天竺,[],充电站,顺义区
B0K1AGW5GU,滴滴充电汽车充电站(北京顺义区鹭峰国际充电站),116.662500,40.095943,鹭峯国际停车场,4000610999,汽车服务;充电站;充电站,011100,北京市,北京市,顺义区,[],[],充电站,顺义区
B0MAJ53PR2,滴滴充电汽车充电站(张喜庄超充站),116.563830,40.147335,高丽营镇北京市顺义区水务局高丽营水务所北京永成兴业轻钢彩板有限公司,4000610999,汽车服务;充电站;充电站,011100,北京市,北京市,顺义区,[],[],充电站,顺义区
B0MDPNLAHW,滴滴充电汽车充电站(快充无忧姚各庄充电站),116.643670,40.193233,牛栏山镇图书室牛栏山镇姚各庄村党支部,4000610999,汽车服务;充电站;充电站,011100,北京市,北京市,顺义区,[],[],充电站,顺义区
B0L01NFG1X,滴滴充电汽车充电站(顺义张喜庄东南超充站可充大车),116.564896,40.146660,高丽营镇文河路北京永成兴业轻钢彩板有限公司,4000610999,汽车服务;充电站;充电站,011100,北京市,北京市,顺义区,[],[],充电站,顺义区
B0G0C7XOY9,特斯拉超级充电站(丽枫酒店北京首都机场国展店),116.602855,40.144645,南法信镇顺沙路东杜兰段7号丽枫酒店首都机场国展店,[],汽车服务;充电站;充电站,011100,北京市,北京市,顺义区,[],[],充电站,顺义区
B0LKSGGX1M,特斯拉超级充电站(北京华联BHG Mall顺义店),116.652100,40.127705,新顺南大街8号地下停车场B2层D14通道/入口新顺街,4009100707,汽车服务;充电站;充电站,011100,北京市,北京市,顺义区,光明,[],充电站,顺义区
B0H6Y658H3,特斯拉超级充电站(北京天博中心),116.608890,40.127600,天博中心地下B2层/入口南焦路,[],汽车服务;充电站;充电站,011100,北京市,北京市,顺义区,南法信,[],充电站,顺义区
B0FFMHL3W1,特斯拉超级充电站(北京欧陆广场),116.546972,40.067267,天竺镇裕祥路99号欧陆广场地面停车场,[],汽车服务;充电站;充电站,011100,北京市,北京市,顺义区,后沙峪,[],充电站,顺义区
B0HAL42RNH,特斯拉超级充电站(北京罗红摄影艺术馆),116.573032,40.041867,林荫路罗红摄影艺术馆西门,[],汽车服务;充电站;专用充电站,011103,北京市,北京市,顺义区,天竺,[],充电站,顺义区
B0I1NS7MHE,特斯拉超级充电站(北京顺义特斯拉直营钣喷中心),116.672010,40.090576,林河大街18号tesla钣喷中心院内地上车位/入口林河大街,[],汽车服务;充电站;充电站,011100,北京市,北京市,顺义区,[],[],充电站,顺义区
B0K6TGTE8M,特斯拉超级充电站(后沙峪山姆),116.558320,40.118904,后沙峪镇安平街5号院2号楼地下B3层A079车位对面/入口裕曦路西门,4009100707,汽车服务;充电站;充电站,011100,北京市,北京市,顺义区,后沙峪,[],充电站,顺义区
B0L69PKD5T,特来电汽车充电站(燕京啤酒超充站),116.688800,40.102833,仁和镇顺福路燕京啤酒集团(燕京啤酒科技大厦南),13910327773,汽车服务;充电站;充电站,011100,北京市,北京市,顺义区,[],[],充电站,顺义区
B0LK7C4G10,特来电汽车充电站(特来电中恒顺义万仓充电站),116.579110,40.145657,文化营路与顺沙路交叉口东北方向132米左右北京恒泰通源物流有限公司院内停车场,4001300001,汽车服务;充电站;充电站,011100,北京市,北京市,顺义区,[],[],充电站,顺义区
B0MGC7FBRV,特来电汽车充电站(特来电北京市顺义区闫家营村停车场充电站),116.526125,40.155295,高丽营镇地面停车场(出入口),4001300001,汽车服务;充电站;充电站,011100,北京市,北京市,顺义区,[],[],充电站,顺义区
B0FFK737NZ,特来电汽车充电站(特来电北京顺义居然之家充电站),116.641582,40.121964,顺西路24号地面停车场039,4001300001,汽车服务;充电站;充电站,011100,北京市,北京市,顺义区,仁和,[],充电站,顺义区
B0LKLL9VCU,特来电汽车充电站(航城广场),116.608073,40.113700,宏远航城广场A座北侧停车位,4001300001,汽车服务;充电站;充电站,011100,北京市,北京市,顺义区,南法信,[],充电站,顺义区
B0L3DC549Z,特来电汽车充电站(闪电充电站),116.706550,40.050100,李桥镇北河村平沿路272号,13501123757,汽车服务;充电站;充电站,011100,北京市,北京市,顺义区,[],[],充电站,顺义区
B0LBPPTKZQ,特来电超级充电站(特来电北京市顺义区元力体育中心充电站),116.587100,40.065266,天竺镇货运路元力体育中心,4001300001,汽车服务;充电站;充电站,011100,北京市,北京市,顺义区,[],[],充电站,顺义区
B0LUZDFLBC,特来电超级充电站(特来电北京市顺义区樱花园充电站),116.625580,40.031410,李桥镇中国邮政储蓄银行(北京半壁店营业所)西隔墙,4001300001,汽车服务;充电站;充电站,011100,北京市,北京市,顺义区,[],[],充电站,北京市
B0KR6MX938,理想超级充电站(理想5C超充站北京顺义区医学工程健康产业化基地),116.541989,40.090864,空港街道安祥大街10号中关村医学工程健康产业化基地,4006860400,汽车服务;充电站;充电站,011100,北京市,北京市,顺义区,后沙峪,[],充电站,顺义区
B0L2RMM30B,理想超级充电站(理想超充站北京国都大饭店),116.591337,40.049485,北京国都大饭店地面停车场,4006860400,汽车服务;充电站;充电站,011100,北京市,北京市,顺义区,天竺,[],充电站,顺义区
B0L664B76S,理想超级充电站(理想超充站北京翼之城),116.642718,40.042284,翼之城11号楼东南侧,4006860400,汽车服务;充电站;充电站,011100,北京市,北京市,顺义区,李桥,[],充电站,顺义区
B0MGVMDWBI,电动自行车公共充电站,116.491845,40.173181,顺沙路25号,[],汽车服务;充电站;充电站,011100,北京市,北京市,顺义区,[],[],充电站,顺义区
B0J1974TI4,电动车充电棚,116.655830,40.142027,府前东街鑫海韵通双兴大卖场3层,[],生活服务;生活服务场所;生活服务场所,070000,北京市,北京市,顺义区,光明,[],充电站,顺义区
B0LKX6HVKO,能加超充超级充电站(顺义航港超充站·华为超充技术支持),116.607468,40.114090,航港国际大厦,4001100835,汽车服务;充电站;充电站,011100,北京市,北京市,顺义区,南法信,[],充电站,顺义区
B0K1LDDIXK,能效邻里共享汽车充电站(共享快充),116.636460,40.059860,奇兰公寓北三百米路东,15810468012,汽车服务;充电站;充电站,011100,北京市,北京市,顺义区,李桥,[],充电站,顺义区
B0MAGYYQ25,能效邻里共享汽车充电站(沿河村能效充电站),116.711423,40.039790,中心街69号,13911438479,汽车服务;充电站;充电站,011100,北京市,北京市,顺义区,[],[],充电站,顺义区
B0K0BCMGXG,能效邻里共享汽车充电站(王喆家20直流快充),116.528555,40.154424,"闫家营国槐大街133号,民乐超市西150米二层楼",15101131927;18811566400,汽车服务;充电站;充电站,011100,北京市,北京市,顺义区,[],[],充电站,顺义区
B0LRZZ1GCD,蔚景云汽车充电站(顺义春晓服装厂充电站),116.781490,40.158543,南彩镇北京市春晓服装厂,4006803880,汽车服务;充电站;充电站,011100,北京市,北京市,顺义区,[],[],充电站,顺义区
B0J3K7BHGG,蔚来换电站,116.631560,40.034552,李天路,[],汽车服务;换电站;换电站,011101,北京市,北京市,顺义区,[],[],充电站,顺义区
B0HKJH09MN,蔚来换电站(北京远洋盈创健康产业园),116.567791,40.070107,远洋盈创健康产业园东门旁,[],汽车服务;换电站;换电站,011101,北京市,北京市,顺义区,天竺,[],充电站,顺义区
B0LDXP0MBI,超级饭电双河大街站,116.656635,40.096962,石园街道北京名辰假日酒店,18610318992,汽车服务;充电站;充电站,011100,北京市,北京市,顺义区,仁和,[],充电站,顺义区
B0MRRU1H20,逸安启超级充电站(北京江河中心),116.540980,40.091972,空港街道江河中心B1层,4000010780,汽车服务;充电站;充电站,011100,北京市,北京市,顺义区,后沙峪,[],充电站,顺义区
B0L6MDTU8S,逸安启超级充电站(北京祥云小镇),116.538010,40.086224,"安泰大街9号祥云小镇南区B1层B区,闸机入口处右转即到",4000010780,汽车服务;充电站;充电站,011100,北京市,北京市,顺义区,后沙峪,[],充电站,顺义区
B0L65YF1OM,逸安启超级充电站(北京首都机场东海康得思酒店),116.612660,40.047512,首都国际机场东海商务中心地面停车场(东入口直行约50米),4000010780,汽车服务;充电站;充电站,011100,北京市,北京市,顺义区,[],[],充电站,顺义区
B0KDOPTKU0,隆瑞三优超级充电站(隆瑞三优新国展超级充电站),116.541590,40.077430,安毓街,[],汽车服务;充电站;充电站,011100,北京市,北京市,顺义区,后沙峪,[],充电站,顺义区
B0L2TD3TFH,顺泰恒远汽车充电站(公共站顺泰能源充电站龙湾别墅站),116.510340,40.080940,裕园路与安宁大街交叉口西南240米,[],汽车服务;充电站;充电站,011100,北京市,北京市,顺义区,后沙峪,[],充电站,顺义区
B0JAUPJ6KO,驴充充充电站(如馨公寓),116.637663,40.030704,南半壁店东三街宜居家园,0797-966991,汽车服务;充电站;充电站,011100,北京市,北京市,顺义区,[],[],充电站,顺义区
B0JDHP1I68,驴充充汽车充电站(头二营村新建西路34号),116.633896,40.065250,S225(机场东路)北京商务花园大院,0797-966991,汽车服务;充电站;充电站,011100,北京市,北京市,顺义区,[],[],充电站,顺义区
