stationId,locationId,facilityType,station_name,address,device_count,open_time,update_time
100000,500000,3,东城区·BMW公共充电桩,北京市北京市东城区励骏酒店停车场(灯市口地铁站C东南口步行340米),4,00:00-24:00,2019/7/26
100001,500001,3,东城区·PP充电汽车充电站(北京和平里宾馆),北京市北京市东城区和平里兴化路化工大院4号楼北京和平里宾馆,4,00:00-24:00,2019/7/26
100002,500002,2,东城区·bp pulse汽车充电站(bp pulse快充站北,北京市北京市东城区百荣嘉园大厦停车场,1,00:00-24:00,2019/7/26
100003,500003,2,东城区·一瓦充电充电站(和平里医院),北京市北京市东城区和平里医院(靠近西门处),4,00:00-24:00,2019/7/26
100004,500004,1,东城区·万城万充汽车充电站(歌华大厦),北京市北京市东城区歌华大厦停车场,1,00:00-24:00,2019/7/26
100005,500005,1,东城区·万马爱充汽车充电站(万马爱充金宝大厦站),北京市北京市东城区建国门街道金宝街89号金宝大厦地下车库,6,00:00-24:00,2019/7/26
100006,500006,1,东城区·东四小区南门电动自行车充电桩,北京市北京市东城区朝阳门内大街148号,12,00:00-24:00,2019/7/26
100007,500007,3,东城区·中国化学大厦充电站(东直门内大街),北京市北京市东城区仓夹道与北新仓胡同交叉口北40米,1,00:00-24:00,2019/7/26
100008,500008,2,东城区·中国石化汽车充电站(出版社充电站内部充电站),北京市北京市东城区安定门外大街58号,1,00:00-24:00,2019/7/26
100009,500009,2,东城区·中国石化汽车充电站(幸福路全季酒店充电站),北京市北京市东城区永定门外街道彭庄甲58号全季酒店停车场,2,00:00-24:00,2019/7/26
100010,500010,2,东城区·中国石化汽车充电站(鼎新大厦充电站),北京市北京市东城区东花市街道广渠门内大街29号鼎新大厦西门地上停车场,8,00:00-24:00,2019/7/26
100011,500011,1,东城区·丹途骏胜汽车充电站(沙子口),北京市北京市东城区北京市东城区沙子口路沙子口路78号院,2,00:00-24:00,2019/7/26
100012,500012,2,东城区·云快充充电站(大磨坊文创园站),北京市北京市东城区三元街与永定门桥交叉口南180米,2,00:00-24:00,2019/7/26
100013,500013,2,东城区·云快充汽车充电站(万国城MOMA淘淘充充电站),北京市北京市东城区香河园路1号万国城MOMA8号楼北1门外地面停车场,2,00:00-24:00,2019/7/26
100014,500014,2,东城区·云快充目的地充电站(北京泓慧能源),北京市北京市东城区时代凌宇,4,00:00-24:00,2019/7/26
100015,500015,2,东城区·云快充目的地充电站(港澳中心瑞士酒店),北京市北京市东城区朝阳门北大街2号东门(东四十条地铁站C东南口步行180米),4,00:00-24:00,2019/7/26
100016,500016,2,东城区·仓4-10电动自行车充电桩,北京市北京市东城区南门仓胡同4号,1,00:00-24:00,2019/7/26
100017,500017,1,东城区·优易充charge汽车充电站(东城区安定门10166,北京市北京市东城区华丰胡同与北锣鼓巷交叉口西南80米,3,00:00-24:00,2019/7/26
100018,500018,4,东城区·优易充充电站(北京市东城区远东仪表厂公共充电站),北京市北京市东城区和平里北街与东土城路交叉口西200米,4,00:00-24:00,2019/7/26
100019,500019,3,东城区·依威能源汽车充电站(尼奥大厦),北京市北京市东城区南里东区8号尼奥大厦地下停车场B3-32,8,00:00-24:00,2019/7/26
100020,500020,3,东城区·依威能源汽车充电站(当代MOMA),北京市北京市东城区北京市香河园路1号(近奥克伍德公寓)当代MOMA,3,00:00-24:00,2019/7/26
100021,500021,2,东城区·依威能源汽车充电站(新成文化大厦),北京市北京市东城区北京市东城区崇外大街11号新成文化大厦B座(东门),3,00:00-24:00,2019/7/26
100022,500022,2,东城区·依威能源汽车充电站(新裕商务大厦),北京市北京市东城区广渠门内大街90号新裕家园西区地下停车场008,1,00:00-24:00,2019/7/26
100023,500023,3,东城区·依威能源汽车充电站(新裕家园东区),北京市北京市东城区南河漕胡同与广渠门内大街交叉口东南50米广渠门内大街86号楼地下停车场,4,00:00-24:00,2019/7/26
100024,500024,2,东城区·依威能源汽车充电站(明阳国际中心),北京市北京市东城区西总布胡同46号明阳国际中心地下停车场B2层A1区B2-027,2,00:00-24:00,2019/7/26
100025,500025,1,东城区·依威能源汽车充电站(王府77),北京市北京市东城区北京市东华门街道王府井大街75号,6,00:00-24:00,2019/7/26
100026,500026,1,东城区·依威能源汽车充电站(远洋德邑),北京市北京市东城区忠实里南街6号地面停车场(广渠门外地铁站A西北口步行450米),8,00:00-24:00,2019/7/26
100027,500027,2,东城区·保时捷汽车充电站(北京王府中环保时捷超级充电站),北京市北京市东城区王府井大街269号地下停车库B4层4250、4251车位,2,00:00-24:00,2019/7/26
100028,500028,1,东城区·公牛充电汽车充电站(-北京市东城区交道口街道景阳胡同,北京市北京市东城区交道口街道景阳胡同南锣鼓巷,10,00:00-24:00,2019/7/26
100029,500029,2,东城区·北京中央歌剧院极充站,北京市北京市东城区富华大厦南路与东中街交叉口西80米,4,00:00-24:00,2019/7/26
100030,500030,2,东城区·北京华侨大厦充电站,北京市北京市东城区王府井大街与翠花胡同交叉口东北80米,3,00:00-24:00,2019/7/26
100031,500031,2,东城区·北京嘉德艺术中心(简单冲),北京市北京市东城区王府井大街1号(中国美术馆地铁站D1西南口步行60米),1,00:00-24:00,2019/7/26
100032,500032,2,东城区·北京天坛西里(简单冲),北京市北京市东城区永定门内大街160号,4,00:00-24:00,2019/7/26
100033,500033,4,东城区·北京天坛西里充电站,北京市北京市东城区永定门内大街辅路与永定门东街辅路交叉口北80米,3,00:00-24:00,2019/7/26
100034,500034,2,东城区·北京恩宜汽车充电站(北京国际饭店站),北京市北京市东城区北京国际饭店地面停车场,2,00:00-24:00,2019/7/26
100035,500035,3,东城区·北京车联网汽车充电站(中央歌剧院),北京市北京市东城区东直门街道东中街115号停车场B2,4,00:00-24:00,2019/7/26
100036,500036,4,东城区·北京静交超级充电站(华通北京站地上停车场充电站·华为,北京市北京市东城区毛家湾胡同甲13号北京站,4,00:00-24:00,2019/7/26
100037,500037,4,东城区·北京首兴智行停车场管理有限公司汽车充电站(隆福寺南坊,北京市北京市东城区隆福寺前街1号隆福寺南坊地下夹层,2,00:00-24:00,2019/7/26
100038,500038,2,东城区·北小街4-12单元门口电动自行车充电桩,北京市北京市东城区朝阳门北小街4-1号,2,00:00-24:00,2019/7/26
100039,500039,3,东城区·北汽新能源汽车充电站,北京市北京市东城区仓夹道与海运仓胡同交叉口北60米,4,00:00-24:00,2019/7/26
100040,500040,2,东城区·北汽新能源汽车充电站(和平里南街),北京市北京市东城区和平里五区甲12号楼北京市东城区质量技术监督局附近,2,00:00-24:00,2019/7/26
100041,500041,2,东城区·华商三优充电站(安定门外大街10002充电扬招站),"北京市北京市东城区安定门外大街道路东侧,地坛公园西门前",2,00:00-24:00,2019/7/26
100042,500042,2,东城区·华商三优汽车充电站(东城区东四西大街10036充电扬,"北京市北京市东城区东四路口向西约100米,地铁6号线东四站西南口处",8,00:00-24:00,2019/7/26
100043,500043,1,东城区·华商三优汽车充电站(东城区东四西大街10038充电扬,"北京市北京市东城区朝阳门内大街道路南侧,东四路口东南角,地铁5号线东四站C口门前",6,00:00-24:00,2019/7/26
100044,500044,3,东城区·华商三优汽车充电站(东城区体育馆路10092充电扬招,北京市北京市东城区体育馆路-道路停车位,1,00:00-24:00,2019/7/26
100045,500045,1,东城区·华商三优汽车充电站(东城区体育馆路北侧10065充电,"北京市北京市东城区体育馆路道路北侧,靠近体育馆路西口处,雅迪电动车前",3,00:00-24:00,2019/7/26
100046,500046,2,东城区·华商三优汽车充电站(东城区安定门10166充电扬招站,"北京市北京市东城区安定门桥东北角,地铁安定门站B东北口",1,00:00-24:00,2019/7/26
100047,500047,3,东城区·华商三优汽车充电站(东城区崇文门外大街东侧10018,"北京市北京市东城区崇文门外大街道路东侧,红桥路口南侧天桥",8,00:00-24:00,2019/7/26
100048,500048,1,东城区·华商三优汽车充电站(东城区朝阳门内大街北侧10131,北京市北京市东城区朝阳门内大街-道路停车位,8,00:00-24:00,2019/7/26
100049,500049,3,东城区·华商三优汽车充电站(崇文门外大街东侧),北京市北京市东城区东大地街1号西南方向60米崇文门外大街辅路-道路停车位,6,00:00-24:00,2019/7/26
100050,500050,2,东城区·友诚商务楼-停车场电动汽车充电站,北京市北京市东城区东四六条45号,4,00:00-24:00,2019/7/26
100051,500051,2,东城区·国家电网充电站(北京市东城区贡院充电站),北京市北京市东城区北顺城街与南牌坊胡同交叉口东南40米,4,00:00-24:00,2019/7/26
100052,500052,2,东城区·国家电网充电站(崇文科技大厦),北京市北京市东城区东打磨厂街7号崇文科技大厦停车场,6,00:00-24:00,2019/7/26
100053,500053,2,东城区·国家电网汽车充电站(北京市东城区东总布胡同公共充电站,北京市北京市东城区建国门街道东总布胡同小羊宜宾胡同小区,6,00:00-24:00,2019/7/26
100054,500054,2,东城区·国家电网汽车充电站(北京市东城区东环广场),北京市北京市东城区东中街19号东环广场A座西侧地面停车场035,4,00:00-24:00,2019/7/26
100055,500055,2,东城区·国家电网汽车充电站(北京市东城区哈德门广场B2停车场,北京市北京市东城区崇文门外大街8号哈德门广场地下二层停车场,1,00:00-24:00,2019/7/26
100056,500056,2,东城区·国家电网汽车充电站(北京市东城区哈德门广场B4停车场,北京市北京市东城区哈德门广场地下四层停车场(崇文门地铁站G东南口步行250米),2,00:00-24:00,2019/7/26
100057,500057,2,东城区·国家电网汽车充电站(北京市东城区国家体育总局训练局有,北京市北京市东城区国家体育总局训练局,4,00:00-24:00,2019/7/26
100058,500058,1,东城区·国家电网汽车充电站(北京市东城区地坛体育中心东侧公共,北京市北京市东城区安定门外大街地坛公园13号北京地坛体育中心停车场(煤机大厦东),8,00:00-24:00,2019/7/26
100059,500059,3,东城区·国家电网汽车充电站(北京市东城区天坛体育中心东侧公共,北京市北京市东城区天坛东路13号地面停车场(天坛东门地铁站C东南口步行300米),1,00:00-24:00,2019/7/26
100060,500060,2,东城区·国家电网汽车充电站(北京市东城区天坛体育中心西侧公共,北京市北京市东城区天坛体育活动中心地面停车场,2,00:00-24:00,2019/7/26
100061,500061,2,东城区·国家电网汽车充电站(北京市东城区天坛公园南门公共充电,北京市北京市东城区天坛街道永定门东街东里天坛南里东区,2,00:00-24:00,2019/7/26
100062,500062,1,东城区·国家电网汽车充电站(北京市东城区工美大厦),北京市北京市东城区王府井大街200号工美大厦地下停车场,1,00:00-24:00,2019/7/26
100063,500063,4,东城区·国家电网汽车充电站(北京市东城区承发包公司公共充电站,北京市北京市东城区祈年大街承发包有限公司,8,00:00-24:00,2019/7/26
100064,500064,2,东城区·国家电网汽车充电站(北京市东城区正仁大厦公共充电站),北京市北京市东城区崇文门外大街9号正仁大厦停车场,2,00:00-24:00,2019/7/26
100065,500065,1,东城区·国家电网汽车充电站(北京市东城区永定门东街公共充电站,北京市北京市东城区天坛街道永定门东街东里天坛公园地面停车场,1,00:00-24:00,2019/7/26
100066,500066,2,东城区·国家电网汽车充电站(北京市东城区王府井霞公府公共充电,北京市北京市东城区霞公府街3号地下停车场2层西侧,1,00:00-24:00,2019/7/26
100067,500067,2,东城区·国家电网汽车充电站(北京市东城区环球贸易中心C座B2,北京市北京市东城区北三环东路36号环球贸易中心C座B2停车场,2,00:00-24:00,2019/7/26
100068,500068,3,东城区·国家电网汽车充电站(北京市东城区环球贸易中心D座B2,北京市北京市东城区北三环东路36号环球贸易中心D座地下停车场D5-002,4,00:00-24:00,2019/7/26
100069,500069,2,东城区·国家电网汽车充电站(北京市东城区环球贸易中心E座B2,北京市北京市东城区北京城区北三环东路36号环球贸易中心地下停车场E1-010,1,00:00-24:00,2019/7/26
100070,500070,2,东城区·国家电网汽车充电站(珠市口东大街辅路店),北京市北京市东城区珠市口东大街与祈年大街交叉口东南50米地面停车场,1,00:00-24:00,2019/7/26
100071,500071,1,东城区·国家电网汽车充电站(银河SOHO),北京市北京市东城区朝阳门银河SOHO地下停车场3205,4,00:00-24:00,2019/7/26
100072,500072,2,东城区·地坛公园停车点充电点,北京市北京市东城区地坛公园南门路外公共停车场,2,00:00-24:00,2019/7/26
100073,500073,1,东城区·壳牌充电汽车充电站(壳牌充电北京东城安贞苑50号院地,北京市北京市东城区安定路28号(安贞桥地铁站B口步行240米),3,00:00-24:00,2019/7/26
100074,500074,2,东城区·壳牌充电汽车充电站(壳牌充电北京东城居然大厦地下充电,北京市北京市东城区东直门南大街甲3号居然大厦停车场B3,10,00:00-24:00,2019/7/26
100075,500075,1,东城区·壳牌充电汽车充电站(壳牌充电北京东城搜宝崇文大厦地面,北京市北京市东城区广渠门内大街121号搜宝崇文大厦,2,00:00-24:00,2019/7/26
100076,500076,1,东城区·壳牌充电汽车充电站(壳牌充电北京东城首开广场安定门地,北京市北京市东城区安定门外大街189号(安定门地铁站A西北口步行360米),6,00:00-24:00,2019/7/26
100077,500077,2,东城区·壳牌充电汽车充电站(壳牌充电北京东城首开广场安定门地,北京市北京市东城区安定门外大街189号B1层和B2C层之间的夹层,2,00:00-24:00,2019/7/26
100078,500078,4,东城区·壳牌充电超级充电站(壳牌充电北京东城区金霖酒店地面超,北京市北京市东城区北京金霖酒店停车场,12,00:00-24:00,2019/7/26
100079,500079,1,东城区·壳牌汽车充电站(壳牌白桥大街充电站),北京市北京市东城区东花市街道白桥大街32号如家精选酒店,1,00:00-24:00,2019/7/26
100080,500080,2,东城区·宝马充电站(宝马站王府井银泰百货),北京市北京市东城区王府井大街88号(地下)(金鱼胡同地铁站B东口步行240米),6,00:00-24:00,2019/7/26
100081,500081,3,东城区·富电易充汽车充电站(崇文门新怡商务楼),"北京市北京市东城区崇文门新怡商务楼地下三层,临停车位",4,00:00-24:00,2019/7/26
100082,500082,1,东城区·小桔充电汽车充电站(东城玖安广场充电站),北京市北京市东城区安定门外大街208号玖安广场地下停车场B2层,1,00:00-24:00,2019/7/26
100083,500083,2,东城区·小桔充电汽车充电站(中海地产广场快充站),北京市北京市东城区永定门外街道中海地产广场B1,1,00:00-24:00,2019/7/26
100084,500084,1,东城区·小桔充电汽车充电站(北京东城东方花园饭店),北京市北京市东城区东直门街道东直门南大街4号楼东方花园饭店楼后地面停车场1B,2,00:00-24:00,2019/7/26
100085,500085,3,东城区·小桔充电汽车充电站(北京东城区雍和宫桥停车场充电站),北京市北京市东城区雍和宫桥地面停车场(雍和宫地铁站C西南口旁),8,00:00-24:00,2019/7/26
100086,500086,4,东城区·小桔充电汽车充电站(北京静态交通北京站地面停车场超充,北京市北京市东城区信通大厦(北京站地铁站C东南出口步行380米),1,00:00-24:00,2019/7/26
100087,500087,3,东城区·小桔充电汽车充电站(北京静态交通天坛北门南充电站),北京市北京市东城区天坛街道祈年大街水道子胡同15号院,2,00:00-24:00,2019/7/26
100088,500088,3,东城区·小鹏超级充电站(信德京汇中心站),北京市北京市东城区香河园街1号11号楼信德京汇中心负2层停车场,2,00:00-24:00,2019/7/26
100089,500089,2,东城区·小鹏超级充电站(小鹏S4超快充北京中央歌剧院站),北京市北京市东城区东中街115号中央歌剧院(入口富华大厦南路),4,00:00-24:00,2019/7/26
100090,500090,2,东城区·小鹏超级充电站(小鹏S4超快充北京居然之家总部大厦站,北京市北京市东城区东直门南大街甲3号居然大厦地面停车场(入口仓夹道),1,00:00-24:00,2019/7/26
100091,500091,4,东城区·岚图超级充电站(北京王府井喜悦岚图汽车智慧超充站),北京市北京市东城区王府井大街301号(王府井地铁站F1东口步行370米),2,00:00-24:00,2019/7/26
100092,500092,2,东城区·平高智联汽车充电站(首创大厦快充站),北京市北京市东城区东直门街道东中街75号首创大厦A座出口北侧,4,00:00-24:00,2019/7/26
100093,500093,4,东城区·广汽能源北京王府井银泰超充站,北京市北京市东城区王府井银泰in88购物中心地下3层(金鱼胡同地铁站出入口旁),2,00:00-24:00,2019/7/26
100094,500094,4,东城区·广汽能源汽车充电站(广汽昊铂北京朝阳门SOHO超充站,北京市北京市东城区朝阳门街道虾饺妹(朝阳门店)朝阳门SOHO地下停车场B3层,6,00:00-24:00,2019/7/26
100095,500095,2,东城区·开迈斯汽车充电站(不对外-北京市东城区神华国华投资大,北京市北京市东城区东直门南大街3号投资大厦地面停车场,6,00:00-24:00,2019/7/26
100096,500096,2,东城区·开迈斯汽车充电站(北京市东城区神华国华投资大厦地下站,北京市北京市东城区东直门南大街3号神华国华投资大厦负4层停车场,4,00:00-24:00,2019/7/26
100097,500097,2,东城区·开迈斯汽车充电站(北京市合景摩方站),北京市北京市东城区崇文门外大街1号合景摩方购物中心B3层,3,00:00-24:00,2019/7/26
100098,500098,2,东城区·开迈斯汽车充电站(北京市金宝汇购物中心地下站),北京市北京市东城区金宝街88号金宝汇购物中心B2层(地下二层)停车场,6,00:00-24:00,2019/7/26
100099,500099,1,东城区·开迈斯汽车充电站(北京市雍贵中心站),北京市北京市东城区广渠门内大街45号地下停车场3143,6,00:00-24:00,2019/7/26
100100,500100,1,东城区·循道新能源电动汽车充电桩,北京市北京市东城区北门仓胡同与扁旦胡同交叉口西120米,2,00:00-24:00,2019/7/26
100101,500101,4,东城区·新电途汽车充电站(华为智能生活馆·北京国瑞城超充站),北京市北京市东城区崇文门外街道国瑞大厦国瑞购物中心,1,00:00-24:00,2019/7/26
100102,500102,2,东城区·昆仑网电充电站(中国石油天坛饭店充电站),北京市北京市东城区幸福大街与光明路交叉口西北80米,2,00:00-24:00,2019/7/26
100103,500103,1,东城区·昆仑网电充电站(澳门中心),北京市北京市东城区校尉胡同与金鱼胡同交叉口西南40米,4,00:00-24:00,2019/7/26
100104,500104,4,东城区·昆仑网电汽车充电站(中国石油北京东城天雅珠宝城超充站,北京市北京市东城区法华寺街136号地面停车场南侧区域,6,00:00-24:00,2019/7/26
100105,500105,2,东城区·昆仑网电汽车充电站(中国石油北京安贞桥北充电站),北京市北京市东城区北三环中路17号对面停车场(安贞桥地铁站B口步行200米),4,00:00-24:00,2019/7/26
100106,500106,3,东城区·昆仑网电汽车充电站(中国石油工体西门充电站),北京市北京市东城区新中街东直门城市生态岛旁北京静态,1,00:00-24:00,2019/7/26
100107,500107,3,东城区·昆仑网电汽车充电站(昆仑网电北京东城区来福士中心充电,北京市北京市东城区东直门南大街1号停车场入口下B1层入口处右侧,2,00:00-24:00,2019/7/26
100108,500108,2,东城区·昆仑网电汽车充电站(王府井银泰百货),北京市北京市东城区王府井大街88号东门地库入口进入地库B4-046车位,2,00:00-24:00,2019/7/26
100109,500109,2,东城区·星星充电汽车充电站(东城-王府井百货大楼),北京市北京市东城区王府井大街255号王府井百货大楼B3停车场,8,00:00-24:00,2019/7/26
100110,500110,1,东城区·星星充电汽车充电站(内部专用星星充电-东城-少年宫充,北京市北京市东城区北京市少年宫院内地上停车场,1,00:00-24:00,2019/7/26
100111,500111,2,东城区·星星充电汽车充电站(暂不对外开放东城-天润财富中心),北京市北京市东城区朝阳门南小街26号院天润财富中心B3层,4,00:00-24:00,2019/7/26
100112,500112,3,东城区·星星充电汽车充电站(米东区委员会党校新疆万帮星星充电,北京市北京市东城区三道坝南路156号,3,00:00-24:00,2019/7/26
100113,500113,2,东城区·普天新能源充电站(普天站人保部),北京市北京市东城区和平里东街3号,2,00:00-24:00,2019/7/26
100114,500114,4,东城区·智汇充汽车充电站(百工坊小熊超充站),北京市北京市东城区左安门内大街与光明路交叉口东南80米,3,00:00-24:00,2019/7/26
100115,500115,2,东城区·朝阳门北小街2号楼电动自行车充电桩,北京市北京市东城区朝阳门北小街8-2号,1,00:00-24:00,2019/7/26
100116,500116,2,东城区·极氪能源汽车充电站(北京中央歌剧院极充站),北京市北京市东城区东中街115号中央歌剧院地下停车场负二层048-051号车位,8,00:00-24:00,2019/7/26
100117,500117,2,东城区·极氪能源超级充电站(北京天润财富极充站),北京市北京市东城区东总布胡同58号天润财富中心地下停车场负三层3070-3077号车位,1,00:00-24:00,2019/7/26
100118,500118,2,东城区·极狐汽车充电站(环球贸易中心快充站),北京市北京市东城区北三环中路36号环球贸易中心A座B2、B3层,4,00:00-24:00,2019/7/26
100119,500119,1,东城区·汽车充电站(北京卡丘百富怡大酒店站),北京市北京市东城区北京市东城区南二里庄19号百富怡大酒店南侧,10,00:00-24:00,2019/7/26
100120,500120,1,东城区·汽车充电站(卡丘充电-首开广场),北京市北京市东城区和平里街道安定门外大街189号地下车库,10,00:00-24:00,2019/7/26
100121,500121,4,东城区·汽车充电站(壳牌白桥大街充电站),北京市北京市东城区立体停车场(广渠门内地铁站B东北口步行370米),10,00:00-24:00,2019/7/26
100122,500122,4,东城区·汽车充电站(小鹏S4超充北京合景摩方站),北京市北京市东城区崇文门外街道东打磨厂街1号合景摩方地下停车场,2,00:00-24:00,2019/7/26
100123,500123,2,东城区·汽车充电站(开迈斯充电站北京市金城建国5号直流站),北京市北京市东城区建国门街道建国门北大街5号金成建国5号地下停车场,6,00:00-24:00,2019/7/26
100124,500124,1,东城区·汽车充电站(扬招站东城区东四西大街10036优易充小,"北京市北京市东城区东四路口向西约100米,地铁6号线东四站西南口处",3,00:00-24:00,2019/7/26
100125,500125,2,东城区·汽车充电站(扬招站东城区东四西大街10038优易充小,北京市北京市东城区东四南大街-道路停车位(东四地铁站F东北口旁),6,00:00-24:00,2019/7/26
100126,500126,2,东城区·汽车充电站(扬招站东城区体育馆路10092优易充小站,北京市北京市东城区天坛饭店门前东侧10米处路北,4,00:00-24:00,2019/7/26
100127,500127,2,东城区·汽车充电站(扬招站东城区体育馆路北侧10065优易充,"北京市北京市东城区体育馆路道路北侧,靠近体育馆路西口处,雅迪电动车前",1,00:00-24:00,2019/7/26
100128,500128,2,东城区·汽车充电站(扬招站东城区安定门10166优易充小站),"北京市北京市东城区安定门桥东北角,地铁安定门站B东北口",2,00:00-24:00,2019/7/26
100129,500129,2,东城区·汽车充电站(扬招站东城区安定门外大街10002优易充,"北京市北京市东城区安定门外大街道路东侧,地坛公园西门前",1,00:00-24:00,2019/7/26
100130,500130,2,东城区·汽车充电站(扬招站东城区崇文门外大街东侧10018优,"北京市北京市东城区崇文门外大街道路东侧,红桥路口南侧天桥",3,00:00-24:00,2019/7/26
100131,500131,1,东城区·汽车充电站(扬招站东城区崇文门外大街东侧10019优,"北京市北京市东城区崇文门外大街道路东侧,红桥路口北侧天桥",10,00:00-24:00,2019/7/26
100132,500132,3,东城区·汽车充电站(扬招站东城区朝阳门内大街北侧10131优,"北京市北京市东城区朝阳门内大街道路北侧,朝内北小街路口向西20米",3,00:00-24:00,2019/7/26
100133,500133,3,东城区·汽车充电站(扬招站东城区朝阳门内大街南侧10016优,"北京市北京市东城区朝阳门内大街道路南侧,东四路口东南角,地铁5号线东四站C口门前",1,00:00-24:00,2019/7/26
100134,500134,2,东城区·汽车充电站(鸿蒙智行超级充电站),北京市北京市东城区崇文门外大街18号国瑞城购物中心地下停车场B3层,12,00:00-24:00,2019/7/26
100135,500135,2,东城区·海尔汽车充电站(北仑电厂大食堂站)(暂停营业),北京市北京市东城区北仑电厂大食堂站,3,00:00-24:00,2019/7/26
100136,500136,1,东城区·淘淘充汽车充电站(北京华侨大厦睿士酒店),北京市北京市东城区王府井大街2号华侨大厦地面停车场029(北口进入直行60米大厦东侧),8,00:00-24:00,2019/7/26
100137,500137,2,东城区·滴滴充电充电站(东城区东四十条10116充电扬招站),北京市北京市东城区东四十条与朝阳门北小街交叉口东60米,1,00:00-24:00,2019/7/26
100138,500138,2,东城区·滴滴充电充电站(东玖大厦站),北京市北京市东城区夕照寺街与夕照寺中街交叉口东北40米,3,00:00-24:00,2019/7/26
100139,500139,3,东城区·滴滴充电充电站(北京静态交通中绦胡同20号北侧地块充,北京市北京市东城区中绦胡同与玉阁二巷交叉口西北20米,2,00:00-24:00,2019/7/26
100140,500140,4,东城区·滴滴充电充电站(能+超充朝阳门南小街超充站),北京市北京市东城区朝阳门南小街与赵堂子胡同交叉口南80米,1,00:00-24:00,2019/7/26
100141,500141,3,东城区·滴滴充电汽车充电站(BP快速充电站北京东城东方花园饭,北京市北京市东城区东直门街道东直门南大街4号楼东方花园饭店饭店楼后,3,00:00-24:00,2019/7/26
100142,500142,2,东城区·滴滴充电汽车充电站(万马爱充金宝大厦站),北京市北京市东城区建国门街道金宝大厦地下车库,8,00:00-24:00,2019/7/26
100143,500143,3,东城区·滴滴充电汽车充电站(东四十四条93号C座充电站),北京市北京市东城区东四十四条93号C座,8,00:00-24:00,2019/7/26
100144,500144,2,东城区·滴滴充电汽车充电站(中石化龙禹领行国际中心充电站),北京市北京市东城区龙潭街道广渠门南小街1号领行国际中心,2,00:00-24:00,2019/7/26
100145,500145,4,东城区·滴滴充电汽车充电站(北京王府井喜悦超充站),北京市北京市东城区东华门街道霞公府街王府井步行街直接到B2层后直行50米左转,1,00:00-24:00,2019/7/26
100146,500146,3,东城区·特斯拉目的地充电站(北京王府半岛酒店目的地充电站),北京市北京市东城区金鱼胡同8号王府半岛酒店地下2层,1,00:00-24:00,2019/7/26
100147,500147,2,东城区·特斯拉目的地充电站(王府中环),北京市北京市东城区王府井大街269号B4层4246-4249停车位,8,00:00-24:00,2019/7/26
100148,500148,3,东城区·特斯拉超级充电站(北京合景摩方购物中心),北京市北京市东城区崇文门外大街1号合景摩方购物中心B3层62-70,1,00:00-24:00,2019/7/26
100149,500149,4,东城区·特斯拉超级充电站(北京市东方广场),北京市北京市东城区东长安街1号东方广场停车场地下3层,2,00:00-24:00,2019/7/26
100150,500150,3,东城区·特斯拉超级充电站(北京市百货大楼),北京市北京市东城区王府井大街255号地下停车场B3层154-156车位/入口王府井西街,6,00:00-24:00,2019/7/26
100151,500151,4,东城区·特斯拉超级充电站(北京来福士中心),北京市北京市东城区东直门南大街来福士中心地下停车场B3层C区,1,00:00-24:00,2019/7/26
100152,500152,2,东城区·特斯拉超级充电站(北京永定门中海地产广场),北京市北京市东城区永定门西滨河路8号院7号楼地下B2层-原B2063车位/入口马家堡路,3,00:00-24:00,2019/7/26
100153,500153,2,东城区·特斯拉超级充电站(北京飞天大厦),北京市北京市东城区广渠门外南街5号(广渠门外地铁站D西南口步行470米),3,00:00-24:00,2019/7/26
100154,500154,1,东城区·特来电充电站(北京励骏酒店),北京市北京市东城区金宝街90-92号励骏酒店地面停车场2,10,00:00-24:00,2019/7/26
100155,500155,2,东城区·特来电充电站(北京王府中环),北京市北京市东城区东华门街道王府井大街269号地下4层,8,00:00-24:00,2019/7/26
100156,500156,2,东城区·特来电汽车充电站(北京金台夕照酒店充电站),北京市北京市东城区金台夕照酒店停车场,4,00:00-24:00,2019/7/26
100157,500157,2,东城区·特来电汽车充电站(安贞大厦充电站),北京市北京市东城区中诚安贞大厦地面停车场90(安贞桥地铁站C口步行160米),4,00:00-24:00,2019/7/26
100158,500158,2,东城区·特来电汽车充电站(特来电中关村雍和航星园充电站),北京市北京市东城区和平里东街11号创新楼A座B2地下停车场,6,00:00-24:00,2019/7/26
100159,500159,2,东城区·特来电汽车充电站(特来电北京市东城区银座MALL充电,北京市北京市东城区东直门街道东直门外大街22号东方银座C公寓银座百货B3,1,00:00-24:00,2019/7/26
100160,500160,3,东城区·特来电汽车充电站(特来电龙潭中湖公园停车设施东南门充,北京市北京市东城区龙潭中湖公园配套停车场,6,00:00-24:00,2019/7/26
100161,500161,2,东城区·特来电汽车充电站(特来电龙潭中湖公园停车设施充电站),北京市北京市东城区左安门内大街19号龙潭中湖公园立体停车场F2-058,1,00:00-24:00,2019/7/26
100162,500162,1,东城区·特来电汽车充电站(特来电龙潭中湖公园配套停车设施西南,北京市北京市东城区龙潭街道左安门西街龙潭中湖公园西南门外西侧,6,00:00-24:00,2019/7/26
100163,500163,2,东城区·特来电目的地充电站(北京王府半岛酒店充电站),北京市北京市东城区金鱼胡同8号LL2-13号,8,00:00-24:00,2019/7/26
100164,500164,1,东城区·特来电目的地充电站(青年沟充电桩),北京市北京市东城区和平里街道安定门外大街60号,2,00:00-24:00,2019/7/26
100165,500165,2,东城区·特来电超级充电站(特来电北京东城前门大街地下停车场充,北京市北京市东城区前门街道得丰西巷前门大街地下停车场,6,00:00-24:00,2019/7/26
100166,500166,4,东城区·理想超级充电站(理想超充站北京中谷酒店),北京市北京市东城区中谷酒店停车场,4,00:00-24:00,2019/7/26
100167,500167,4,东城区·百工坊小熊超充站,北京市北京市东城区左安门内大街与光明路交叉口东南80米,2,00:00-24:00,2019/7/26
100168,500168,3,东城区·科科魔方汽车充电站(天心区中建偶寓车库入口处),北京市北京市东城区中建芙蓉嘉苑偶寓23,2,00:00-24:00,2019/7/26
100169,500169,2,东城区·简单充充电站(天坛南里西区站),北京市北京市东城区永定门内大街160号,10,00:00-24:00,2019/7/26
100170,500170,2,东城区·绿洲高科新能源汽车充电站(珠市口大街155号美洁华延,北京市北京市东城区东城区-珠市口东大街155号北京国龙中医医院,1,00:00-24:00,2019/7/26
100171,500171,4,东城区·绿狗汽车充电站(香河园中街),北京市北京市东城区万国城MOMA8号楼(左家庄地铁站A口步行420米),10,00:00-24:00,2019/7/26
100172,500172,4,东城区·能加超充超级充电站(天玉大厦超充站·华为超充技术支持,北京市北京市东城区天玉大厦,4,00:00-24:00,2019/7/26
100173,500173,4,东城区·能加超充超级充电站(朝阳门南小街超充站·华为超充技术,北京市北京市东城区朝阳门南小街道路停车位,4,00:00-24:00,2019/7/26
100174,500174,2,东城区·蒙来电汽车充电站(合和佳苑售楼部单独一台自营),北京市北京市东城区合和佳苑售楼部,3,00:00-24:00,2019/7/26
100175,500175,2,东城区·蔚来换电站(金宝街站),北京市北京市东城区金宝街,1,00:00-24:00,2019/7/26
100176,500176,2,东城区·蔚来能源目的地充电站(内部使用北京安定路小区),北京市北京市东城区汤泉良子(安贞桥店),8,00:00-24:00,2019/7/26
100177,500177,2,东城区·蔚来能源目的地充电站(内部使用北京紫金宾馆),北京市北京市东城区崇文门西大街9号(紫金宾馆内),3,00:00-24:00,2019/7/26
100178,500178,3,东城区·超翔汽车充电站(电表32916-左安浦园-6号楼),北京市北京市东城区左安浦园-6号楼,8,00:00-24:00,2019/7/26
100179,500179,1,东城区·逸安启超级充电站(北京东方广场),"北京市北京市东城区东长安街1号东方新天地P3层西区停车区,靠近商场客梯",6,00:00-24:00,2019/7/26
100180,500180,1,东城区·隆瑞三优北官厅44路汽车充电站,北京市北京市东城区安定门东滨河路与民旺南胡同交叉口南120米,2,00:00-24:00,2019/7/26
100181,500181,2,东城区·隆瑞三优木樨园超级汽车充电站,北京市北京市东城区南三环中路79号(木樨园地铁站C西南口步行280米),3,00:00-24:00,2019/7/26
100182,500182,2,东城区·隆瑞三优站东街403路充电站,北京市北京市东城区建国门南大街1号(建国门地铁站C西南口步行470米),2,00:00-24:00,2019/7/26
100183,500183,3,东城区·隆福寺东院充电站,北京市北京市东城区东城区东四路口西北角隆福寺东院地下三层停车场,2,00:00-24:00,2019/7/26
100184,500184,2,东城区·隆福寺南坊充电站,北京市北京市东城区隆福寺前街1号隆福寺南坊地下夹层停车场,3,00:00-24:00,2019/7/26
100185,500185,2,东城区·霞公府-地下二层停车场充电点,北京市北京市东城区霞公府街3号(王府井地铁站F1东口步行340米),12,00:00-24:00,2019/7/26
100186,500186,2,东城区·驰立通汽车充电站(40kw快充)(暂停营业),北京市北京市东城区天津市天津市武清区大良镇,3,00:00-24:00,2019/7/26
100187,500187,3,东城区·驿充电充电站(东四站),北京市北京市东城区仓南胡同与豆瓣胡同交叉口东南80米,3,00:00-24:00,2019/7/26
100188,500188,2,东城区·驿充电充电站(安定门充电站),北京市北京市东城区小黄庄路与安定门外大街辅路交叉口东100米,2,00:00-24:00,2019/7/26
100189,500189,2,东城区·高陆通充电站(东玖大厦),北京市北京市东城区东玖大厦地下停车场地下1层,2,00:00-24:00,2019/7/26
100190,500190,1,丰台区·bp pulse汽车充电站(丰台丽泽平安金融中心A座,北京市北京市丰台区金泽西路2号院1号楼地下停车场B2层A区A016(东管头地铁站C口步行490米),3,00:00-24:00,2019/7/26
100191,500191,4,丰台区·bp pulse汽车充电站(北京丽泽体育馆),北京市北京市丰台区玉璞路6号,2,00:00-24:00,2019/7/26
100192,500192,3,丰台区·bp pulse汽车充电站(北京新业广场),北京市北京市丰台区南苑乡成寿寺路2号,1,00:00-24:00,2019/7/26
100193,500193,3,丰台区·bp pulse汽车充电站(康辛路充电站),北京市北京市丰台区北京市康辛路,4,00:00-24:00,2019/7/26
100194,500194,2,丰台区·专鑫控股超级充电站(北京丰台石榴派大厦超快充),北京市北京市丰台区石榴园北里42号,4,00:00-24:00,2019/7/26
100195,500195,1,丰台区·中国石化汽车充电站(万兴家居广场充电站),北京市北京市丰台区玉泉营街道万兴国际家居广场,6,00:00-24:00,2019/7/26
100196,500196,2,丰台区·中国石化汽车充电站(中国石化世界公园东门重卡充电站),北京市北京市丰台区花乡街道丰葆路158号世界公园东门停车场,2,00:00-24:00,2019/7/26
100197,500197,2,丰台区·中国石化汽车充电站(中国石化新发地充电站),北京市北京市丰台区花乡街道新发地锦程园19号楼地面停车场,3,00:00-24:00,2019/7/26
100198,500198,1,丰台区·中国石化汽车充电站(洋桥物美充电站),北京市北京市丰台区大红门街道物美超市(洋桥店)停车场,6,00:00-24:00,2019/7/26
100199,500199,3,丰台区·中国石化汽车充电站(翠海明苑充电站),北京市北京市丰台区南苑街道翠海明苑(北区)翠海明苑北区,4,00:00-24:00,2019/7/26
100200,500200,1,丰台区·中国石化汽车充电站(飞悦体育场重卡充电站),北京市北京市丰台区五里店街道飞悦体育场停车场,1,00:00-24:00,2019/7/26
100201,500201,4,丰台区·中国石化汽车充电站(鸿业兴园充电站),北京市北京市丰台区新村街道鸿业兴园二区北侧地上停车场,2,00:00-24:00,2019/7/26
100202,500202,2,丰台区·云快充(互联接入)汽车充电站(北京西站希尔顿),北京市北京市丰台区太平桥街道北京西站南路1号,3,00:00-24:00,2019/7/26
100203,500203,2,丰台区·云快充汽车充电站(北京南站牛快充超级快充站)(暂停营,北京市北京市丰台区南三环首农双创中心大厦地下三层,4,00:00-24:00,2019/7/26
100204,500204,2,丰台区·云快充汽车充电站(新丰驾校理论考场),北京市北京市丰台区梅市口路与二通西路交叉口东180米,1,00:00-24:00,2019/7/26
100205,500205,2,丰台区·云快充汽车充电站(洋桥大中电器充电站),北京市北京市丰台区洋桥麦当劳,1,00:00-24:00,2019/7/26
100206,500206,2,丰台区·云快充汽车充电站(首农发展创新科技产业园汽车充电站),北京市北京市丰台区南苑路112号(和义地铁站B东北口步行410米),4,00:00-24:00,2019/7/26
100207,500207,2,丰台区·云快充超级充电站,"北京市北京市丰台区大红门街道,海户屯路199号",10,00:00-24:00,2019/7/26
100208,500208,2,丰台区·云快充超级充电站(京顺鹏达充电站),北京市北京市丰台区和义文化产业园东侧停车场,10,00:00-24:00,2019/7/26
100209,500209,2,丰台区·云快充超级充电站(通久停车场超级充电站),北京市北京市丰台区和义街道南苑久敬庄通久路停车场,6,00:00-24:00,2019/7/26
100210,500210,3,丰台区·便民电动车充电站,北京市北京市丰台区大红门路28号,3,00:00-24:00,2019/7/26
100211,500211,1,丰台区·充小兽超级充电站(宝丰大厦站),北京市北京市丰台区花乡宝丰大厦(丰台南路南)(丰台南路地铁站B2口旁),6,00:00-24:00,2019/7/26
100212,500212,4,丰台区·光达盛兴新能源汽车充电站(丰台区丰管路西国贸超充站-,北京市北京市丰台区丰管路39号(泥洼地铁站C1东南口步行470米),4,00:00-24:00,2019/7/26
100213,500213,2,丰台区·全迅维汽车充电站(洋桥大中电器充电站),北京市北京市丰台区洋桥麦当劳,4,00:00-24:00,2019/7/26
100214,500214,2,丰台区·公牛充电汽车充电站(杜家坎9号院停车场),北京市北京市丰台区杜家坎9号院815食堂后院内停车场,1,00:00-24:00,2019/7/26
100215,500215,1,丰台区·北京新发地汽车充电站,北京市北京市丰台区花乡街道爱助农北京仓,1,00:00-24:00,2019/7/26
100216,500216,3,丰台区·北京碧辟汽车充电站(小瓦窑),北京市北京市丰台区卢沟桥街道吴家村路7号,2,00:00-24:00,2019/7/26
100217,500217,1,丰台区·北京车联网汽车充电站(京印国际中心)(暂停营业),北京市北京市丰台区北京市北京市丰台区右安门街道开阳里8号,4,00:00-24:00,2019/7/26
100218,500218,4,丰台区·北京车联网汽车充电站(大瓦窑地铁站液冷超充),北京市北京市丰台区大瓦窑中路16号院,3,00:00-24:00,2019/7/26
100219,500219,3,丰台区·北京车联网汽车充电站(小屯重卡兆瓦闪充站)(暂停营业,北京市北京市丰台区卢沟桥街道兴源路,2,00:00-24:00,2019/7/26
100220,500220,4,丰台区·北京车联网汽车充电站(新发地液冷超充),北京市北京市丰台区花乡街道银地西路13号,2,00:00-24:00,2019/7/26
100221,500221,2,丰台区·北京车联网汽车充电站(晓月苑),北京市北京市丰台区宛平街道晓月东路5号,2,00:00-24:00,2019/7/26
100222,500222,4,丰台区·北京静交超级充电站(北京南站立体停车场超充站·华为超,北京市北京市丰台区北京南站立体停车场,1,00:00-24:00,2019/7/26
100223,500223,2,丰台区·北京静态交通丽源路充电站,北京市北京市丰台区西三环南路16号,1,00:00-24:00,2019/7/26
100224,500224,1,丰台区·华商三优汽车充电站(扬招站丰台区华尔顿爱华国际中心优,北京市北京市丰台区广安路1号湾子地铁站西,10,00:00-24:00,2019/7/26
100225,500225,2,丰台区·国家电网汽车充电站(丰台区科技园供电所),北京市北京市丰台区富锦嘉园二区3号楼东侧地面停车场,1,00:00-24:00,2019/7/26
100226,500226,1,丰台区·国家电网汽车充电站(北京市丰台区丽泽商务区公共超级充,北京市北京市丰台区太平桥街道丰台区丽泽金融商务区F地块龙湖北京丽泽天街,1,00:00-24:00,2019/7/26
100227,500227,3,丰台区·国家电网汽车充电站(北京市丰台区北京西站P1地下停车,北京市北京市丰台区莲花池东路118号北京西站P1地下停车场128-136车位,6,00:00-24:00,2019/7/26
100228,500228,3,丰台区·国家电网汽车充电站(北京市丰台区北京西站P3地下停车,北京市北京市丰台区北京西站P3地下停车场B区P3-044,3,00:00-24:00,2019/7/26
100229,500229,3,丰台区·国家电网汽车充电站(北京市丰台区南苑森林湿地公园公共,北京市北京市丰台区桃苑公园(西南角),3,00:00-24:00,2019/7/26
100230,500230,2,丰台区·国家电网汽车充电站(北京市丰台区大灰厂村),北京市北京市丰台区大灰厂村村北农家院,8,00:00-24:00,2019/7/26
100231,500231,1,丰台区·国家电网汽车充电站(北京市丰台区天坛医院地上公共充电,北京市北京市丰台区首都医科大学附属北京天坛医院南地面停车场,1,00:00-24:00,2019/7/26
100232,500232,1,丰台区·国家电网汽车充电站(北京市丰台区方庄芳城园二区公共充,北京市北京市丰台区芳古路芳城园二区院内公共地面停车场,6,00:00-24:00,2019/7/26
100233,500233,1,丰台区·国家电网汽车充电站(北京市丰台区梨园村),北京市北京市丰台区梨园村公交站东侧,1,00:00-24:00,2019/7/26
100234,500234,2,丰台区·国家电网汽车充电站(北京市丰台区西庄店小店村公共充电,北京市北京市丰台区小店村,1,00:00-24:00,2019/7/26
100235,500235,2,丰台区·国家电网汽车充电站(四海宏运充电站国网合作站),北京市北京市丰台区首航超市45店南顶村店停车场,1,00:00-24:00,2019/7/26
100236,500236,2,丰台区·国家电网汽车充电站(园博大道),北京市北京市丰台区停车场,6,00:00-24:00,2019/7/26
100237,500237,2,丰台区·国网分布式新能源汽车充电站(小屯新能源汽车专用充换站,北京市北京市丰台区卢沟桥街道小屯西路248号,2,00:00-24:00,2019/7/26
100238,500238,2,丰台区·壳牌充电汽车充电站(壳牌充电北京丰台金胜嘉谊地下快充,北京市北京市丰台区马家堡东路金胜嘉谊地下停车场B1层B区76-89停车位,2,00:00-24:00,2019/7/26
100239,500239,2,丰台区·壳牌充电超级充电站(壳牌充电北京丰台博天鼎盛庑殿路地,北京市北京市丰台区南四环中路甲8号北京博天鼎盛商贸有限公司,1,00:00-24:00,2019/7/26
100240,500240,2,丰台区·壳牌充电超级充电站(壳牌充电北京丰台天坛生活广场地面,北京市北京市丰台区康平街天坛生活广场,3,00:00-24:00,2019/7/26
100241,500241,1,丰台区·壳牌汽车充电站(静态交通北京南站充电站交流区),北京市北京市丰台区开阳路立体停车楼二层,2,00:00-24:00,2019/7/26
100242,500242,2,丰台区·小桔充电汽车充电站(bp pulse快充站北京丽泽平,北京市北京市丰台区地下停车场B3(东管头地铁站C口步行60米),1,00:00-24:00,2019/7/26
100243,500243,2,丰台区·小桔充电汽车充电站(中石化龙禹新发地充电站),北京市北京市丰台区右安路119号隆晟华盾文化产业园隆晟华盾文化产业园停车场,10,00:00-24:00,2019/7/26
100244,500244,4,丰台区·小桔充电汽车充电站(丰台站融达国际液冷超充站货车可充,北京市北京市丰台区融达国际南门东南50米,4,00:00-24:00,2019/7/26
100245,500245,4,丰台区·小桔充电汽车充电站(丰台隆晟华盾文化产业园超充站),北京市北京市丰台区右安路119号隆晟华盾文化产业园隆晟华盾文化产业园停车场,10,00:00-24:00,2019/7/26
100246,500246,1,丰台区·小桔充电汽车充电站(云和桥丰台丰葆荟充电站),北京市北京市丰台区看丹街道富锦嘉园丰葆荟,3,00:00-24:00,2019/7/26
100247,500247,1,丰台区·小桔充电汽车充电站(云和桥樊家村首经贸南路充电站),北京市北京市丰台区北京信息职业技术学院(南校区)-停车场,1,00:00-24:00,2019/7/26
100248,500248,3,丰台区·小桔充电汽车充电站(云岗),北京市北京市丰台区云岗路与张云路交叉口东南140米,3,00:00-24:00,2019/7/26
100249,500249,2,丰台区·小桔充电汽车充电站(北京丰台万维嘉旅停车场),北京市北京市丰台区北宫镇园博府五环外停车场(张郭庄地铁站A北口步行230米),4,00:00-24:00,2019/7/26
100250,500250,4,丰台区·小桔充电汽车充电站(北京丰台东方银鼎家居生活广场超充,北京市北京市丰台区东方银鼎家居生活广场地面停车场,4,00:00-24:00,2019/7/26
100251,500251,2,丰台区·小桔充电汽车充电站(北京丰台丽泽居然之家),北京市北京市丰台区居然之家家居生活MALL丽泽店地面停车场,1,00:00-24:00,2019/7/26
100252,500252,3,丰台区·小桔充电汽车充电站(北京丰台区天昊充电站),北京市北京市丰台区卢沟桥街道丰体南路辅路天昊文化广场内(北侧),2,00:00-24:00,2019/7/26
100253,500253,2,丰台区·小桔充电汽车充电站(北京丰台区草桥麦德龙充电站),北京市北京市丰台区草桥东路与角门北路交叉口西180米,2,00:00-24:00,2019/7/26
100254,500254,3,丰台区·小桔充电汽车充电站(北京丰台区西站商业广场),"北京市北京市丰台区北京西站商业广场,走进入西站地下停车场入口外测的最右侧车道,第一个人行道左转进入道闸下坡",6,00:00-24:00,2019/7/26
100255,500255,3,丰台区·小桔充电汽车充电站(北京丰台区里程宝洋桥超级电站),北京市北京市丰台区南三环中路辅路与西罗园南里交叉口西北60米,3,00:00-24:00,2019/7/26
100256,500256,2,丰台区·小桔充电汽车充电站(北京丰台华夏幸福创新中心充电站),北京市北京市丰台区汽车博物馆西路8号院3号地下停车场地下三层,1,00:00-24:00,2019/7/26
100257,500257,3,丰台区·小桔充电汽车充电站(北京丰台安富停车场充电站),北京市北京市丰台区地面停车场0028,3,00:00-24:00,2019/7/26
100258,500258,2,丰台区·小桔充电汽车充电站(北京丰台宝隆充电站),北京市北京市丰台区玉泉营街道南三环西路99号宝隆大厦地下三层,1,00:00-24:00,2019/7/26
100259,500259,2,丰台区·小桔充电汽车充电站(北京丰台宝隆充电站),北京市北京市丰台区玉泉营街道南三环西路142号宝隆大厦地下二层,3,00:00-24:00,2019/7/26
100260,500260,1,丰台区·小桔充电汽车充电站(北京丰台欢乐水魔方),北京市北京市丰台区卢沟桥街道小屯北街欢乐水魔方东侧地面停车场,6,00:00-24:00,2019/7/26
100261,500261,4,丰台区·小桔充电汽车充电站(北京丰台赵辛店超充站),北京市北京市丰台区地面停车场,3,00:00-24:00,2019/7/26
100262,500262,1,丰台区·小桔充电汽车充电站(北京丰台银建充电站),北京市北京市丰台区丰裕路与丰台西路交叉口西南220米,1,00:00-24:00,2019/7/26
100263,500263,2,丰台区·小桔充电汽车充电站(北京丰台青塔蔚园22号院充电站),北京市北京市丰台区青塔街道青塔西路61号青塔蔚园-22号院中国水产科学研究院地面停车场,3,00:00-24:00,2019/7/26
100264,500264,2,丰台区·小桔充电汽车充电站(北京丰台鸿禧阁),北京市北京市丰台区东铁匠营街道贾家花园15号院8号楼鸿禧阁地下停车场B2层,2,00:00-24:00,2019/7/26
100265,500265,1,丰台区·小桔充电汽车充电站(北京静态交通六里桥客运站北侧),北京市北京市丰台区六里桥客运站北侧(丰台区西三环南里甲131号),1,00:00-24:00,2019/7/26
100266,500266,1,丰台区·小桔充电汽车充电站(小屯重卡兆瓦闪充站),北京市北京市丰台区北京新丰汽车驾驶学校南门旁,1,00:00-24:00,2019/7/26
100267,500267,3,丰台区·小桔充电汽车充电站(日升昌酒店停车场充电站),北京市北京市丰台区日升昌酒店停车场(景风门地铁站E口步行290米),8,00:00-24:00,2019/7/26
100268,500268,4,丰台区·小桔充电汽车充电站(时代财富天地超充站),北京市北京市丰台区时代财富天地停车场,1,00:00-24:00,2019/7/26
100269,500269,3,丰台区·小桔充电汽车充电站(突破科技园汽车充电站),北京市北京市丰台区大红门久敬庄56号,8,00:00-24:00,2019/7/26
100270,500270,3,丰台区·小桔充电汽车充电站(顺充北京亚胜铂第超级),北京市北京市丰台区亚胜·铂第公馆停车场,2,00:00-24:00,2019/7/26
100271,500271,3,丰台区·小桔充电汽车充电站(马连道快速),北京市北京市丰台区太平桥街道深港高尔夫俱乐部马连道欣园小区进门直行左侧地面停车场106,8,00:00-24:00,2019/7/26
100272,500272,2,丰台区·小桔充电站(北京壳牌南站立体停车楼),北京市北京市丰台区开阳路北京南站立体停车场立体停车楼二层,4,00:00-24:00,2019/7/26
100273,500273,2,丰台区·小桔汽车充电站(北京丰台合生广场充电站),北京市北京市丰台区大红门街道永外果园8号合生广场B3层A区,3,00:00-24:00,2019/7/26
100274,500274,2,丰台区·小绿人电动车充电柜,北京市北京市丰台区丽泽路16号院金泽路与西营街交汇处,3,00:00-24:00,2019/7/26
100275,500275,2,丰台区·小鹏超级充电站(小鹏S4超快充北京南三环中路站),北京市北京市丰台区北京市东铁匠营街道南三环中路67号院手拉手尾货批发城,1,00:00-24:00,2019/7/26
100276,500276,2,丰台区·小鹏超级充电站(小鹏S4超快充北京小井润园站),北京市北京市丰台区六里桥街道望园路(入口望园路),8,00:00-24:00,2019/7/26
100277,500277,2,丰台区·小鹏超级充电站(小鹏S4超快充北京小瓦窑站),北京市北京市丰台区卢沟桥街道思湘苑(吴家村店),6,00:00-24:00,2019/7/26
100278,500278,2,丰台区·小鹏超级充电站(小鹏S4超快充北京成寿寺站),北京市北京市丰台区成寿寺路新业广场南侧便民停车场地面充电站,6,00:00-24:00,2019/7/26
100279,500279,2,丰台区·小鹏超级充电站(小鹏S4超快充北京晓月苑站),北京市北京市丰台区北京市晓月中路与清音街交叉口西南280米,6,00:00-24:00,2019/7/26
100280,500280,2,丰台区·小鹏超级充电站(小鹏S4超快充北京西国贸酒店站),北京市北京市丰台区丰管路16号12号楼(泥洼地铁站C1东南口步行440米),2,00:00-24:00,2019/7/26
100281,500281,2,丰台区·小鹏超级充电站(小鹏超快充北京建国街站),北京市北京市丰台区建国街与东兴里交叉口西北60米,1,00:00-24:00,2019/7/26
100282,500282,4,丰台区·广汽能源汽车充电站(广汽能源北京丰台万维嘉旅停车场超,北京市北京市丰台区北宫镇园博府五环外地面停车场,6,00:00-24:00,2019/7/26
100283,500283,4,丰台区·广汽能源汽车充电站(广汽能源北京丰台领秀翡翠山超充站,北京市北京市丰台区南宫路9号,3,00:00-24:00,2019/7/26
100284,500284,4,丰台区·广汽能源汽车充电站(广汽能源鑫嘉汇购物中心超充站),北京市北京市丰台区看丹街道鑫嘉汇购物中心地面停车场,3,00:00-24:00,2019/7/26
100285,500285,2,丰台区·库仑汽车充电站(中国石化万兴家居广场充电站),北京市北京市丰台区玉泉营街道万兴国际家居广场,6,00:00-24:00,2019/7/26
100286,500286,2,丰台区·库仑汽车充电站(中国石化世界公园东门重卡充电站),北京市北京市丰台区花乡街道丰葆路158号世界公园东门停车场,2,00:00-24:00,2019/7/26
100287,500287,2,丰台区·开迈斯汽车充电站(北京市丰台区西国贸充电超市站),北京市北京市丰台区丰管路前泥洼路(泥洼地铁站C1东南口步行450米),6,00:00-24:00,2019/7/26
100288,500288,4,丰台区·快电大瓦窑地铁站液冷超充,北京市北京市丰台区G4京港澳高速出口与G4京港澳高速辅路交叉口东北100米,3,00:00-24:00,2019/7/26
100289,500289,2,丰台区·新电途汽车充电站(北京南站牛快充超级快充站),北京市北京市丰台区丰台区南三环首农双创中心大厦地下三层,2,00:00-24:00,2019/7/26
100290,500290,2,丰台区·新电途汽车充电站(卢沟桥·金通阳光苑·便民·超快充站,北京市北京市丰台区卢沟桥街道金通阳光苑北区(南门),2,00:00-24:00,2019/7/26
100291,500291,4,丰台区·新电途汽车充电站(山语城小熊超充站),北京市北京市丰台区王佐镇山语城三区西侧停车场,3,00:00-24:00,2019/7/26
100292,500292,4,丰台区·新电途汽车充电站(未来超充-京荟广场站),北京市北京市丰台区京荟广场文化产业园北门西300米,1,00:00-24:00,2019/7/26
100293,500293,2,丰台区·新电途汽车充电站(盛芳花卉停车场充电站),北京市北京市丰台区花乡街道山鹰昆仑线缆盛芳国际花卉总部基地,8,00:00-24:00,2019/7/26
100294,500294,2,丰台区·新电途汽车充电站(里程宝木樨园超级充电站),北京市北京市丰台区木樨园世贸商城中心停车场,6,00:00-24:00,2019/7/26
100295,500295,2,丰台区·新电途汽车充电站(里程宝西四环青塔充电站),北京市北京市丰台区丰台区林溪路,1,00:00-24:00,2019/7/26
100296,500296,1,丰台区·昆仑网电汽车充电站(中国石油北京丰台东大街充电站),北京市北京市丰台区东大街东营里7号和玮酒店停车场内,3,00:00-24:00,2019/7/26
100297,500297,2,丰台区·昆仑网电汽车充电站(中国石油北京丰台晓月苑充电站),北京市北京市丰台区宛平街道晓月东路六里东侧,4,00:00-24:00,2019/7/26
100298,500298,3,丰台区·昆仑网电汽车充电站(中国石油北京丰台晓月西路充电站),北京市北京市丰台区宛平街道晓月西路丰顺商务楼,3,00:00-24:00,2019/7/26
100299,500299,2,丰台区·昆仑网电汽车充电站(中国石油北京丰台水魔方充电站),北京市北京市丰台区小屯路11号水魔方东侧停车场,10,00:00-24:00,2019/7/26
100300,500300,2,丰台区·昆仑网电汽车充电站(中国石油北京丰台鑫嘉汇充电站),北京市北京市丰台区鑫嘉汇购物广场,10,00:00-24:00,2019/7/26
100301,500301,4,丰台区·昆仑网电汽车充电站(中国石油北京丰台靛厂锦园南门超充,北京市北京市丰台区水衙沟路126号,2,00:00-24:00,2019/7/26
100302,500302,2,丰台区·昆仑网电汽车充电站(中国石油北京大红门停车楼充电站),北京市北京市丰台区大红门地铁A2口北50米立体停车楼内,8,00:00-24:00,2019/7/26
100303,500303,4,丰台区·昆仑网电汽车充电站(昆仑网电丰台区京盛时代购物中心停,北京市北京市丰台区镇岗塔路云岗航天人才家园1号楼京盛时代购物中心停车场,6,00:00-24:00,2019/7/26
100304,500304,4,丰台区·昆仑网电汽车充电站(昆仑网电北京丰台嘉禾停车场超充站,北京市北京市丰台区双林东路春风雅筑西北150米嘉禾停车场内,3,00:00-24:00,2019/7/26
100305,500305,3,丰台区·昆仑网电汽车充电站(昆仑网电北京汽车博物馆充电站),北京市北京市丰台区北京汽车博物馆南门东150米,3,00:00-24:00,2019/7/26
100306,500306,2,丰台区·星星充电汽车充电站(动力驿站-南三环中林超级充电站草,北京市北京市丰台区中林大厦北门旁,12,00:00-24:00,2019/7/26
100307,500307,2,丰台区·星星充电汽车充电站(南庭新苑充电站),北京市北京市丰台区南庭新苑北区东(诚苑西路东),4,00:00-24:00,2019/7/26
100308,500308,3,丰台区·星星充电汽车充电站(星星充电-丰台-中企会大厦充电站,北京市北京市丰台区仲博中医院东门旁,1,00:00-24:00,2019/7/26
100309,500309,2,丰台区·星星充电汽车充电站(星星充电-瑞泓沄充电站),北京市北京市丰台区丰台区南苑东路西洼地东南61米,8,00:00-24:00,2019/7/26
100310,500310,2,丰台区·极氪能源超级充电站(北京丰台银地西路极充站),北京市北京市丰台区停车场,2,00:00-24:00,2019/7/26
100311,500311,3,丰台区·极氪能源超级充电站(北京新丰驾校极充站),北京市北京市丰台区小屯西南坟路22号新丰汽车驾驶学校地面停车位,8,00:00-24:00,2019/7/26
100312,500312,1,丰台区·极狐汽车充电站(马连道),北京市北京市丰台区马连道欣园东路1号,1,00:00-24:00,2019/7/26
100313,500313,2,丰台区·比亚迪汽车充电站,北京市北京市丰台区西罗园南里与南三环中路辅路交叉口南380米,2,00:00-24:00,2019/7/26
100314,500314,2,丰台区·比亚迪汽车闪充站(公共站汐歌儿海之月),北京市北京市丰台区城北街6号海之月公寓20号楼西侧,2,00:00-24:00,2019/7/26
100315,500315,1,丰台区·比亚迪闪充汽车充电站(比亚迪北京环耀晟世4S店),北京市北京市丰台区西三环南路甲16号,1,00:00-24:00,2019/7/26
100316,500316,1,丰台区·比亚迪闪充汽车充电站(比亚迪北京福铃丰瑞4S店),北京市北京市丰台区花乡街道南四环中路260号,2,00:00-24:00,2019/7/26
100317,500317,2,丰台区·比亚迪闪充汽车充电站(比亚迪北京福铃兴迪4S店),北京市北京市丰台区玉泉营街道花乡汽车园(南门),12,00:00-24:00,2019/7/26
100318,500318,2,丰台区·汐歌儿汽车充电站(公共站汐歌儿海子公园优易充小站),北京市北京市丰台区南苑西路332号,4,00:00-24:00,2019/7/26
100319,500319,3,丰台区·汽车充电站(六里桥客运地下充电站),北京市北京市丰台区六里桥南里甲19号六里桥客运主枢纽地下停车场,8,00:00-24:00,2019/7/26
100320,500320,3,丰台区·汽车充电站(北汽动力丰台刘庄子站),北京市北京市丰台区刘庄子路沙岗村甲5号院小桔充电站院内,3,00:00-24:00,2019/7/26
100321,500321,4,丰台区·汽车充电站(小鹏超充北京新业广场站),北京市北京市丰台区新业广场停车场,2,00:00-24:00,2019/7/26
100322,500322,1,丰台区·汽车充电站(特来电北京市丰台区菜户营桥北站),北京市北京市丰台区地面停车场,10,00:00-24:00,2019/7/26
100323,500323,2,丰台区·汽车充电站(隆瑞三优嘉园三里站),北京市北京市丰台区嘉园路7号,3,00:00-24:00,2019/7/26
100324,500324,2,丰台区·汽车换电站(蔚来北京丰台草桥站),北京市北京市丰台区赵村店路京港地铁有限公司北门外左转停车场直行,6,00:00-24:00,2019/7/26
100325,500325,4,丰台区·滴滴充电充电站(角门东里36号院),北京市北京市丰台区角门北路与马家堡路交叉口东南340米,3,00:00-24:00,2019/7/26
100326,500326,2,丰台区·滴滴充电汽车充电站(中石化龙禹东旭国际充电站),北京市北京市丰台区樊羊路253号地面停车场,6,00:00-24:00,2019/7/26
100327,500327,4,丰台区·滴滴充电汽车充电站(丰台七里庄亿潼隆-鲸悦能源充电站,北京市北京市丰台区六里桥街道万丰路532号亿潼隆万丰购物中心停车场西侧,2,00:00-24:00,2019/7/26
100328,500328,2,丰台区·滴滴充电汽车充电站(云和桥丰台新发地长途客运站充电站,北京市北京市丰台区花乡街道京开路新发地长途客运站停车场,6,00:00-24:00,2019/7/26
100329,500329,4,丰台区·滴滴充电汽车充电站(京供华商重卡大巴超充站),北京市北京市丰台区卢沟桥街道G4辅路,4,00:00-24:00,2019/7/26
100330,500330,4,丰台区·滴滴充电汽车充电站(京化能源煜龙超级充电站),北京市北京市丰台区煜龙宴(六里桥地铁站E东南口步行190米),1,00:00-24:00,2019/7/26
100331,500331,2,丰台区·滴滴充电汽车充电站(六里桥政务中心充电站),北京市北京市丰台区六里桥街道为民街首发大厦北京市丰台区六里桥南里甲9号,3,00:00-24:00,2019/7/26
100332,500332,2,丰台区·滴滴充电汽车充电站(北京丰台丹陛华广场超级充电站),北京市北京市丰台区大红门街道丹陛华生活展示中心,8,00:00-24:00,2019/7/26
100333,500333,1,丰台区·滴滴充电汽车充电站(北京丰台顺和智库充电站),北京市北京市丰台区丰台街道西三环南路辅路顺和国际停车场东南侧,10,00:00-24:00,2019/7/26
100334,500334,2,丰台区·滴滴充电汽车充电站(北京四合庄兴鹏停车场充电站),北京市北京市丰台区宏达地面停车场,6,00:00-24:00,2019/7/26
100335,500335,3,丰台区·滴滴充电汽车充电站(北京市丰台区刘庄子路沙岗村甲5号,北京市北京市丰台区宛平街道刘庄子路停车场南侧,4,00:00-24:00,2019/7/26
100336,500336,2,丰台区·滴滴充电汽车充电站(北京市丰台区草桥安富停车场充电站,北京市北京市丰台区玉泉营街道有搞头火锅烧烤烤鱼玉芳园停车场东侧,4,00:00-24:00,2019/7/26
100337,500337,2,丰台区·滴滴充电汽车充电站(北京市丰台区角门东里85号楼西南,北京市北京市丰台区马家堡街道马家堡中路66号角门东里,4,00:00-24:00,2019/7/26
100338,500338,1,丰台区·滴滴充电汽车充电站(北京西站商业广场超级充电站),北京市北京市丰台区太平桥街道北京西站南路北京云瑧金陵莲花酒店,1,00:00-24:00,2019/7/26
100339,500339,1,丰台区·滴滴充电汽车充电站(北京静态交通丽源路),北京市北京市丰台区丽源路与西三环南路辅路交叉口东80米,2,00:00-24:00,2019/7/26
100340,500340,2,丰台区·滴滴充电汽车充电站(北京静态交通千禧街),北京市北京市丰台区千禧购物中心西侧停车场,6,00:00-24:00,2019/7/26
100341,500341,2,丰台区·滴滴充电汽车充电站(北宫镇超级充电站),北京市北京市丰台区北宫镇东河沿路红绿灯东南侧,4,00:00-24:00,2019/7/26
100342,500342,4,丰台区·滴滴充电汽车充电站(南三环中路手拉手国际玩具城液冷超,北京市北京市丰台区东铁匠营街道南三环中路67号院北京舍得精品酒店,6,00:00-24:00,2019/7/26
100343,500343,2,丰台区·滴滴充电汽车充电站(国数人才基地充电站)(内部专用),北京市北京市丰台区看丹路418号,1,00:00-24:00,2019/7/26
100344,500344,2,丰台区·滴滴充电汽车充电站(大瓦窑地铁站),北京市北京市丰台区卢沟桥街道G4辅路(大瓦窑地铁站B东北口步行90米),4,00:00-24:00,2019/7/26
100345,500345,1,丰台区·滴滴充电汽车充电站(成寿寺充电站),北京市北京市丰台区成寿寺街道成寿寺路4号新业广场,2,00:00-24:00,2019/7/26
100346,500346,4,丰台区·滴滴充电汽车充电站(望园北路液冷超充站),北京市北京市丰台区六里桥街道肯德基(望园北路店)望园东路-道路停车位,4,00:00-24:00,2019/7/26
100347,500347,2,丰台区·滴滴充电汽车充电站(燕房电力.骏景园北区超快充电站),北京市北京市丰台区大红门街道果园珠江骏景北区地下停车场,2,00:00-24:00,2019/7/26
100348,500348,2,丰台区·滴滴充电汽车充电站(通久停车场超级充电站),北京市北京市丰台区和义街道南苑路104号汉庭酒店,3,00:00-24:00,2019/7/26
100349,500349,4,丰台区·特斯拉超级充电站(北京丽泽天街),北京市北京市丰台区丽泽路300号地下B3层J区0424至0427、0449至0452车位,3,00:00-24:00,2019/7/26
100350,500350,3,丰台区·特斯拉超级充电站(北京京印国际中心),北京市北京市丰台区开阳路8号地上停车场/入口开阳路辅路-西门,4,00:00-24:00,2019/7/26
100351,500351,3,丰台区·特斯拉超级充电站(北京六里桥特斯拉中心),北京市北京市丰台区西三环南路10号院北地上停车位/入口西三环辅路,3,00:00-24:00,2019/7/26
100352,500352,1,丰台区·特斯拉超级充电站(北京千禧商业街),北京市北京市丰台区靛厂路11号千禧购物中心停车场D区,12,00:00-24:00,2019/7/26
100353,500353,1,丰台区·特斯拉超级充电站(北京南四环中路特斯拉中心),北京市北京市丰台区南四环中路20号地上停车位/入口南四环中路辅路,1,00:00-24:00,2019/7/26
100354,500354,2,丰台区·特斯拉超级充电站(北京市宝隆大厦),北京市北京市丰台区南三环西路91号,8,00:00-24:00,2019/7/26
100355,500355,3,丰台区·特斯拉超级充电站(北京市张仪村丰仪汽车园),北京市北京市丰台区张仪村路23号院甲5号北京寰宇标特特斯拉授权钣喷中心旁,2,00:00-24:00,2019/7/26
100356,500356,1,丰台区·特斯拉超级充电站(北京首开福茂),北京市北京市丰台区石榴庄大街与宋庄路交叉口西北180米地面停车场,8,00:00-24:00,2019/7/26
100357,500357,1,丰台区·特斯拉超级充电站(鑫嘉汇购物中心),北京市北京市丰台区丰葆路88号鑫嘉汇购物中心地面停车场北门东侧入口六圈路,10,00:00-24:00,2019/7/26
100358,500358,2,丰台区·特来电汽车充电站(北京丰台集美日新充电站),北京市北京市丰台区大红门街道南四环中路辅路集美家居地面停车场,1,00:00-24:00,2019/7/26
100359,500359,3,丰台区·特来电汽车充电站(北京银座),北京市北京市丰台区万丰路68号院地下二层停车场C区1通道与E区8通道交界处,1,00:00-24:00,2019/7/26
100360,500360,2,丰台区·特来电汽车充电站(特来电北京丰台世界公园南门停车场充,北京市北京市丰台区世界公园南门停车场(大葆台地铁站D西南口步行210米),3,00:00-24:00,2019/7/26
100361,500361,2,丰台区·特来电汽车充电站(特来电北京丰台丽泽16号购物中心快,北京市北京市丰台区太平桥街道西局东街丽泽16号购物中心,3,00:00-24:00,2019/7/26
100362,500362,2,丰台区·特来电汽车充电站(特来电北京市丰台区草桥欣园充电站),北京市北京市丰台区玉泉营街道草桥综合楼地面停车场,12,00:00-24:00,2019/7/26
100363,500363,1,丰台区·特来电汽车充电站(特来电北京市欧尚超市丰台店充电站),北京市北京市丰台区看丹街道乐华梅兰(我们的商店)欧尚超市(科兴店)B1层,6,00:00-24:00,2019/7/26
100364,500364,1,丰台区·特来电汽车充电站(马连道充电站),北京市北京市丰台区太平桥街道欣园东路马连道欣园小区,3,00:00-24:00,2019/7/26
100365,500365,3,丰台区·特瓦特超级充电站(宝隆)(暂停营业),北京市北京市丰台区南三环西路91号院宝隆大厦西院,4,00:00-24:00,2019/7/26
100366,500366,4,丰台区·理想超级充电站(理想5C超充站北京西国贸大酒店西侧停,北京市北京市丰台区丰台街道丰管路37号(泥洼地铁站C1东南口步行450米),2,00:00-24:00,2019/7/26
100367,500367,4,丰台区·理想超级充电站(理想超充站北京丰台区小瓦窑西路停车场,北京市北京市丰台区卢沟桥街道小瓦窑西路思湘苑西侧停车场,2,00:00-24:00,2019/7/26
100368,500368,4,丰台区·能加超充丰台刘家窑站,北京市北京市丰台区南三环东路27号(刘家窑地铁站B东北口步行300米),6,00:00-24:00,2019/7/26
100369,500369,4,丰台区·能加超充超级充电站 (宋家庄翔达超充站),北京市北京市丰台区金泰翔达写字楼停车场,3,00:00-24:00,2019/7/26
100370,500370,4,丰台区·能加超充超级充电站(万柳桥纪家庙超充站·华为超充技术,北京市北京市丰台区玉泉营街道纪家庙8号院(南三环万柳桥南100米)华沿酒店停车场内,6,00:00-24:00,2019/7/26
100371,500371,4,丰台区·能加超充超级充电站(丰台区赵辛店超充站·华为超充技术,北京市北京市丰台区长辛店大街国网充电站对面,1,00:00-24:00,2019/7/26
100372,500372,4,丰台区·能加超充超级充电站(京良路青旅新发地超充站),北京市北京市丰台区青旅,10,00:00-24:00,2019/7/26
100373,500373,4,丰台区·能加超充超级充电站(六里桥奈伦大厦超充站·华为超充技,北京市北京市丰台区六里桥奈伦大厦,6,00:00-24:00,2019/7/26
100374,500374,4,丰台区·能加超充超级充电站(南苑路瑞荣大厦超充站·华为超充技,北京市北京市丰台区瑞荣大厦,4,00:00-24:00,2019/7/26
100375,500375,4,丰台区·能加超充超级充电站(右安门北京商务会馆超充站·华为超,北京市北京市丰台区北京商务会馆,1,00:00-24:00,2019/7/26
100376,500376,1,丰台区·蔚来换电站(丰台新村),北京市北京市丰台区丰台南路79号,1,00:00-24:00,2019/7/26
100377,500377,3,丰台区·蔚来换电站(北京花乡奥特莱斯站),北京市北京市丰台区南四环西路76号,2,00:00-24:00,2019/7/26
100378,500378,3,丰台区·蔚来换电站(北京马连道大都纸库),北京市北京市丰台区马连道欣园小区地面停车场,2,00:00-24:00,2019/7/26
100379,500379,2,丰台区·蔚来能源超级充电站(北京丰台分钟寺),北京市北京市丰台区分钟寺地铁站A口(西北口),2,00:00-24:00,2019/7/26
100380,500380,3,丰台区·蔚来能源超级充电站(北京丰台木樨园),北京市北京市丰台区木樨园世贸商城中心停车场,1,00:00-24:00,2019/7/26
100381,500381,2,丰台区·逸安启超级充电站(北京丰体时代大厦),北京市北京市丰台区丰体南路3号丰体时代大厦地面停车场,3,00:00-24:00,2019/7/26
100382,500382,1,丰台区·隆瑞三优(城南嘉园368路充电站),北京市北京市丰台区嘉园路,8,00:00-24:00,2019/7/26
100383,500383,2,丰台区·隆瑞三优汽车充电站(嘉园三里充电站快充站),北京市北京市丰台区镇国寺北街8号院18号,1,00:00-24:00,2019/7/26
100384,500384,2,丰台区·隆瑞三优汽车充电站(隆瑞三优王佐充电站快充站),北京市北京市丰台区南宫迎宾路,4,00:00-24:00,2019/7/26
100385,500385,3,丰台区·隆瑞三优超级充电站(木樨园超级充电站),北京市北京市丰台区永定门外大街公交木樨园加气站,3,00:00-24:00,2019/7/26
100386,500386,3,丰台区·隆瑞三优超级充电站(柳村超级充电站),北京市北京市丰台区菜户营西街69号,2,00:00-24:00,2019/7/26
100387,500387,2,丰台区·雨和同创车场,北京市北京市丰台区槐房路126号停车场,1,00:00-24:00,2019/7/26
100388,500388,4,大兴区·K充电汽车充电站(双北路超充站),北京市北京市大兴区双北路与寺上路交叉口,6,00:00-24:00,2019/7/26
100389,500389,2,大兴区·bp pulse汽车充电站(bp pulse快充站北,北京市北京市大兴区高米店街道兴华大街二段15号,4,00:00-24:00,2019/7/26
100390,500390,2,大兴区·万勋机器人智充空间 北京亦庄国际医药产业基地站,北京市北京市大兴区博兴街道北京自贸试验区高端产业片区亦庄组团亦庄国际生物医药园,4,00:00-24:00,2019/7/26
100391,500391,2,大兴区·万城万充汽车充电站(中航科技商务园),北京市北京市大兴区航空工业科技商务园停车场,2,00:00-24:00,2019/7/26
100392,500392,4,大兴区·中国石化北野场桥下超充站,北京市北京市大兴区双北路北野场桥下,4,00:00-24:00,2019/7/26
100393,500393,1,大兴区·中国石化汽车充电站(中国石化京福智能充电站),北京市北京市大兴区青云店镇京福路与孙垡路交叉口北50,2,00:00-24:00,2019/7/26
100394,500394,4,大兴区·中国石化汽车充电站(中国石化伊庄超充站重卡充电站),北京市北京市大兴区魏善庄镇G3京台高速,6,00:00-24:00,2019/7/26
100395,500395,4,大兴区·中国石化汽车充电站(中国石化兴华桥南充电站),北京市北京市大兴区兴华桥南50米(五环路南),6,00:00-24:00,2019/7/26
100396,500396,2,大兴区·中国石化汽车充电站(中国石化国基创新园充电站),北京市北京市大兴区庞各庄镇龙景湾社区瓜乡路32号,4,00:00-24:00,2019/7/26
100397,500397,2,大兴区·中国石化汽车充电站(中国石化奥宇充电站),北京市北京市大兴区金星路12号2号楼,2,00:00-24:00,2019/7/26
100398,500398,1,大兴区·中国石化汽车充电站(中国石化定水桥重卡充电站),北京市北京市大兴区定水桥下,1,00:00-24:00,2019/7/26
100399,500399,2,大兴区·中国石化汽车充电站(中国石化林肯公园充电站),北京市北京市大兴区林肯公园停车场,4,00:00-24:00,2019/7/26
100400,500400,1,大兴区·中国石化汽车充电站(中国石化百联清城充电站),北京市北京市大兴区黄村镇兴华中路9号(清城北区),1,00:00-24:00,2019/7/26
100401,500401,2,大兴区·中国石化汽车充电站(中国石化采育绿地缤纷荟充电站),北京市北京市大兴区采育镇采平路1号院1号楼,4,00:00-24:00,2019/7/26
100402,500402,2,大兴区·中国石化汽车充电站(兴海公园南门充电站),北京市北京市大兴区[],3,00:00-24:00,2019/7/26
100403,500403,1,大兴区·中国石化汽车充电站(玫瑰城充电站),北京市北京市大兴区清源街道枣园玫瑰城购物中心地上停车场,4,00:00-24:00,2019/7/26
100404,500404,1,大兴区·中国石化汽车充电站(经海二路充电站),北京市北京市大兴区康乾路13号院,1,00:00-24:00,2019/7/26
100405,500405,4,大兴区·中黑公共汽车充电站,北京市北京市大兴区京南物流基地庆丰路与狼大路交汇口东500米路北,1,00:00-24:00,2019/7/26
100406,500406,2,大兴区·云快充汽车充电站(北京安速充旧宫1号充电站),北京市北京市大兴区旧宫新苑南区4号楼停车场,3,00:00-24:00,2019/7/26
100407,500407,2,大兴区·云快充汽车充电站(君龙采摘园充电站),北京市北京市大兴区庞各庄镇四李路东侧,2,00:00-24:00,2019/7/26
100408,500408,2,大兴区·云快充汽车充电站(妙度云快充),北京市北京市大兴区刘家堡路58号北京沽源企业商会,3,00:00-24:00,2019/7/26
100409,500409,2,大兴区·云快充汽车充电站(赛宝快充站),北京市北京市大兴区亦庄经济技术开发区地盛南街甲3号,3,00:00-24:00,2019/7/26
100410,500410,2,大兴区·云快充目的地充电站(辛润浩达便民充电站小马坊站),北京市北京市大兴区礼贤镇小马坊磁大路9号,6,00:00-24:00,2019/7/26
100411,500411,2,大兴区·云快充超级充电站(加录垡汽车充电站三期),北京市北京市大兴区加录垡汽车充电站,10,00:00-24:00,2019/7/26
100412,500412,2,大兴区·云快充超级充电站(汇营路快充站),北京市北京市大兴区青汇营路5号,8,00:00-24:00,2019/7/26
100413,500413,2,大兴区·互联互通云快充互联接入汽车充电站奥宇,北京市北京市大兴区金星路12号2号楼,4,00:00-24:00,2019/7/26
100414,500414,2,大兴区·优易充charge汽车充电站(公共站电掌柜大兴首邑上,北京市北京市大兴区康庄路地面停车场,8,00:00-24:00,2019/7/26
100415,500415,2,大兴区·优易充charge汽车充电站(橡树园旧宫充电站北京大,北京市北京市大兴区旧宫镇旧忠路四村1号,2,00:00-24:00,2019/7/26
100416,500416,3,大兴区·北京车联网汽车充电站(金都都汽车城),北京市北京市大兴区西红门镇宏都路124号,2,00:00-24:00,2019/7/26
100417,500417,1,大兴区·国家电网汽车充电站,北京市北京市大兴区航兴北路,2,00:00-24:00,2019/7/26
100418,500418,1,大兴区·国家电网汽车充电站(北京市亦庄开发区融兴南二街充电站,北京市北京市大兴区亦庄开发区瑞合西二路与融兴南二街交叉口地面停车场,3,00:00-24:00,2019/7/26
100419,500419,3,大兴区·国家电网汽车充电站(北京市亦庄开发区西环北路),北京市北京市大兴区亦庄开发区西环北路凉水河沿线地面停车场,2,00:00-24:00,2019/7/26
100420,500420,2,大兴区·国家电网汽车充电站(北京市亦庄开发区龙玥城购物中心),北京市北京市大兴区亦庄开发区科创五街与经海二路交汇处龙玥城购物中心地面停车场,2,00:00-24:00,2019/7/26
100421,500421,2,大兴区·国家电网汽车充电站(北京市大兴区上林苑小区),北京市北京市大兴区上林苑小区晓蕊饭庄西侧地面停车场,1,00:00-24:00,2019/7/26
100422,500422,2,大兴区·国家电网汽车充电站(北京市大兴区临空经济区自贸区公共,北京市北京市大兴区礼贤镇礼柏路,3,00:00-24:00,2019/7/26
100423,500423,2,大兴区·国家电网汽车充电站(北京市大兴区兴华公园公共充电站S,北京市北京市大兴区西红门北环路与欣海北街交叉口兴华公园停车场内,4,00:00-24:00,2019/7/26
100424,500424,3,大兴区·国家电网汽车充电站(北京市大兴区南海子公园南门西公共,北京市北京市大兴区南海子公园P2地面停车场,1,00:00-24:00,2019/7/26
100425,500425,4,大兴区·国家电网汽车充电站(北京市大兴区双河南里),北京市北京市大兴区京开高速辅路南向北方向双河南里小区门前停车场内,6,00:00-24:00,2019/7/26
100426,500426,3,大兴区·国家电网汽车充电站(北京市大兴区呀路古热带植物园公共,北京市北京市大兴区京福路呀路古热带植物园东北地面停车场,1,00:00-24:00,2019/7/26
100427,500427,2,大兴区·国家电网汽车充电站(北京市大兴区大兴国际机场1号充电,北京市北京市大兴区天兴一街与航兴路交叉口南侧机场高速高架桥下停车场,2,00:00-24:00,2019/7/26
100428,500428,2,大兴区·国家电网汽车充电站(北京市大兴区富力丹麦小镇公共充电,北京市北京市大兴区龙景湾三区南门,6,00:00-24:00,2019/7/26
100429,500429,3,大兴区·国家电网汽车充电站(北京市大兴区广厦家园公共充电站),北京市北京市大兴区黄村镇观音寺南里海北路广厦家园,2,00:00-24:00,2019/7/26
100430,500430,3,大兴区·国家电网汽车充电站(北京市大兴区庞各庄),北京市北京市大兴区瓜香路与隆顺路交叉口庞各庄供电所门前,6,00:00-24:00,2019/7/26
100431,500431,2,大兴区·国家电网汽车充电站(北京市大兴区新机场建设指挥部公共,北京市北京市大兴区福顺街与106国道交叉口东北侧北京新机场建设指挥部门前地面停车场,3,00:00-24:00,2019/7/26
100432,500432,3,大兴区·国家电网汽车充电站(北京市大兴区明珠广场),北京市北京市大兴区西红门地区宏福东路西红门镇政府南侧明珠广场地面停车场,1,00:00-24:00,2019/7/26
100433,500433,3,大兴区·国家电网汽车充电站(北京市大兴区瀛海家园公共充电站),北京市北京市大兴区[],6,00:00-24:00,2019/7/26
100434,500434,2,大兴区·国家电网汽车充电站(北京市大兴区碧海公园东门公共充电,北京市北京市大兴区庑殿路碧海公园东门停车场内,4,00:00-24:00,2019/7/26
100435,500435,2,大兴区·国家电网汽车充电站(北京市大兴区西红门),北京市北京市大兴区西红门镇兴业桥西南五环辅路北地面停车场,6,00:00-24:00,2019/7/26
100436,500436,2,大兴区·国家电网汽车充电站(北京市大兴区长子营湿地公园充电站,北京市北京市大兴区长子营湿地公园南侧地面停车场,8,00:00-24:00,2019/7/26
100437,500437,4,大兴区·国家电网汽车充电站(北京市大兴区长子营镇文化活动中心,北京市北京市大兴区马朱路长子营镇文化活动中心北侧停车场,2,00:00-24:00,2019/7/26
100438,500438,2,大兴区·国家电网汽车充电站(北京市大兴区阳光乐府),北京市北京市大兴区阳光乐府小区西南门地面停车场092,4,00:00-24:00,2019/7/26
100439,500439,2,大兴区·国家电网汽车充电站(北京市大兴区隆盛园小区),北京市北京市大兴区隆盛园小区停车场,6,00:00-24:00,2019/7/26
100440,500440,2,大兴区·国家电网汽车充电站(北京市大兴区青云店文化活动中心公,北京市北京市大兴区青云店文化活动中心停车场,1,00:00-24:00,2019/7/26
100441,500441,2,大兴区·国家电网汽车充电站(北京市大兴区魏善庄古老月季园公共,北京市北京市大兴区世界月季主题园地面停车场,10,00:00-24:00,2019/7/26
100442,500442,3,大兴区·国家电网汽车充电站(北京市大兴区黄村镇三间房村公共充,北京市北京市大兴区黄村镇三间房村委会,8,00:00-24:00,2019/7/26
100443,500443,2,大兴区·国家电网汽车充电站(北京市大兴区黄村镇派出所公共充电,北京市北京市大兴区黄村镇派出所南侧停车场,3,00:00-24:00,2019/7/26
100444,500444,2,大兴区·国家电网汽车充电站(北京市大兴区龙熙顺景),北京市北京市大兴区隆华大街55号院北京龙熙维景国际会议中心停车场,12,00:00-24:00,2019/7/26
100445,500445,2,大兴区·国家电网汽车充电站(北京市经开区经海一路公共超级充电,北京市北京市大兴区荣华街道经海一路,4,00:00-24:00,2019/7/26
100446,500446,1,大兴区·国家电网汽车充电站(南海家园七里小区),北京市北京市大兴区亦庄开发区南海家园七里小区18号楼南侧,2,00:00-24:00,2019/7/26
100447,500447,3,大兴区·国家电网汽车充电站(博大公园),北京市北京市大兴区荣华街道亦庄经济技术开发区荣华中路19号朝林大厦西侧公共地面停车场,3,00:00-24:00,2019/7/26
100448,500448,2,大兴区·国家电网汽车充电站(大兴念坛公园南门),北京市北京市大兴区兴源大街念坛公园南门地面停车场,3,00:00-24:00,2019/7/26
100449,500449,3,大兴区·国家电网汽车充电站(大兴机场高速礼贤服务区充电站机场,北京市北京市大兴区礼贤服务区(机场方向)停车场,1,00:00-24:00,2019/7/26
100450,500450,4,大兴区·国家电网汽车充电站(民顺路),北京市北京市大兴区[],2,00:00-24:00,2019/7/26
100451,500451,2,大兴区·壳牌充电汽车充电站(壳牌充电北京大兴首开万科中心地下,北京市北京市大兴区庞各庄镇义忠路首开万科中心地下停车场,2,00:00-24:00,2019/7/26
100452,500452,4,大兴区·壳牌充电超级充电站(壳牌充电北京大兴区数码庄园地面超,北京市北京市大兴区地盛西路1号数码庄园西南3门,2,00:00-24:00,2019/7/26
100453,500453,2,大兴区·壳牌充电超级充电站(壳牌充电北京大兴瀛亨街1号院地面,北京市北京市大兴区瀛亨街1号院,3,00:00-24:00,2019/7/26
100454,500454,2,大兴区·奥动电吧(大兴魏善庄站),北京市北京市大兴区魏善庄研垡路甲1号,2,00:00-24:00,2019/7/26
100455,500455,3,大兴区·小桔充电汽车充电站(BP快速充电站北京大兴生态公园停,北京市北京市大兴区西红门镇S50南五环地面停车场,2,00:00-24:00,2019/7/26
100456,500456,2,大兴区·小桔充电汽车充电站(中石化龙禹万科橙充电站),北京市北京市大兴区天河西路与纪百户大街交叉口西120米,4,00:00-24:00,2019/7/26
100457,500457,4,大兴区·小桔充电汽车充电站(亦庄汇龙森科技二园),北京市北京市大兴区汇龙森二园地面停车场263,10,00:00-24:00,2019/7/26
100458,500458,3,大兴区·小桔充电汽车充电站(优智美利国际充电站),北京市北京市大兴区美利新世界停车场,2,00:00-24:00,2019/7/26
100459,500459,3,大兴区·小桔充电汽车充电站(兴海家园),北京市北京市大兴区西红门镇中国工商银行(北京西红门支行)兴海家园星苑,6,00:00-24:00,2019/7/26
100460,500460,2,大兴区·小桔充电汽车充电站(北京亦庄BDA充电1站),北京市北京市大兴区BDA国际企业大道停车场,8,00:00-24:00,2019/7/26
100461,500461,4,大兴区·小桔充电汽车充电站(北京亦庄中冀斯巴鲁超充站),北京市北京市大兴区荣华街道中冀斯巴鲁大厦(东南门)中冀斯巴鲁宾馆地面停车场,4,00:00-24:00,2019/7/26
100462,500462,3,大兴区·小桔充电汽车充电站(北京亦庄亦城亦禧充电站),北京市北京市大兴区宏农路与兴海路交叉口东南80米,3,00:00-24:00,2019/7/26
100463,500463,2,大兴区·小桔充电汽车充电站(北京亦庄亦花园),北京市北京市大兴区亦庄镇东渠路亦花园西地面停车场2,6,00:00-24:00,2019/7/26
100464,500464,1,大兴区·小桔充电汽车充电站(北京亦庄林肯公园),北京市北京市大兴区荣华街道湘聚汇(亦庄店)林肯公园B区荣华北路辅路进入地面停车场,1,00:00-24:00,2019/7/26
100465,500465,2,大兴区·小桔充电汽车充电站(北京亦庄青春梦充电站),北京市北京市大兴区青春梦影视产业园停车场,8,00:00-24:00,2019/7/26
100466,500466,3,大兴区·小桔充电汽车充电站(北京亦庄鸿坤生物医药园),北京市北京市大兴区瀛海镇科创三街甲3号院鸿坤智谷医药生物园地下一层停车场,2,00:00-24:00,2019/7/26
100467,500467,2,大兴区·小桔充电汽车充电站(北京大兴中建大兴之星),北京市北京市大兴区北兴路30号(地下停车场)地下二层停车场,4,00:00-24:00,2019/7/26
100468,500468,2,大兴区·小桔充电汽车充电站(北京大兴中福大厦),北京市北京市大兴区中福大厦地面停车场,2,00:00-24:00,2019/7/26
100469,500469,2,大兴区·小桔充电汽车充电站(北京大兴凯德茂充电站),北京市北京市大兴区天宫院街道天水大街44号凯德MALL·大兴下地库B3,4,00:00-24:00,2019/7/26
100470,500470,2,大兴区·小桔充电汽车充电站(北京大兴区嘉创中心停车场充电站),北京市北京市大兴区旧忠路与南环路交叉口东北40米,3,00:00-24:00,2019/7/26
100471,500471,2,大兴区·小桔充电汽车充电站(北京大兴富力盛悦居),北京市北京市大兴区旧宫东西大街3号富力·盛悦居地下停车场,6,00:00-24:00,2019/7/26
100472,500472,3,大兴区·小桔充电汽车充电站(北京大兴富力非常HAOS充电站),北京市北京市大兴区庞各庄镇团结路20号富力飞常HAOS地下停车场,3,00:00-24:00,2019/7/26
100473,500473,1,大兴区·小桔充电汽车充电站(北京大兴机场教育科研基地充电站),北京市北京市大兴区礼贤镇大兴机场教育科研基地A2体育馆,8,00:00-24:00,2019/7/26
100474,500474,2,大兴区·小桔充电汽车充电站(北京大兴玫瑰园),北京市北京市大兴区五十六度玫瑰园地库B2层A区126,3,00:00-24:00,2019/7/26
100475,500475,3,大兴区·小桔充电汽车充电站(北京大兴菊园商厦停车场充电站),北京市北京市大兴区菊园商厦南门北120米(五福堂地铁站A西北口步行340米),6,00:00-24:00,2019/7/26
100476,500476,3,大兴区·小桔充电汽车充电站(北京大兴融汇充电站),北京市北京市大兴区停车场,3,00:00-24:00,2019/7/26
100477,500477,2,大兴区·小桔充电汽车充电站(北京大兴金科充电站),北京市北京市大兴区永兴路与新源大街交叉口东120米,6,00:00-24:00,2019/7/26
100478,500478,1,大兴区·小桔充电汽车充电站(北京大兴高米店物美),北京市北京市大兴区高米店街道郁花园三里进门右拐直行到头左边地面停车场,2,00:00-24:00,2019/7/26
100479,500479,1,大兴区·小桔充电汽车充电站(北京市大兴区亦庄星岛假日),北京市北京市大兴区北京市经济技术开发区西环北路18号停车场西南角,1,00:00-24:00,2019/7/26
100480,500480,1,大兴区·小桔充电汽车充电站(北京市大兴区太阳大地),北京市北京市大兴区永兴路29号太阳大地纸制品有限公司进院即到,3,00:00-24:00,2019/7/26
100481,500481,4,大兴区·小桔充电汽车充电站(天潮能充·礼贤东段家务桥下空间超,北京市北京市大兴区礼贤镇南中轴路,3,00:00-24:00,2019/7/26
100482,500482,4,大兴区·小桔充电汽车充电站(恒信天泰超充站),北京市北京市大兴区恒信天泰置业有限公司写字楼停车场,10,00:00-24:00,2019/7/26
100483,500483,3,大兴区·小桔充电汽车充电站(慧充电大兴龙熙温泉超级),北京市北京市大兴区龙熙温泉度假酒店温泉水世界停车场,3,00:00-24:00,2019/7/26
100484,500484,2,大兴区·小桔充电汽车充电站(新发地全季酒店超级液冷充电站),北京市北京市大兴区欣荣北大街与京良路辅路交叉口东60米,4,00:00-24:00,2019/7/26
100485,500485,4,大兴区·小桔充电汽车充电站(未来超充-嘉悦广场站),北京市北京市大兴区欣美街与宏业路交叉口东北40米,4,00:00-24:00,2019/7/26
100486,500486,2,大兴区·小桔充电汽车充电站(清源路1950超级),北京市北京市大兴区兴业大街与富华路交叉口东120米,3,00:00-24:00,2019/7/26
100487,500487,3,大兴区·小桔充电汽车充电站(超级萌猩亲子乐园),北京市北京市大兴区超级萌猩亲子乐园停车场,8,00:00-24:00,2019/7/26
100488,500488,2,大兴区·小鹏超级充电站(小鹏S4超快充北京亦庄小鹏交付中心站,北京市北京市大兴区北京市经济技术开发区科创三街15号A1幢,3,00:00-24:00,2019/7/26
100489,500489,2,大兴区·小鹏超级充电站(小鹏S4超快充北京大兴滨河公园南区站,北京市北京市大兴区高米店街道兴业大街滨河运动公园内(西侧),10,00:00-24:00,2019/7/26
100490,500490,2,大兴区·小鹏超级充电站(小鹏S5超快充北京中航国际广场站),北京市北京市大兴区荣华街道地泽南街中航国际广场,4,00:00-24:00,2019/7/26
100491,500491,2,大兴区·小鹏超级充电站(小鹏S5超快充北京大兴德茂站),北京市北京市大兴区德茂街15号文锦苑西区(入口德胜路),2,00:00-24:00,2019/7/26
100492,500492,2,大兴区·市民公园充电站,北京市北京市大兴区旧宫镇市民公园地面停车场,2,00:00-24:00,2019/7/26
100493,500493,4,大兴区·广汽能源汽车充电站(广汽能源北京大兴林肯公园超充站),北京市北京市大兴区北环西路8号,2,00:00-24:00,2019/7/26
100494,500494,4,大兴区·广汽能源汽车充电站(广汽能源北京大兴甜园路联东U谷超,北京市北京市大兴区隆兴大街6号,8,00:00-24:00,2019/7/26
100495,500495,4,大兴区·广汽能源汽车充电站(广汽能源北京大兴生物医药基地超充,北京市北京市大兴区生物医药基地东北,1,00:00-24:00,2019/7/26
100496,500496,2,大兴区·庞各庄供电所充电点,北京市北京市大兴区隆顺大街与瓜乡路辅路交叉口东南40米,3,00:00-24:00,2019/7/26
100497,500497,2,大兴区·新电途汽车充电站(优智嘉悦广场充电站),北京市北京市大兴区嘉悦广场西门旁,6,00:00-24:00,2019/7/26
100498,500498,2,大兴区·新电途汽车充电站(北京市大兴区金星庄超级充电站),北京市北京市大兴区团河路与黄亦路交叉口南20米,1,00:00-24:00,2019/7/26
100499,500499,4,大兴区·新电途汽车充电站(庞各庄小熊重卡超充站),北京市北京市大兴区庞各庄镇庞魏路,4,00:00-24:00,2019/7/26
100500,500500,4,大兴区·新电途汽车充电站(新电途智盛超充站大兴机场礼贤服务区,北京市北京市大兴区礼贤服务区,12,00:00-24:00,2019/7/26
100501,500501,4,大兴区·新电途汽车充电站(新电途智盛超充站大兴机场礼贤服务区,北京市北京市大兴区大兴礼贤服务区,1,00:00-24:00,2019/7/26
100502,500502,2,大兴区·新电途汽车充电站(榆垡文苑路充电站),北京市北京市大兴区榆垡镇今荣街,6,00:00-24:00,2019/7/26
100503,500503,4,大兴区·新电途汽车充电站(芳源里小熊超充站),北京市北京市大兴区旧宫镇芳源里格菲酒店(北京市大兴区五福堂地铁站中科电商谷店),3,00:00-24:00,2019/7/26
100504,500504,2,大兴区·新电途汽车充电站(超级充电站北京市大兴区云龙家园北侧,北京市北京市大兴区旧宫镇南场路南场路-道路停车位,2,00:00-24:00,2019/7/26
100505,500505,2,大兴区·昆仑网电汽车充电站(中国石油北京大兴大辛庄超级充电站,北京市北京市大兴区礼贤镇大辛庄乡镇府西侧北京瑞镒立得科贸有限公司西北大门进门两侧停车场,4,00:00-24:00,2019/7/26
100506,500506,3,大兴区·昆仑网电汽车充电站(昆仑网电北京大满贯充电站),北京市北京市大兴区大满贯北停车场,4,00:00-24:00,2019/7/26
100507,500507,2,大兴区·昆仑网电汽车充电站(昆仑网电北京朝林广场充电站),北京市北京市大兴区北京经开区荣华中路19号朝林广场A座东北门进入右拐再左拐,3,00:00-24:00,2019/7/26
100508,500508,2,大兴区·星星充电汽车充电站(北京大兴联福五金建材家居广场),北京市北京市大兴区罗奇营28号联富五金建材家居广场,10,00:00-24:00,2019/7/26
100509,500509,4,大兴区·星星充电汽车充电站(吴庄充电站),北京市北京市大兴区龙旺大街,2,00:00-24:00,2019/7/26
100510,500510,2,大兴区·星星充电汽车充电站(星星充电-BDA国际广场K座充电,北京市北京市大兴区荣华街道地盛北街BDA国际广场,4,00:00-24:00,2019/7/26
100511,500511,1,大兴区·星星充电汽车充电站(星星充电-大兴-海兰丝充电站),北京市北京市大兴区西红门镇鼎业路15号,1,00:00-24:00,2019/7/26
100512,500512,3,大兴区·星星充电汽车充电站(星星德茂充电站),北京市北京市大兴区健德商务楼北停车场(德茂地铁站B2东北口步行360米),2,00:00-24:00,2019/7/26
100513,500513,4,大兴区·星星充电汽车充电站(绿城未来-星星充电大兴龙湖超充站,北京市北京市大兴区晨光文具(龙湖天街店) 永大路1号院14号楼107室,4,00:00-24:00,2019/7/26
100514,500514,1,大兴区·星星充电汽车充电站(采育趣玩乐园充电站),北京市北京市大兴区福源路(波尔多小镇东南侧约260米)趣玩儿儿童乐园地面停车场,10,00:00-24:00,2019/7/26
100515,500515,2,大兴区·星星充电站(久敬庄路),北京市北京市大兴区旧宫镇久敬庄路王府井奥莱UP TOWN,6,00:00-24:00,2019/7/26
100516,500516,2,大兴区·极氪能源超级充电站(北京亦庄国际生物医药园极充兆瓦站,北京市北京市大兴区凉水河一街七号院亦庄国际生物医药园地面停车位,2,00:00-24:00,2019/7/26
100517,500517,4,大兴区·极氪能源超级充电站(北京国融国际超充站),北京市北京市大兴区荣华中路7号国融国际大厦地面停车位001-019号车位,1,00:00-24:00,2019/7/26
100518,500518,3,大兴区·极氪能源超级充电站(北京大兴山姆会员商店极充站),北京市北京市大兴区欣雅街16号院山姆会员商店(北京大兴店)地下停车场负二层057-061号车位,1,00:00-24:00,2019/7/26
100519,500519,2,大兴区·比亚迪闪充汽车充电站(北京大兴体育小镇),北京市北京市大兴区天贵大街9号,12,00:00-24:00,2019/7/26
100520,500520,2,大兴区·比亚迪闪充汽车充电站(方程豹北京鑫敏恒鑫达4S店),北京市北京市大兴区西红门镇金盛大街,3,00:00-24:00,2019/7/26
100521,500521,2,大兴区·比亚迪闪充汽车充电站(方程豹大兴鑫敏恒京程),北京市北京市大兴区西红门镇北京金鹰包装制作有限公司,6,00:00-24:00,2019/7/26
100522,500522,2,大兴区·比亚迪闪充汽车充电站(比亚迪北京鑫敏恒4S店),北京市北京市大兴区西红门镇中鼎南路比亚迪汽车王朝网,8,00:00-24:00,2019/7/26
100523,500523,2,大兴区·比亚迪闪充汽车充电站(比亚迪北京鑫敏恒金朝4S店),北京市北京市大兴区西红门镇金盛大街,4,00:00-24:00,2019/7/26
100524,500524,4,大兴区·比亚迪闪充汽车充电站(腾势北京大兴京南中心),北京市北京市大兴区中鼎北路与金服大街交叉口西60米,2,00:00-24:00,2019/7/26
100525,500525,2,大兴区·比亚迪闪充汽车充电站(闪充北京金都都汽车城停车场充电,北京市北京市大兴区宏都路118号,3,00:00-24:00,2019/7/26
100526,500526,4,大兴区·汽车充电站(中国石化京福智能超充站),北京市北京市大兴区京福路孙垡路交叉口北50米,3,00:00-24:00,2019/7/26
100527,500527,2,大兴区·汽车充电站(中国石化国锐金嵿充电站),北京市北京市大兴区荣华南路1号,2,00:00-24:00,2019/7/26
100528,500528,2,大兴区·汽车充电站(兴创大厦),北京市北京市大兴区金星西路6号兴创大厦地下停车场B2层A区022,3,00:00-24:00,2019/7/26
100529,500529,2,大兴区·汽车充电站(北京静态交通德贤路站),北京市北京市大兴区旧官镇德贤路辅路与南场路交叉口东南侧,2,00:00-24:00,2019/7/26
100530,500530,3,大兴区·汽车充电站(南中轴路超级充电站),北京市北京市大兴区黄村镇南中轴路188号北京福安建材有限公司院内,10,00:00-24:00,2019/7/26
100531,500531,2,大兴区·汽车充电站(壳牌华远西红世),北京市北京市大兴区华远西红世北门东290米,4,00:00-24:00,2019/7/26
100532,500532,2,大兴区·汽车充电站(天键广场超级充电站),北京市北京市大兴区天键广场西侧停车场,3,00:00-24:00,2019/7/26
100533,500533,3,大兴区·汽车换电站(蔚来北京京纸集团绿色冷链产业园站),北京市北京市大兴区北野场9号,3,00:00-24:00,2019/7/26
100534,500534,2,大兴区·派捷充汽车充电站(天宫院地铁站P+R停车场充电站),北京市北京市大兴区天宫院地铁站南侧停车场院内,2,00:00-24:00,2019/7/26
100535,500535,3,大兴区·派捷充汽车充电站(机车检测场02号充电站),北京市北京市大兴区团桂路1号院内,4,00:00-24:00,2019/7/26
100536,500536,2,大兴区·派捷充汽车充电站(榆辛路充电站),北京市北京市大兴区文苑路与今荣街交叉口北侧公交场站院内里院,3,00:00-24:00,2019/7/26
100537,500537,2,大兴区·派捷充超级充电站(兴顺达通综合充电站),北京市北京市大兴区兴旺大街芦康路兴亦兴小客车公司院内,1,00:00-24:00,2019/7/26
100538,500538,1,大兴区·滴滴充电交流充电站,北京市北京市大兴区盛顺街与海鑫南路交叉口北120米,10,00:00-24:00,2019/7/26
100539,500539,1,大兴区·滴滴充电充电站(北京采育收费站充电站),北京市北京市大兴区采育镇采林路进门右拐直行即到,4,00:00-24:00,2019/7/26
100540,500540,2,大兴区·滴滴充电汽车充电站(亦庄鸿坤医药园充电站),北京市北京市大兴区博兴街道亦庄国际生物医药园,1,00:00-24:00,2019/7/26
100541,500541,1,大兴区·滴滴充电汽车充电站(北京大兴首创悦都汇充电站),北京市北京市大兴区黄村镇盛顺街首创·悦空间停车场出口处,2,00:00-24:00,2019/7/26
100542,500542,4,大兴区·滴滴充电汽车充电站(南中轴路液冷超充站),北京市北京市大兴区西红门镇团忠路金星鸭场,6,00:00-24:00,2019/7/26
100543,500543,4,大兴区·滴滴充电汽车充电站(大兴西红门京客隆停车场超充站),北京市北京市大兴区西红门镇北京市食品研究所警卫室停车场西南侧,1,00:00-24:00,2019/7/26
100544,500544,2,大兴区·滴滴充电汽车充电站(物美大卖场泰和园店充电站),北京市北京市大兴区物美超市亦庄泰和园店北门旁,4,00:00-24:00,2019/7/26
100545,500545,4,大兴区·滴滴充电汽车充电站(萌猩乐园液冷超充站),北京市北京市大兴区黄村镇金星路,6,00:00-24:00,2019/7/26
100546,500546,2,大兴区·特斯拉超级充电站(北京亦庄嘉德长实科技园),北京市北京市大兴区亦庄隆庆街18号院安快创业谷地面停车场51,1,00:00-24:00,2019/7/26
100547,500547,2,大兴区·特斯拉超级充电站(北京凯德MALL大兴),北京市北京市大兴区华佗路与新源大街交叉口西100米凯德MALL地下B3层D、E区连接处,4,00:00-24:00,2019/7/26
100548,500548,1,大兴区·特斯拉超级充电站(北京大兴大族广场),北京市北京市大兴区荣华南路2号大族广场地下B1层E182车位对面/入口兴盛街,4,00:00-24:00,2019/7/26
100549,500549,2,大兴区·特斯拉超级充电站(北京大兴金地威新国际中心),北京市北京市大兴区春和路52号院金地威新国际中心北区地下停车场,1,00:00-24:00,2019/7/26
100550,500550,3,大兴区·特斯拉超级充电站(北京大悦春风里),北京市北京市大兴区黄村东大街38号院火神庙商业中心地下B2层D区D049~D053车位对面,3,00:00-24:00,2019/7/26
100551,500551,2,大兴区·特斯拉超级充电站(北京旧宫爱琴海购物公园),北京市北京市大兴区大红门锦苑A区东侧地下B2层M区E2-154~E2-167车位对面,2,00:00-24:00,2019/7/26
100552,500552,3,大兴区·特斯拉超级充电站(北京鸿坤广场),北京市北京市大兴区西红门欣旺北大街8号地下B2层B区立柱号85,1,00:00-24:00,2019/7/26
100553,500553,2,大兴区·特斯拉超级充电站(龙湖北京亦庄天街),北京市北京市大兴区亦庄经济技术开发区博兴八路与兴海路交叉口龙湖北京亦庄天街地下B3层F区05道B3-F-200车位对面/入口博兴八路,3,00:00-24:00,2019/7/26
100554,500554,2,大兴区·特来电充电站(北京科技路网约车),北京市北京市大兴区聚加球场地面停车场18,6,00:00-24:00,2019/7/26
100555,500555,3,大兴区·特来电充电站(北京西红门鸿坤智谷),北京市北京市大兴区中鼎北路与金时大街交叉口东160米地面停车场0253,4,00:00-24:00,2019/7/26
100556,500556,2,大兴区·特来电汽车充电站(大兴魏庄南路充电站),北京市北京市大兴区魏庄南路西,6,00:00-24:00,2019/7/26
100557,500557,4,大兴区·特来电汽车充电站(特来电北京西红门荟聚购物中心充电站,北京市北京市大兴区西红门镇北京荟聚西红门购物中心地下停车场B2层E098,8,00:00-24:00,2019/7/26
100558,500558,3,大兴区·特来电汽车充电站(特来电北京龙湖时代天街充电站),北京市北京市大兴区永兴路7号院龙湖北京大兴天街地下二层停车位H2区、H6区,1,00:00-24:00,2019/7/26
100559,500559,2,大兴区·特来电超级充电站(特来电北京大兴区兴华公园B区充电站,北京市北京市大兴区西红门镇兴华公园B区西门停车场,4,00:00-24:00,2019/7/26
100560,500560,2,大兴区·特来电超级充电站(特来电北京市大兴区滨河公园北区停车,北京市北京市大兴区滨河运动公园北门西290米,1,00:00-24:00,2019/7/26
100561,500561,2,大兴区·特来电超级充电站(特来电北京市大兴区滨河公园南区停车,北京市北京市大兴区滨河运动公园西门南70米,10,00:00-24:00,2019/7/26
100562,500562,2,大兴区·特来电超级充电站(特来电北京鑫方盛产业园充电站),北京市北京市大兴区黄村镇海鑫北路9号鑫方盛五金建材(大兴旗舰店),8,00:00-24:00,2019/7/26
100563,500563,4,大兴区·理想汽车充电站(理想超充站北京嘉悦广场),北京市北京市大兴区CDD创意港嘉悦广场西南门西北50米,3,00:00-24:00,2019/7/26
100564,500564,4,大兴区·理想超级充电站(理想超充站北京大兴区体育小镇),北京市北京市大兴区体育小镇,4,00:00-24:00,2019/7/26
100565,500565,4,大兴区·理想超级充电站(理想超充站北京旧宫地铁站西侧停车场),北京市北京市大兴区北京住总万科广场B2东门北200米,3,00:00-24:00,2019/7/26
100566,500566,2,大兴区·礼贤政府停车场汽车充电站,北京市北京市大兴区礼贤镇政府停车场,2,00:00-24:00,2019/7/26
100567,500567,3,大兴区·礼贤服务区国家电网电动汽车充电站,北京市北京市大兴区礼贤服务区,2,00:00-24:00,2019/7/26
100568,500568,3,大兴区·聚电汽车充电站(宜家荟聚购物中心),北京市北京市大兴区欣宁街15号西红门荟聚购物中心地下二层,1,00:00-24:00,2019/7/26
100569,500569,4,大兴区·能加超充超级充电站(又见智慧超充站),北京市北京市大兴区黄村镇福海路19号停车场内,2,00:00-24:00,2019/7/26
100570,500570,4,大兴区·能加超充超级充电站(大兴区城乡产业园超充站·华为超充,北京市北京市大兴区黄村镇北京城乡文化科技园,6,00:00-24:00,2019/7/26
100571,500571,4,大兴区·茂电·顺顺充超级充电站(滨河街超充站·华为超充技术支,北京市北京市大兴区清源街道滨河街寿山福海养老服务中心(大兴黄村院),2,00:00-24:00,2019/7/26
100572,500572,3,大兴区·蔚来换电站(北京亦庄嘉德长实),北京市北京市大兴区嘉德长实,2,00:00-24:00,2019/7/26
100573,500573,3,大兴区·蔚来汽车换电站(礼贤服务区),北京市北京市大兴区礼贤服务区,2,00:00-24:00,2019/7/26
100574,500574,1,大兴区·蔚来能源汽车充电站(机场方向北京大兴机场高速礼贤服务,北京市北京市大兴区京投港·大兴机场高速礼贤服务区东北,6,00:00-24:00,2019/7/26
100575,500575,2,大兴区·蔚来能源超级充电站(北京北科建亦庄科创园),北京市北京市大兴区凉水河一街10号院,8,00:00-24:00,2019/7/26
100576,500576,4,大兴区·蔚来超充站北京亦花园,北京市北京市大兴区亦花园(东渠路DT)地面停车场,1,00:00-24:00,2019/7/26
100577,500577,2,大兴区·达克云LNC汽车充电站(中汇瑞通快充站),北京市北京市大兴区榆垡镇京开辅路瓮麻路1号平房,2,00:00-24:00,2019/7/26
100578,500578,2,大兴区·逸安启超级充电站(北京大兴凯德MALL),"北京市北京市大兴区大兴凯德MallB3层C区,近C164号车位临嘉容美车区",4,00:00-24:00,2019/7/26
100579,500579,1,大兴区·逸安启超级充电站(北京荟聚购物中心),"北京市北京市大兴区西红门镇欣宁街23号北京荟聚购物中心停车场B2层E区停车区,靠近E区电梯厅",2,00:00-24:00,2019/7/26
100580,500580,4,大兴区·金星庄智能便民充电站,北京市北京市大兴区金星庄路与金大路交叉口西100米,6,00:00-24:00,2019/7/26
100581,500581,2,大兴区·首充电力超级充电站(明康健康科学园站),北京市北京市大兴区万源街9号(万源街地铁站A1北口步行410米),2,00:00-24:00,2019/7/26
100582,500582,2,大兴区·驴充充超级充电站(旭弘生态园),北京市北京市大兴区Y101(双北路)旭弘生态园,1,00:00-24:00,2019/7/26
100583,500583,2,密云区·PP充电汽车充电站(瑞杰智能新能源),北京市北京市密云区长安小区东区语翼祥和烟酒商行门口附近,1,00:00-24:00,2019/7/26
100584,500584,2,密云区·e充电充电桩,北京市北京市密云区古北驿大街006号,2,00:00-24:00,2019/7/26
100585,500585,1,密云区·上金山观钓充电桩,北京市北京市密云区上金山环路26号,6,00:00-24:00,2019/7/26
100586,500586,1,密云区·中国石化汽车充电站(中国石化京承高速密云服务区重卡充,北京市北京市密云区大广高速密云服务区北150米,3,00:00-24:00,2019/7/26
100587,500587,2,密云区·中国石化汽车充电站(京东密云产业园充电站),北京市北京市密云区科技路52号京东产发北京密云智能产业园,8,00:00-24:00,2019/7/26
100588,500588,3,密云区·中国石化汽车充电站(跃路发重卡充电站),北京市北京市密云区穆家峪镇中国石化跃路发加油站,3,00:00-24:00,2019/7/26
100589,500589,2,密云区·中国石化超级充电站(同义昌充电站),北京市北京市密云区果园街道中国石化同义昌加油站东侧,4,00:00-24:00,2019/7/26
100590,500590,2,密云区·中国石化超级充电站(森泓重卡充电站),北京市北京市密云区太师屯镇京密路,10,00:00-24:00,2019/7/26
100591,500591,3,密云区·乐来电汽车充电站(红旗水库),北京市北京市密云区巨各庄镇查子沟村红旗水库,1,00:00-24:00,2019/7/26
100592,500592,2,密云区·云快充汽车充电站(北京密云区安吉白茶便民服务充电站),北京市北京市密云区鼓楼街檀州居委会檀城西区安吉白茶,2,00:00-24:00,2019/7/26
100593,500593,2,密云区·云快充汽车充电站(北京市密三石中路充电站),北京市北京市密云区石峨村中路,2,00:00-24:00,2019/7/26
100594,500594,2,密云区·云快充汽车充电站(北京日盛天宇上河湾充电站),北京市北京市密云区上河湾白云街北侧公交场站内,2,00:00-24:00,2019/7/26
100595,500595,2,密云区·云快充汽车充电站(北京日盛天宇云西充电站),北京市北京市密云区西统路38号公交院内,3,00:00-24:00,2019/7/26
100596,500596,2,密云区·云快充汽车充电站(北京日盛天宇巨各庄充电站),北京市北京市密云区空港兴达混凝土有限公司南200米,3,00:00-24:00,2019/7/26
100597,500597,2,密云区·云快充汽车充电站(北京日盛天宇河南寨充电站),北京市北京市密云区河南寨公交总站院内,10,00:00-24:00,2019/7/26
100598,500598,2,密云区·云快充汽车充电站(北京日盛天宇穆家峪充电站),北京市北京市密云区穆家峪村穆石路,1,00:00-24:00,2019/7/26
100599,500599,2,密云区·云快充汽车充电站(大云峰寺充电站),北京市北京市密云区大云峰寺地面停车场,1,00:00-24:00,2019/7/26
100600,500600,2,密云区·云快充汽车充电站(密云区交通局充电站),北京市北京市密云区密云区交通局门前(公安出入境大厅对面),4,00:00-24:00,2019/7/26
100601,500601,2,密云区·云快充汽车充电站(荞麦峪民俗村充电站),北京市北京市密云区环南线125号,2,00:00-24:00,2019/7/26
100602,500602,2,密云区·云快充汽车充电站(黑马快充站),北京市北京市密云区中心东街322前焦家坞村民委员会,10,00:00-24:00,2019/7/26
100603,500603,2,密云区·云快充目的地充电站(云来电赵家庄村充电站),北京市北京市密云区巨各庄镇赵家庄村,2,00:00-24:00,2019/7/26
100604,500604,2,密云区·云快充目的地充电站(北京密云区文化馆便民服务交流充电,北京市北京市密云区文化馆便民服务充电站,1,00:00-24:00,2019/7/26
100605,500605,2,密云区·云快充目的地充电站(太师屯镇政府充电站),北京市北京市密云区太师屯镇永安街143号,6,00:00-24:00,2019/7/26
100606,500606,2,密云区·云快充目的地充电站(密云区科技馆院内东北门汽车充电站,北京市北京市密云区果园街道小蜜蜂公园对面密云区科技馆院内北侧充电站,3,00:00-24:00,2019/7/26
100607,500607,2,密云区·云快充目的地充电站(密云花园小区42号楼充电站),北京市北京市密云区花园小区42号楼,4,00:00-24:00,2019/7/26
100608,500608,2,密云区·云快充目的地充电站(张家坟民俗村充电站),北京市北京市密云区石城镇张家坟村,1,00:00-24:00,2019/7/26
100609,500609,2,密云区·云快充目的地充电站(政府便民充电站密云区果园中区8号,北京市北京市密云区果园新里中区8号楼北侧,2,00:00-24:00,2019/7/26
100610,500610,2,密云区·云快充目的地充电站(新里格庄小区3号楼充电站),北京市北京市密云区密云镇新里格庄小区3号楼北侧,1,00:00-24:00,2019/7/26
100611,500611,2,密云区·云快充目的地充电站(松树峪东南足球场-慢充),北京市北京市密云区北京市松二路密云区太师屯镇松树峪,4,00:00-24:00,2019/7/26
100612,500612,2,密云区·云快充目的地充电站(环铁密云小口村充电站),北京市北京市密云区新城子镇小口村村委会门口,3,00:00-24:00,2019/7/26
100613,500613,2,密云区·云快充超级充电站(北京日盛天宇坝头充电站),北京市北京市密云区新农村980车站对面,1,00:00-24:00,2019/7/26
100614,500614,2,密云区·云快充超级充电站(北京日盛天宇新南路充电站),北京市北京市密云区新南路31号,3,00:00-24:00,2019/7/26
100615,500615,2,密云区·云快充超级充电站(北京日盛天宇石马峪充电站),北京市北京市密云区溪翁庄镇石马峪村,6,00:00-24:00,2019/7/26
100616,500616,2,密云区·云快充超级充电站(国电瑞风零碳园区直流超级充电站),北京市北京市密云区西门外大街30号-2,6,00:00-24:00,2019/7/26
100617,500617,2,密云区·云快充超级充电站(太师屯服务区充电站出京方向),北京市北京市密云区太师屯服务区,3,00:00-24:00,2019/7/26
100618,500618,2,密云区·云快充超级充电站(太师屯服务区充电站进京方向),北京市北京市密云区太师屯服务区,2,00:00-24:00,2019/7/26
100619,500619,2,密云区·云快充超级充电站(明达公司大巴车充电站),北京市北京市密云区宏扬迅腾科技发展有限公司(水源东路北),8,00:00-24:00,2019/7/26
100620,500620,2,密云区·依威能源汽车充电站(绿地花都嘉园小区北1门),北京市北京市密云区新西路49号绿地花都嘉园小区(北1门)地面停车场,2,00:00-24:00,2019/7/26
100621,500621,4,密云区·充小兽汽车充电站(印象云溪枣树下民宿站),北京市北京市密云区董你·山前咖啡(尖岩中路),8,00:00-24:00,2019/7/26
100622,500622,3,密云区·充小兽汽车充电站(意邦商务中心站),北京市北京市密云区十里堡镇西大桥路65号,4,00:00-24:00,2019/7/26
100623,500623,3,密云区·充小兽汽车充电站(檀州家园东区站),北京市北京市密云区檀州家园东区(檀城街北),3,00:00-24:00,2019/7/26
100624,500624,3,密云区·充小兽汽车充电站(溪翁庄小镇驿站站),北京市北京市密云区密云区新·驿(何必去远方浪漫溪翁庄),1,00:00-24:00,2019/7/26
100625,500625,2,密云区·充小兽汽车充电站(溪翁庄文体中心站),北京市北京市密云区溪翁庄镇文体中心(环南支线南),1,00:00-24:00,2019/7/26
100626,500626,2,密云区·充小兽汽车充电站(溪翁庄镇走马庄村北停车场站),北京市北京市密云区北京幸福晓筑西北50米(走马庄路西),8,00:00-24:00,2019/7/26
100627,500627,3,密云区·充小兽汽车充电站(溪翁庄镇金叵罗村委会广场站),北京市北京市密云区金叵罗村委会(金溪路南),4,00:00-24:00,2019/7/26
100628,500628,4,密云区·充小兽汽车充电站(穆家峪机场站),北京市北京市密云区穆家峪机场(双沙路西),1,00:00-24:00,2019/7/26
100629,500629,2,密云区·充小兽汽车充电站(质诚建设工程有限公司站),北京市北京市密云区北京质诚建设工程有限公司(开发区路北),1,00:00-24:00,2019/7/26
100630,500630,2,密云区·充小兽汽车充电站(轻元宿站),北京市北京市密云区轻元宿精品民宿(石庄路2号分店)东北50米,1,00:00-24:00,2019/7/26
100631,500631,2,密云区·北京市密云区博润轩生态园西200米充电站(国家电网),北京市北京市密云区河南寨供电所门口停车场,6,00:00-24:00,2019/7/26
100632,500632,2,密云区·北京日盛天宇穆家峪充电站,北京市北京市密云区穆石路与黑大路交叉口西40米,6,00:00-24:00,2019/7/26
100633,500633,2,密云区·叮叮汽车充电站(鼓楼东大街信远大厦),北京市北京市密云区鼓楼街道鼓楼东大街27号,2,00:00-24:00,2019/7/26
100634,500634,2,密云区·国家电网充电站(海怡庄园格林豪泰酒店),北京市北京市密云区新南路与富帛路交叉口西100米,10,00:00-24:00,2019/7/26
100635,500635,3,密云区·国家电网充电站(龙湖长城源著),北京市北京市密云区古北水镇-司马小烧酒坊西北侧160米,4,00:00-24:00,2019/7/26
100636,500636,3,密云区·国家电网汽车充电站,北京市北京市密云区果园街道便民服务中心,2,00:00-24:00,2019/7/26
100637,500637,1,密云区·国家电网汽车充电站(北京市密云区不老屯),北京市北京市密云区不老屯镇不老屯村北(镇政府北150米),4,00:00-24:00,2019/7/26
100638,500638,3,密云区·国家电网汽车充电站(北京市密云区不老屯镇政府充电站),北京市北京市密云区地面停车场,1,00:00-24:00,2019/7/26
100639,500639,1,密云区·国家电网汽车充电站(北京市密云区东邵渠镇廉政文化广场,北京市北京市密云区东邵渠镇廉政文化广场地面停车场,1,00:00-24:00,2019/7/26
100640,500640,2,密云区·国家电网汽车充电站(北京市密云区云佛山滑雪场公共充电,北京市北京市密云区溪翁庄镇环南线云佛山滑雪场,6,00:00-24:00,2019/7/26
100641,500641,4,密云区·国家电网汽车充电站(北京市密云区人民政府停车场公共超,北京市北京市密云区鼓楼街道北京市密云区人民政府,6,00:00-24:00,2019/7/26
100642,500642,3,密云区·国家电网汽车充电站(北京市密云区人间花海景区公共充电,北京市北京市密云区太师屯镇人间花海景区停车场,4,00:00-24:00,2019/7/26
100643,500643,3,密云区·国家电网汽车充电站(北京市密云区兴企三路公共超级充电,北京市北京市密云区兴企三路与兴盛南路交叉口北侧变电站旁,1,00:00-24:00,2019/7/26
100644,500644,2,密云区·国家电网汽车充电站(北京市密云区冶仙塔景区),北京市北京市密云区北京冶仙塔旅游风景区地面停车场,2,00:00-24:00,2019/7/26
100645,500645,1,密云区·国家电网汽车充电站(北京市密云区劳动仲裁委员会充电站,北京市北京市密云区密云县劳动人事争议仲裁院停车场,4,00:00-24:00,2019/7/26
100646,500646,3,密云区·国家电网汽车充电站(北京市密云区北京旅游咨询),北京市北京市密云区北京旅游咨询地面停车场(密云区水政监察大队西南),2,00:00-24:00,2019/7/26
100647,500647,2,密云区·国家电网汽车充电站(北京市密云区北京旅游咨询公共充电,北京市北京市密云区北京旅游咨询(密云区水政监察大队西南),1,00:00-24:00,2019/7/26
100648,500648,2,密云区·国家电网汽车充电站(北京市密云区北庄充电站),北京市北京市密云区北庄供电所门口停车场,1,00:00-24:00,2019/7/26
100649,500649,3,密云区·国家电网汽车充电站(北京市密云区华润万象汇商城充电站,北京市北京市密云区华润万象城地下一层停车场C区(南门进入m1夹层驶入),6,00:00-24:00,2019/7/26
100650,500650,2,密云区·国家电网汽车充电站(北京市密云区古北口健身公园充电站,北京市北京市密云区古北口镇政府南侧健身公园地面停车场,1,00:00-24:00,2019/7/26
100651,500651,2,密云区·国家电网汽车充电站(北京市密云区古北口镇成人学校公共,北京市北京市密云区101国道古北口检查站北侧,2,00:00-24:00,2019/7/26
100652,500652,2,密云区·国家电网汽车充电站(北京市密云区古北水镇景区P5),北京市北京市密云区古北水镇P5小型车地面停车场5-032,1,00:00-24:00,2019/7/26
100653,500653,2,密云区·国家电网汽车充电站(北京市密云区古北水镇景区P6),北京市北京市密云区马北公路地面停车场6-003,1,00:00-24:00,2019/7/26
100654,500654,3,密云区·国家电网汽车充电站(北京市密云区大学生公寓),北京市北京市密云区地面停车场,3,00:00-24:00,2019/7/26
100655,500655,2,密云区·国家电网汽车充电站(北京市密云区太师屯供电所),北京市北京市密云区太师屯供电所院外停车场,3,00:00-24:00,2019/7/26
100656,500656,3,密云区·国家电网汽车充电站(北京市密云区太师屯永安桥),北京市北京市密云区太师屯镇永安路立交桥东北角地面停车场(双陆顺酒家右侧),10,00:00-24:00,2019/7/26
100657,500657,2,密云区·国家电网汽车充电站(北京市密云区密政土地开发整理中心,北京市北京市密云区密政土地开发整理中心停车场,1,00:00-24:00,2019/7/26
100658,500658,3,密云区·国家电网汽车充电站(北京市密云区巨各庄镇文体公园),北京市北京市密云区巨各庄镇密兴路地面停车场,2,00:00-24:00,2019/7/26
100659,500659,3,密云区·国家电网汽车充电站(北京市密云区庄头村委会公共充电站,北京市北京市密云区大城子镇王达路,1,00:00-24:00,2019/7/26
100660,500660,4,密云区·国家电网汽车充电站(北京市密云区张裕爱斐堡国际酒庄),北京市北京市密云区密三路与宁蔡路交叉口东南40米,1,00:00-24:00,2019/7/26
100661,500661,2,密云区·国家电网汽车充电站(北京市密云区排山汽车城公共充电站,北京市北京市密云区十里堡镇排山汽车城南侧地面停车场,8,00:00-24:00,2019/7/26
100662,500662,2,密云区·国家电网汽车充电站(北京市密云区日光山谷充电站),北京市北京市密云区穆家峪镇阁老峪村黑大路,2,00:00-24:00,2019/7/26
100663,500663,2,密云区·国家电网汽车充电站(北京市密云区溪翁庄充电站),北京市北京市密云区环南线与中学路交叉口东60米,6,00:00-24:00,2019/7/26
100664,500664,3,密云区·国家电网汽车充电站(北京市密云区溪翁庄镇马头山桥公共,北京市北京市密云区溪翁庄镇西智站东,3,00:00-24:00,2019/7/26
100665,500665,1,密云区·国家电网汽车充电站(北京市密云区琉辛路公共充电站),北京市北京市密云区石城镇密关路,2,00:00-24:00,2019/7/26
100666,500666,2,密云区·国家电网汽车充电站(北京市密云区白龙潭新村小区C区公,北京市北京市密云区太师屯镇白龙潭新村D区3号楼东侧,3,00:00-24:00,2019/7/26
100667,500667,2,密云区·国家电网汽车充电站(北京市密云区白龙潭新村小区D区公,北京市北京市密云区太师屯镇白龙潭新村D区,3,00:00-24:00,2019/7/26
100668,500668,2,密云区·国家电网汽车充电站(北京市密云区石城镇云蒙山风景区),北京市北京市密云区北京云蒙山风景区停车场,3,00:00-24:00,2019/7/26
100669,500669,2,密云区·国家电网汽车充电站(北京市密云区石城镇社区卫生服务中,北京市北京市密云区石城镇社区卫生服务中心院外地面停车场,2,00:00-24:00,2019/7/26
100670,500670,2,密云区·国家电网汽车充电站(北京市密云区石城镇社区卫生服务中,北京市北京市密云区石城镇社区卫生服务中心院外停车场,8,00:00-24:00,2019/7/26
100671,500671,1,密云区·国家电网汽车充电站(北京市密云区穆家峪充电站),北京市北京市密云区穆家峪镇荆稍坟村南,2,00:00-24:00,2019/7/26
100672,500672,3,密云区·国家电网汽车充电站(北京市密云区绿地花园公共充电站),北京市北京市密云区绿地花园西侧地面停车场,1,00:00-24:00,2019/7/26
100673,500673,2,密云区·国家电网汽车充电站(北京市密云区葫芦峪景区),北京市北京市密云区葫芦峪景区停车场,2,00:00-24:00,2019/7/26
100674,500674,2,密云区·国家电网汽车充电站(北京市密云区西统路北京运商会展中,北京市北京市密云区[],2,00:00-24:00,2019/7/26
100675,500675,3,密云区·国家电网汽车充电站(北京市密云区规划委员会密云分局院,北京市北京市密云区新北路13号路侧,2,00:00-24:00,2019/7/26
100676,500676,2,密云区·国家电网汽车充电站(北京市密云区邑仕庄园公共充电站),北京市北京市密云区邑仕庄园游客中心停车场,3,00:00-24:00,2019/7/26
100677,500677,3,密云区·国家电网汽车充电站(北京市密云区鑫溪凯旋加油站公共充,北京市北京市密云区鼓楼街道沿湖小区中国石化北方鑫溪凯旋加油站,3,00:00-24:00,2019/7/26
100678,500678,3,密云区·国家电网汽车充电站(北京市密云区锦绣饭庄采摘园公共充,北京市北京市密云区穆家峪镇北穆家峪村(山水田园农家院西侧),6,00:00-24:00,2019/7/26
100679,500679,2,密云区·国家电网汽车充电站(北京市密云区雾灵山庄充电站),北京市北京市密云区雾灵山庄商品部门前,2,00:00-24:00,2019/7/26
100680,500680,3,密云区·国家电网汽车充电站(北京市密云区雾灵西峰充电站),北京市北京市密云区雾灵西峰景区北门北停车场,4,00:00-24:00,2019/7/26
100681,500681,1,密云区·国家电网汽车充电站(大广高速太师屯服务区公共充电站大,北京市北京市密云区京承高速太师屯服务区(出京方向),6,00:00-24:00,2019/7/26
100682,500682,4,密云区·国家电网汽车充电站(大广高速太师屯服务区公共充电站广,北京市北京市密云区京承高速太师屯服务区(进京方向),1,00:00-24:00,2019/7/26
100683,500683,3,密云区·国家电网汽车充电站(大广高速密云服务区公共充电站广州,北京市北京市密云区大广高速密云服务区(进京方向),6,00:00-24:00,2019/7/26
100684,500684,2,密云区·国家电网汽车充电站(首发工程监理公司),北京市北京市密云区北京首发工程监理公司停车场,6,00:00-24:00,2019/7/26
100685,500685,1,密云区·壳牌充电汽车充电站(壳牌充电北京密云水库管理处家属院,北京市北京市密云区水库管理处家属院,2,00:00-24:00,2019/7/26
100686,500686,3,密云区·壳牌溪翁庄充电站,北京市北京市密云区东智路口壳牌溪翁庄加油站内,3,00:00-24:00,2019/7/26
100687,500687,4,密云区·大城子镇文体活动中心对面充电桩,北京市北京市密云区大城子镇人民政府附近,12,00:00-24:00,2019/7/26
100688,500688,3,密云区·大石岭充电站,北京市北京市密云区双沙路1号,1,00:00-24:00,2019/7/26
100689,500689,3,密云区·奥动换电(密云区车站路站)(暂停营业),北京市北京市密云区站西路10号,3,00:00-24:00,2019/7/26
100690,500690,3,密云区·宁充充汽车充电站(长城源著),北京市北京市密云区司马台村2号院-长城源着龙湖长城源著2期,4,00:00-24:00,2019/7/26
100691,500691,2,密云区·宇洋汽车充电站,北京市北京市密云区邓玉芬雕塑主题广场南侧70米,2,00:00-24:00,2019/7/26
100692,500692,3,密云区·安极能源重卡充电站,北京市北京市密云区太师屯镇京密路中国石化桑园加油站,6,00:00-24:00,2019/7/26
100693,500693,2,密云区·密云区科技馆院内汽车充电站,北京市北京市密云区康居路3号,2,00:00-24:00,2019/7/26
100694,500694,2,密云区·密云区隆源大厦小区(中医院南侧)蜂电共享汽车充电站,北京市北京市密云区中医院南侧康复路14号隆源小区内,3,00:00-24:00,2019/7/26
100695,500695,4,密云区·小鹏汽车充电站(小鹏超充北京万象汇购物中心密云站),北京市北京市密云区鼓楼街道顺密路164号北京密云万象汇地下停车场,1,00:00-24:00,2019/7/26
100696,500696,3,密云区·开放平台-北京云末科技汽车充电站(区政府后停车场),北京市北京市密云区鼓楼街道康复四巷15号密云区人民政府,6,00:00-24:00,2019/7/26
100697,500697,2,密云区·开放平台-北京云末科技汽车充电站(彩虹园),北京市北京市密云区车站路53号彩虹园小区,12,00:00-24:00,2019/7/26
100698,500698,2,密云区·政府便民汽车充电站(花园小区40号楼),北京市北京市密云区花园小区40号楼,4,00:00-24:00,2019/7/26
100699,500699,4,密云区·新电途汽车充电站(华冠大厦停车场),北京市北京市密云区华冠大厦停车场,12,00:00-24:00,2019/7/26
100700,500700,1,密云区·新电途汽车充电站(密云区文化馆便民服务充电站),北京市北京市密云区文化中心,2,00:00-24:00,2019/7/26
100701,500701,2,密云区·新电途汽车充电站(棉花糖城堡民宿2期),北京市北京市密云区新城子镇关门村棉花糖城堡民宿,8,00:00-24:00,2019/7/26
100702,500702,2,密云区·新电途汽车充电站(谷润充电站),北京市北京市密云区博泰劲学识通商贸有限责任公司北京市密云区穆家峪镇京密路羊山公交站西50米,10,00:00-24:00,2019/7/26
100703,500703,3,密云区·新电途汽车充电站(车站路充电站),北京市北京市密云区车站东路2号停车场,4,00:00-24:00,2019/7/26
100704,500704,3,密云区·星星充电汽车充电站(京华兴搅拌站内部充电),北京市北京市密云区十里堡镇统军庄路口东500米(京华兴搅拌站),6,00:00-24:00,2019/7/26
100705,500705,2,密云区·星星充电汽车充电站(内部专用星星充电-密云-长城源著,北京市北京市密云区古北口镇长城源著2期,2,00:00-24:00,2019/7/26
100706,500706,3,密云区·星星充电汽车充电站(北京密兴燃工贸快速充电站),北京市北京市密云区密兴燃工贸有限公司,12,00:00-24:00,2019/7/26
100707,500707,3,密云区·星星充电汽车充电站(大唐庄),北京市北京市密云区大唐庄村委会东门南50米,1,00:00-24:00,2019/7/26
100708,500708,3,密云区·星星充电汽车充电站(密云区花园小区充电站),北京市北京市密云区花园小区42号楼,6,00:00-24:00,2019/7/26
100709,500709,2,密云区·星星充电汽车充电站(已合并下线辛安庄内部托管场站)(,北京市北京市密云区穆家峪镇京密路,2,00:00-24:00,2019/7/26
100710,500710,3,密云区·星星充电汽车充电站(星星充电-北白岩充电站),北京市北京市密云区溪翁庄镇河北路,6,00:00-24:00,2019/7/26
100711,500711,1,密云区·星星充电汽车充电站(星星充电-十里堡充电站),北京市北京市密云区十里堡镇程庄路明珠花园,4,00:00-24:00,2019/7/26
100712,500712,2,密云区·星星充电汽车充电站(星星充电-卸甲山充电站),北京市北京市密云区黄坨子东街91号,1,00:00-24:00,2019/7/26
100713,500713,2,密云区·星星充电汽车充电站(星星充电-大石岭充电站),北京市北京市密云区穆家峪镇电气焊,3,00:00-24:00,2019/7/26
100714,500714,2,密云区·星星充电汽车充电站(星星充电-宾阳小区共享充电桩),北京市北京市密云区鼓楼街道宾阳小区宾阳北里,1,00:00-24:00,2019/7/26
100715,500715,2,密云区·星星充电汽车充电站(星星充电-密西花园充电站),北京市北京市密云区果园街道密西花园,12,00:00-24:00,2019/7/26
100716,500716,2,密云区·星星充电汽车充电站(星星充电-新南路瑞兴能源充电站),北京市北京市密云区鼓楼街道新南路北京金地来商务会馆,6,00:00-24:00,2019/7/26
100717,500717,2,密云区·星星充电汽车充电站(星星充电-河南寨政府后街充电站),北京市北京市密云区道路停车位,3,00:00-24:00,2019/7/26
100718,500718,4,密云区·星星充电汽车充电站(星星充电-辛安庄充电站),北京市北京市密云区穆家峪镇辛安庄村北,10,00:00-24:00,2019/7/26
100719,500719,3,密云区·星星充电汽车充电站(星星充电-金钩充电站),北京市北京市密云区北环路1号,2,00:00-24:00,2019/7/26
100720,500720,4,密云区·星星充电汽车充电站(绿谷达康液冷超充站),北京市北京市密云区农机路8号院内,6,00:00-24:00,2019/7/26
100721,500721,2,密云区·星星充电汽车充电站(苇子峪充电站),北京市北京市密云区北庄镇苇子峪综合超市西南,8,00:00-24:00,2019/7/26
100722,500722,3,密云区·智电时代汽车充电站(智电时代鑫航充电站),北京市北京市密云区穆家峪镇新农村新南路6号鑫航加油站,8,00:00-24:00,2019/7/26
100723,500723,2,密云区·比亚迪汽车充电站,北京市北京市密云区后达路与双沙路交叉口东160米,6,00:00-24:00,2019/7/26
100724,500724,2,密云区·比亚迪闪充汽车充电站(比亚迪北京北方瑞逸),北京市北京市密云区十里堡镇比亚迪汽车王朝网(北方瑞逸排山汽车城城市展厅)北京排山汽车城,8,00:00-24:00,2019/7/26
100725,500725,3,密云区·汇腾汽车充电站(季庄村台子旺51号),北京市北京市密云区北京市季庄村台子旺51号,6,00:00-24:00,2019/7/26
100726,500726,3,密云区·汽车充电站(公共站向阳西社区便民服务站),北京市北京市密云区向阳西社区,2,00:00-24:00,2019/7/26
100727,500727,4,密云区·汽车充电站(公共站密云区大石岭电车超充站),北京市北京市密云区双石岭路,1,00:00-24:00,2019/7/26
100728,500728,3,密云区·汽车充电站(公共站汐歌儿密云农机公司优易充小站),北京市北京市密云区鼓楼街道新南路42-9号,2,00:00-24:00,2019/7/26
100729,500729,1,密云区·汽车充电站(公共站汐歌儿密云山水大厦优易充小站),北京市北京市密云区鼓楼东大街3号地上停车场,2,00:00-24:00,2019/7/26
100730,500730,2,密云区·汽车充电站(公共站汐歌儿密云法制公园优易充小站),北京市北京市密云区行宫街24号,3,00:00-24:00,2019/7/26
100731,500731,2,密云区·汽车充电站(小鹏目充北京密云乡志民宿站),北京市北京市密云区河南寨镇北京乡志圣水鸣琴精品民宿,4,00:00-24:00,2019/7/26
100732,500732,2,密云区·汽车充电站(星星充电檀城西区站),北京市北京市密云区鼓楼街道阳光街133号北方交通大学附属中学地面停车场,8,00:00-24:00,2019/7/26
100733,500733,2,密云区·汽车充电站(莱充新能源车充电桩),北京市北京市密云区民兴街78号停车场边,3,00:00-24:00,2019/7/26
100734,500734,4,密云区·汽车充电站(蔚来超充站G45大广高速密云服务区双向),北京市北京市密云区大广高速,6,00:00-24:00,2019/7/26
100735,500735,4,密云区·汽车充电站(蔚来超充站G45大广高速密云服务区双向),北京市北京市密云区密云服务区,6,00:00-24:00,2019/7/26
100736,500736,3,密云区·汽车充电站(蜂电共享福城小区站),北京市北京市密云区阳光街12号,4,00:00-24:00,2019/7/26
100737,500737,1,密云区·汽车充电站(豪能汇重卡密云站),北京市北京市密云区密古路与水辛路交叉口东北500米,3,00:00-24:00,2019/7/26
100738,500738,2,密云区·滴滴充电汽车充电站(赵家庄村充电站),北京市北京市密云区密云区巨各庄镇塘子村党支部,1,00:00-24:00,2019/7/26
100739,500739,2,密云区·特斯拉目的地充电站(东方绿洲露营庄园-多品牌可用),北京市北京市密云区河南寨镇山口庄村东方绿洲地面停车场,4,00:00-24:00,2019/7/26
100740,500740,2,密云区·特斯拉目的地充电站(密云文化馆),北京市北京市密云区鼓楼街道长安社区南更大街文化馆门前北侧,8,00:00-24:00,2019/7/26
100741,500741,2,密云区·特斯拉目的地充电站(野鸭部落),北京市北京市密云区密云县北庄镇北庄村,8,00:00-24:00,2019/7/26
100742,500742,2,密云区·特斯拉超级充电站(北京市密云华润万象汇),"北京市北京市密云区滨河路178号华润万象汇B1层C区,2通道C061车位/入口碧澄环路二巷",3,00:00-24:00,2019/7/26
100743,500743,1,密云区·特来电充电站(北京旭东饭店站),北京市北京市密云区新城子镇花园村,1,00:00-24:00,2019/7/26
100744,500744,2,密云区·特来电充电站(北京银丰酒厂),北京市北京市密云区河南寨镇河南寨村银丰酒厂,1,00:00-24:00,2019/7/26
100745,500745,3,密云区·特来电充电站(特来电站北京密云金山丰岭),北京市北京市密云区太师屯镇上庄子村北公路边30米,6,00:00-24:00,2019/7/26
100746,500746,3,密云区·特来电汽车充电站(北京密云前八家庄),北京市北京市密云区太师屯镇前八家庄村民委员会,6,00:00-24:00,2019/7/26
100747,500747,1,密云区·特来电汽车充电站(北京瑜速充商贸中心充电站),北京市北京市密云区X015(黄下路),4,00:00-24:00,2019/7/26
100748,500748,2,密云区·特来电汽车充电站(特来电北京密云中油雾灵充电站)(暂,北京市北京市密云区新城子镇251乡道曹家路村大沟门,3,00:00-24:00,2019/7/26
100749,500749,1,密云区·特来电汽车充电站(豪能汇北京密云重卡换充电站),北京市北京市密云区穆家峪镇密古路与水辛路交叉口东北500米,4,00:00-24:00,2019/7/26
100750,500750,4,密云区·理想超级充电站(理想5C超充站大广高速太师屯服务区广,北京市北京市密云区太师屯服务区,4,00:00-24:00,2019/7/26
100751,500751,4,密云区·理想超级充电站(理想5C超充站大广高速密云服务区双向,北京市北京市密云区密云服务区,8,00:00-24:00,2019/7/26
100752,500752,2,密云区·福成新天地小区星星充电桩,北京市北京市密云区福城国际公寓附近,1,00:00-24:00,2019/7/26
100753,500753,2,密云区·科科魔方汽车充电站(康居北区),北京市北京市密云区果园街道古唐路68号康居小区内,2,00:00-24:00,2019/7/26
100754,500754,1,密云区·能效邻里共享汽车充电站(北京山前民俗饭庄),北京市北京市密云区太师屯镇马厂村北京山前民俗饭庄,1,00:00-24:00,2019/7/26
100755,500755,2,密云区·能效邻里共享汽车充电站(北京银杉快充),北京市北京市密云区乡村小寨由东向西100米,3,00:00-24:00,2019/7/26
100756,500756,3,密云区·能效邻里共享汽车充电站(安吉白茶便民服务充电站),北京市北京市密云区檀州家园东区2号楼,2,00:00-24:00,2019/7/26
100757,500757,2,密云区·能效邻里共享汽车充电站(白檀小区7号楼南侧便民充电),北京市北京市密云区白檀小区,2,00:00-24:00,2019/7/26
100758,500758,2,密云区·蔚景云汽车充电站(北京密云绿地花都南区B2-063),北京市北京市密云区果园街道绿地·国际花都南区,2,00:00-24:00,2019/7/26
100759,500759,1,密云区·蔚景云汽车充电站(北京联东U谷密云科技园充电站),北京市北京市密云区果园街道联东U谷(密云科技园),3,00:00-24:00,2019/7/26
100760,500760,3,密云区·蔚来换电站G45大广高速密云服务区,北京市北京市密云区密云服务区,1,00:00-24:00,2019/7/26
100761,500761,2,密云区·蔚来换电站S11京承高速太师屯服务区北京方向,北京市北京市密云区京承高速太师屯服务区(进京方向),2,00:00-24:00,2019/7/26
100762,500762,2,密云区·蔚来能源目的地充电站(北京日光山谷),北京市北京市密云区北京转角2号独栋别墅(黑大路店),3,00:00-24:00,2019/7/26
100763,500763,1,密云区·蔚来能源超级充电站(北京方向S11京承高速太师屯服务,北京市北京市密云区中国石化太师屯北加油站西北,8,00:00-24:00,2019/7/26
100764,500764,2,密云区·蔚来能源超级充电站(北京首创大酒店),北京市北京市密云区新东路华远市场东北侧约100米地面停车场,4,00:00-24:00,2019/7/26
100765,500765,3,密云区·蔚来能源超级充电站(承德方向S11京承高速太师屯服务,北京市北京市密云区太师屯服务区,6,00:00-24:00,2019/7/26
100766,500766,2,密云区·闪象智充汽车充电站(森泓新能源),北京市北京市密云区北京森泓能源有限公司东侧140米,2,00:00-24:00,2019/7/26
100767,500767,2,密云区·驴充充汽车充电站(保利花园A区),北京市北京市密云区正阳一街三条7号保利花园A区,6,00:00-24:00,2019/7/26
100768,500768,4,密云区·驴充充汽车充电站(大星发超市南侧20米),北京市北京市密云区十里堡镇双季路大星发超市(兴盛北路店),6,00:00-24:00,2019/7/26
100769,500769,2,密云区·驴充充汽车充电站(太师屯村后街33),北京市北京市密云区太师屯村后街33号太师屯镇中心小学西464米,6,00:00-24:00,2019/7/26
100770,500770,1,密云区·驴充充汽车充电站(新城子镇归璞南山私汤民宿充电站),北京市北京市密云区新城子镇大树洼村南梁甲11号北京归璞南山私汤民宿,2,00:00-24:00,2019/7/26
100771,500771,2,密云区·驴充充汽车充电站(梁双木业开发公司南281米),北京市北京市密云区太师屯镇太师屯村后街261号大星发超市,2,00:00-24:00,2019/7/26
100772,500772,3,密云区·驴充充汽车充电站(石桥西区内石桥西区幼儿园附近39米,"北京市北京市密云区城后东街石桥(西区)内,石桥西区幼儿园附近37米",1,00:00-24:00,2019/7/26
100773,500773,1,密云区·驴充充汽车充电站(蔡家洼小区),北京市北京市密云区宁菜路密云区蔡家洼小区(宁菜路西),1,00:00-24:00,2019/7/26
100774,500774,2,密云区·驴充充汽车充电站(超快充好诺维多正汽车充电站),北京市北京市密云区新南路63号密云钻石公寓,2,00:00-24:00,2019/7/26
100775,500775,2,密云区·驴充充汽车充电站(超快充好诺维建材汽车充电站),北京市北京市密云区区阳光街689-20好诺维建材家居,6,00:00-24:00,2019/7/26
100776,500776,3,密云区·麓秀小区北侧汽车充电站,北京市北京市密云区环南线与金溪路交叉口东北140米,3,00:00-24:00,2019/7/26
100777,500777,4,平谷区·Dukk的共享充电桩,北京市北京市平谷区杨家桥路27号,8,00:00-24:00,2019/7/26
100778,500778,2,平谷区·万德福小区汽车充电站,北京市北京市平谷区顺平路77号,1,00:00-24:00,2019/7/26
100779,500779,2,平谷区·云快充充电站(陆峰达客运),北京市北京市平谷区兴谷西路与平谷北街交叉口东北180米,2,00:00-24:00,2019/7/26
100780,500780,2,平谷区·云快充汽车充电站(万家瑞药业),北京市北京市平谷区兴谷东路4号院,4,00:00-24:00,2019/7/26
100781,500781,2,平谷区·云快充汽车充电站(北京市平谷区夏各庄直流充电站),北京市北京市平谷区夏各庄新城前营南小区门前停车场,1,00:00-24:00,2019/7/26
100782,500782,2,平谷区·云快充汽车充电站(北京市平谷区平翔东园新能源汽车充电,北京市北京市平谷区平翔东园广源居饭店西侧停车场,2,00:00-24:00,2019/7/26
100783,500783,2,平谷区·云快充汽车充电站(北方华创平谷充电站),北京市北京市平谷区北京北方华创半导体装备有限公司内部地面停车场,3,00:00-24:00,2019/7/26
100784,500784,2,平谷区·云快充汽车充电站(好易充北京金山观景充电站),北京市北京市平谷区金山观景,2,00:00-24:00,2019/7/26
100785,500785,2,平谷区·云快充汽车充电站(平谷京东大溶洞),北京市北京市平谷区黑豆峪中路与北山路交叉口北140米,1,00:00-24:00,2019/7/26
100786,500786,2,平谷区·云快充汽车充电站(平谷电影院充电站),北京市北京市平谷区平谷影剧院停车场,3,00:00-24:00,2019/7/26
100787,500787,2,平谷区·云快充汽车充电站(普洛斯北京平谷物流园),北京市北京市平谷区马坊规划六路东150米普洛斯平谷物流园,3,00:00-24:00,2019/7/26
100788,500788,2,平谷区·云快充汽车充电站(瑞丰商务酒店),北京市北京市平谷区平程路与平瑞街交叉口东南120米,3,00:00-24:00,2019/7/26
100789,500789,2,平谷区·云快充汽车充电站(马坊开发区西区一志汽车充电站),北京市北京市平谷区马坊工业开发区西区一志汽车东侧公共地面停车场,1,00:00-24:00,2019/7/26
100790,500790,2,平谷区·云快充汽车充电站(马昌营镇政府公共充电站),北京市北京市平谷区马昌营镇政府东门外停车场,12,00:00-24:00,2019/7/26
100791,500791,2,平谷区·云快充目的地充电站(中石化龙禹山东庄镇政府充电站),北京市北京市平谷区山东庄镇政府,10,00:00-24:00,2019/7/26
100792,500792,2,平谷区·云快充目的地充电站(云来电南山美庐民宿充电站),北京市北京市平谷区南独乐河南山村东罗庄21号院,2,00:00-24:00,2019/7/26
100793,500793,2,平谷区·云快充目的地充电站(云来电瓦官头卫生室充电站),北京市北京市平谷区大华山镇瓦官头村卫生室停车场,2,00:00-24:00,2019/7/26
100794,500794,2,平谷区·云快充目的地充电站(利嘉充电站平谷区大华山镇西峪村站,北京市北京市平谷区府前大街与平中东巷交叉口西北60米,2,00:00-24:00,2019/7/26
100795,500795,2,平谷区·云快充目的地充电站(北京市平谷区夏各庄充电站),北京市北京市平谷区夏各庄新城前营南小区门前停车场,2,00:00-24:00,2019/7/26
100796,500796,2,平谷区·云快充目的地充电站(平谷区龙家务村委会北充电站),北京市北京市平谷区夏各庄镇龙家务村委会北侧,8,00:00-24:00,2019/7/26
100797,500797,2,平谷区·云快充目的地充电站(胡家营共享充电站),北京市北京市平谷区北京市峪胡路平谷区峪口镇胡家营,1,00:00-24:00,2019/7/26
100798,500798,2,平谷区·云快充超级充电站(马坊首城汇景湾公共充电站),北京市北京市平谷区马坊镇梨羊路56号楼东侧,3,00:00-24:00,2019/7/26
100799,500799,2,平谷区·优速充汽车充电站(平谷和美购物广场),北京市北京市平谷区北京市平谷区滨河街道文化北街7号和美购物广场停车场内南侧,6,00:00-24:00,2019/7/26
100800,500800,2,平谷区·依威能源汽车充电站(当代旭辉墅),北京市北京市平谷区北京市大兴庄镇古槐路117号,4,00:00-24:00,2019/7/26
100801,500801,2,平谷区·依威能源汽车充电站(第一服务旭辉墅),北京市北京市平谷区大兴庄镇古槐路95号地面停车场109,4,00:00-24:00,2019/7/26
100802,500802,3,平谷区·依威能源汽车充电站(联东U谷平谷科技园A1),北京市北京市平谷区联东U谷·北京平谷科技园停车场,4,00:00-24:00,2019/7/26
100803,500803,2,平谷区·依威能源汽车充电站(联东U谷平谷科技园A2),北京市北京市平谷区联东U谷·北京平谷科技园停车场,3,00:00-24:00,2019/7/26
100804,500804,1,平谷区·依威能源汽车充电站(联东U谷平谷科技园B1),北京市北京市平谷区联东U谷·北京平谷科技园停车场,6,00:00-24:00,2019/7/26
100805,500805,2,平谷区·依威能源汽车充电站(联东U谷平谷科技园B2),北京市北京市平谷区联东U谷·北京平谷科技园停车场,6,00:00-24:00,2019/7/26
100806,500806,2,平谷区·依威能源汽车充电站(联东U谷平谷科技园C),北京市北京市平谷区联东U谷·北京平谷科技园停车场,1,00:00-24:00,2019/7/26
100807,500807,1,平谷区·利嘉新能源汽车充电站,北京市北京市平谷区谷丰东路与平瑞街交叉口南220米,3,00:00-24:00,2019/7/26
100808,500808,3,平谷区·利嘉智充充电站(平谷京东大溶洞充电站),北京市北京市平谷区黑豆峪中路与北山路交叉口北120米,2,00:00-24:00,2019/7/26
100809,500809,3,平谷区·利嘉智充充电站(平谷区岳协医院充电站),北京市北京市平谷区府前西街与新平西路交叉口东180米,3,00:00-24:00,2019/7/26
100810,500810,3,平谷区·利嘉智充平谷区金海湖景区站,北京市北京市平谷区海子中路14号,2,00:00-24:00,2019/7/26
100811,500811,3,平谷区·利嘉智充汽车充电站(平谷金海湖碧波花园岛),"北京市北京市平谷区凯湖路金海湖景区内,微澜山谷金海湖营地西492米",1,00:00-24:00,2019/7/26
100812,500812,1,平谷区·利嘉汽车充电站(利嘉充电站平谷区怡馨家园充电站),北京市北京市平谷区金乡路52号,1,00:00-24:00,2019/7/26
100813,500813,4,平谷区·利嘉汽车充电站(利嘉充电站齐各庄超充站),北京市北京市平谷区兴谷街道罗庄兔肉丸子,1,00:00-24:00,2019/7/26
100814,500814,3,平谷区·北京静态交通平谷府前街充电站,北京市北京市平谷区府前街29号,3,00:00-24:00,2019/7/26
100815,500815,1,平谷区·卡泰驰充电站(北大市场充电站),北京市北京市平谷区新平北路与农贸街交叉口东140米,2,00:00-24:00,2019/7/26
100816,500816,1,平谷区·卡泰驰汽车充电站(府前街7号楼),北京市北京市平谷区府前街7号楼,3,00:00-24:00,2019/7/26
100817,500817,2,平谷区·卡泰驰汽车充电站(府前街7号楼),北京市北京市平谷区府前西街与大龙环岛交叉口西80米,4,00:00-24:00,2019/7/26
100818,500818,3,平谷区·卡泰驰汽车充电站(钨丝邦创意工厂),北京市北京市平谷区西环路与迎宾环岛交叉口北60米,2,00:00-24:00,2019/7/26
100819,500819,4,平谷区·卫莱电汽车充电站(北京农商银行平谷支行充电站对内使用,北京市北京市平谷区平乐街8号院1幢等4幢,2,00:00-24:00,2019/7/26
100820,500820,3,平谷区·卫莱电汽车充电站(小鱼阳便民充电站),北京市北京市平谷区兴谷街道谷丰路98号院原气象局院内东南方向90米,12,00:00-24:00,2019/7/26
100821,500821,1,平谷区·卫莱电汽车充电站(平谷峰台51号院充电站),北京市北京市平谷区南独乐河镇同乐路208号,10,00:00-24:00,2019/7/26
100822,500822,3,平谷区·卫莱电汽车充电站(金谷家具城汽车充电站),北京市北京市平谷区金谷家具城太和东园北街3号,12,00:00-24:00,2019/7/26
100823,500823,2,平谷区·卫莱电汽车充电站(魏太务充电站),北京市北京市平谷区马魏路,3,00:00-24:00,2019/7/26
100824,500824,4,平谷区·国家电网充电站(北京市平谷区天子谷一线天景区公共充电,北京市北京市平谷区镇罗营镇天子谷一线天景区停车场,2,00:00-24:00,2019/7/26
100825,500825,2,平谷区·国家电网充电站(大华山电机厂),北京市北京市平谷区大华山公安局对面,1,00:00-24:00,2019/7/26
100826,500826,1,平谷区·国家电网充电站(平谷供电公司),北京市北京市平谷区西环路-道路停车位,6,00:00-24:00,2019/7/26
100827,500827,2,平谷区·国家电网充电站(马坊镇政府),北京市北京市平谷区马坊镇政府院内停车场,6,00:00-24:00,2019/7/26
100828,500828,2,平谷区·国家电网汽车充电站(北京市平谷区丛海逸园),北京市北京市平谷区大华山镇小峪子村丛海逸园景区停车场,10,00:00-24:00,2019/7/26
100829,500829,2,平谷区·国家电网汽车充电站(北京市平谷区东四道岭村充电站),北京市北京市平谷区镇罗营镇东四道岭村西侧停车场,1,00:00-24:00,2019/7/26
100830,500830,2,平谷区·国家电网汽车充电站(北京市平谷区东寺渠市场公共充电站,北京市北京市平谷区城南路30号东寺渠批发市场停车场,6,00:00-24:00,2019/7/26
100831,500831,1,平谷区·国家电网汽车充电站(北京市平谷区东高村公共充电站),北京市北京市平谷区东高村镇兴业路55号,1,00:00-24:00,2019/7/26
100832,500832,2,平谷区·国家电网汽车充电站(北京市平谷区乐政务乡斋各庄村北充,北京市北京市平谷区平谷区殡仪馆院内东侧停车场,2,00:00-24:00,2019/7/26
100833,500833,2,平谷区·国家电网汽车充电站(北京市平谷区京东石林峡景区公共充,北京市北京市平谷区京东石林峡旅游区东停车场东侧(刁窝北478米),1,00:00-24:00,2019/7/26
100834,500834,2,平谷区·国家电网汽车充电站(北京市平谷区兴旺开闭站公共充电站,北京市北京市平谷区兴旺开闭站停车场,10,00:00-24:00,2019/7/26
100835,500835,1,平谷区·国家电网汽车充电站(北京市平谷区前台头村公共充电站),北京市北京市平谷区东高村镇前台头村地面停车场,6,00:00-24:00,2019/7/26
100836,500836,2,平谷区·国家电网汽车充电站(北京市平谷区北京渔阳国际滑雪场充,北京市北京市平谷区北京渔阳国际滑雪场滑雪场路南4号停车场,10,00:00-24:00,2019/7/26
100837,500837,1,平谷区·国家电网汽车充电站(北京市平谷区北张岱村充电站),北京市北京市平谷区东高村镇北张岱村北张岱路与北张岱中路交叉口北侧公共停车场,2,00:00-24:00,2019/7/26
100838,500838,2,平谷区·国家电网汽车充电站(北京市平谷区华晨金鼎4S店公共充,北京市北京市平谷区谷峰路98号院华晨金鼎汽车销售服务有限公司,2,00:00-24:00,2019/7/26
100839,500839,3,平谷区·国家电网汽车充电站(北京市平谷区南张岱村充电站),北京市北京市平谷区东高村镇南张岱村委会停车场内,8,00:00-24:00,2019/7/26
100840,500840,4,平谷区·国家电网汽车充电站(北京市平谷区国泰公共充电站),北京市北京市平谷区文化北街13号国泰百货平谷店地面停车场047,4,00:00-24:00,2019/7/26
100841,500841,2,平谷区·国家电网汽车充电站(北京市平谷区城北水乡公共充电站),北京市北京市平谷区王辛庄镇放光东路3号,2,00:00-24:00,2019/7/26
100842,500842,2,平谷区·国家电网汽车充电站(北京市平谷区夏各庄供电所公共充电,北京市北京市平谷区夏各庄镇夏贤路与S32京平高速交叉口东南100米,1,00:00-24:00,2019/7/26
100843,500843,2,平谷区·国家电网汽车充电站(北京市平谷区夏各庄桃园仙居民俗饭,北京市北京市平谷区纪太务大北街185号桃园仙居民俗饭店地面停车场,1,00:00-24:00,2019/7/26
100844,500844,2,平谷区·国家电网汽车充电站(北京市平谷区大东沟村充电站),北京市北京市平谷区大东沟村委会北侧公共停车场,3,00:00-24:00,2019/7/26
100845,500845,2,平谷区·国家电网汽车充电站(北京市平谷区大兴庄镇政府公共充电,北京市北京市平谷区顺福街81号大兴庄镇政府南侧地面停车场,6,00:00-24:00,2019/7/26
100846,500846,2,平谷区·国家电网汽车充电站(北京市平谷区大华山镇挂甲峪村公共,北京市北京市平谷区挂甲峪村停车场,3,00:00-24:00,2019/7/26
100847,500847,1,平谷区·国家电网汽车充电站(北京市平谷区实利德公司公共充电站,北京市北京市平谷区实利德机电公司院内停车场,4,00:00-24:00,2019/7/26
100848,500848,2,平谷区·国家电网汽车充电站(北京市平谷区山东庄镇敬老院南),北京市北京市平谷区山东庄镇小北关东环路4号(南大街2号),3,00:00-24:00,2019/7/26
100849,500849,2,平谷区·国家电网汽车充电站(北京市平谷区峪口),北京市北京市平谷区峪口镇政府西,3,00:00-24:00,2019/7/26
100850,500850,2,平谷区·国家电网汽车充电站(北京市平谷区峪口新村东区公共充电,北京市北京市平谷区密三路峪口新村小区东区,10,00:00-24:00,2019/7/26
100851,500851,2,平谷区·国家电网汽车充电站(北京市平谷区峪口杨家桥村公共充电,北京市北京市平谷区峪口杨家桥村公共充电点,8,00:00-24:00,2019/7/26
100852,500852,1,平谷区·国家电网汽车充电站(北京市平谷区峪口禽业孵化场充电站,北京市北京市平谷区峪口禽业孵化场内部地面停车场,10,00:00-24:00,2019/7/26
100853,500853,1,平谷区·国家电网汽车充电站(北京市平谷区峪口镇中侨村公共充电,北京市北京市平谷区峪口镇中桥村北侧广场,2,00:00-24:00,2019/7/26
100854,500854,2,平谷区·国家电网汽车充电站(北京市平谷区峪口镇政府公共充电站,北京市北京市平谷区利源祥市政公共快充站,4,00:00-24:00,2019/7/26
100855,500855,2,平谷区·国家电网汽车充电站(北京市平谷区平谷体育中心),北京市北京市平谷区平谷区体育中心西路东地面停车场,8,00:00-24:00,2019/7/26
100856,500856,2,平谷区·国家电网汽车充电站(北京市平谷区平谷体育中心公共充电,北京市北京市平谷区平谷区体育中心西侧,1,00:00-24:00,2019/7/26
100857,500857,3,平谷区·国家电网汽车充电站(北京市平谷区张岱辛撞村充电站),北京市北京市平谷区东高村镇张岱辛撞村委会停车场内,4,00:00-24:00,2019/7/26
100858,500858,3,平谷区·国家电网汽车充电站(北京市平谷区新城滨河森林公园北侧,北京市北京市平谷区平谷新城滨河森林公园停车场,1,00:00-24:00,2019/7/26
100859,500859,4,平谷区·国家电网汽车充电站(北京市平谷区新城滨河森林公园南侧,北京市北京市平谷区东高村镇前台头村公共停车场,1,00:00-24:00,2019/7/26
100860,500860,3,平谷区·国家电网汽车充电站(北京市平谷区星宇昊家具城公共充电,北京市北京市平谷区星宇昊公司马昌营地面停车场,6,00:00-24:00,2019/7/26
100861,500861,2,平谷区·国家电网汽车充电站(北京市平谷区欣江峰建材公共充电站,北京市北京市平谷区欣江峰建材公司院内停车场,12,00:00-24:00,2019/7/26
100862,500862,1,平谷区·国家电网汽车充电站(北京市平谷区湖洞水景区公共充电站,北京市北京市平谷区平谷区黄松峪野生植物园对面,3,00:00-24:00,2019/7/26
100863,500863,1,平谷区·国家电网汽车充电站(北京市平谷区熊儿寨老泉公园公共充,北京市北京市平谷区熊儿寨乡老泉公园停车场,4,00:00-24:00,2019/7/26
100864,500864,3,平谷区·国家电网汽车充电站(北京市平谷区金海湖镇政府公共充电,北京市北京市平谷区韩庄南街111号地面停车场,4,00:00-24:00,2019/7/26
100865,500865,2,平谷区·国家电网汽车充电站(北京市平谷区首创悦洳汇小区充电站,北京市北京市平谷区大兴庄镇首创悦洳汇小区院内南侧停车场,2,00:00-24:00,2019/7/26
100866,500866,4,平谷区·国家电网汽车充电站(北京市平谷区马坊),北京市北京市平谷区马坊供电所东侧,3,00:00-24:00,2019/7/26
100867,500867,3,平谷区·国家电网汽车充电站(北京市平谷区马坊开发区东区充电站,北京市北京市平谷区马坊开发东区永丰余家纸公司南侧公共地面停车场,1,00:00-24:00,2019/7/26
100868,500868,2,平谷区·国家电网汽车充电站(北京市平谷区马坊开发区西区充电站,北京市北京市平谷区马坊开发西区真金昌汽车科技公司东侧公共地面停车场,1,00:00-24:00,2019/7/26
100869,500869,2,平谷区·国家电网汽车充电站(北京市平谷区马坊镇首城汇景湾公共,北京市北京市平谷区马坊镇梨首城汇景湾东侧地面停车场,1,00:00-24:00,2019/7/26
100870,500870,3,平谷区·国家电网汽车充电站(北京市平谷区马昌营),北京市北京市平谷区马昌营镇海子村东,4,00:00-24:00,2019/7/26
100871,500871,2,平谷区·国家电网汽车充电站(北京市平谷区马昌营昌盛机械厂公共,北京市北京市平谷区昌盛机械厂(马昌营小学东),1,00:00-24:00,2019/7/26
100872,500872,2,平谷区·国家电网汽车充电站(北京市平谷区黑水湾桃花大舞台公共,北京市北京市平谷区黑水湾桃花大舞台停车场内,4,00:00-24:00,2019/7/26
100873,500873,2,平谷区·国家电网汽车充电站(夏各庄东桥),北京市北京市平谷区京平高速南太务收费站出口地面停车场,3,00:00-24:00,2019/7/26
100874,500874,2,平谷区·国家电网汽车充电站(平谷交通局),北京市北京市平谷区新平北路55号,4,00:00-24:00,2019/7/26
100875,500875,1,平谷区·国家电网汽车充电站(平谷大街),北京市北京市平谷区大街平房原家具城停车场(临近九九之家宾馆),10,00:00-24:00,2019/7/26
100876,500876,3,平谷区·国家电网汽车充电站(平谷金海湖供电所),北京市北京市平谷区胡靠路金海湖坝前广场停车场,1,00:00-24:00,2019/7/26
100877,500877,2,平谷区·国家电网汽车充电站(起亚中德兴旺4S店),北京市北京市平谷区起亚汽车4S店停车场,8,00:00-24:00,2019/7/26
100878,500878,1,平谷区·国家电网汽车充电站(镇罗营村民委员会),北京市北京市平谷区文化广场内(东侧),4,00:00-24:00,2019/7/26
100879,500879,3,平谷区·奥动换电(平谷东高村站),北京市北京市平谷区东夏路与平三路交叉口东320米,1,00:00-24:00,2019/7/26
100880,500880,2,平谷区·小鹏超级充电站(小鹏S4超快充北京平谷南环路站),北京市北京市平谷区平谷镇泃河西路6号维达北方纸业(北京)有限公司,3,00:00-24:00,2019/7/26
100881,500881,2,平谷区·小麦电站汽车充电站(紫贵御园小区-南区地下车库-37,北京市北京市平谷区南定福东路180号,1,00:00-24:00,2019/7/26
100882,500882,3,平谷区·平方原家具城充电站,北京市北京市平谷区平翔路46号,2,00:00-24:00,2019/7/26
100883,500883,2,平谷区·平谷区交通局驾校充电站,北京市北京市平谷区平谷南街交通局驾校院内,2,00:00-24:00,2019/7/26
100884,500884,1,平谷区·开迈斯汽车充电站(北京市金海湖国际会展中心站),北京市北京市平谷区金海湖镇金海湖国际会展中心,4,00:00-24:00,2019/7/26
100885,500885,1,平谷区·快电(天蝎座卫星超能舱北京中信金陵酒店),北京市北京市平谷区上季路与上镇路交叉口西300米,6,00:00-24:00,2019/7/26
100886,500886,2,平谷区·捷顺充汽车充电站(梧桐浅山嘉园),北京市北京市平谷区夏各庄镇中国铁建梧桐浅山,2,00:00-24:00,2019/7/26
100887,500887,2,平谷区·新电途汽车充电站(利嘉充电站(平谷区齐各庄快充站)),北京市北京市平谷区星光市集停车场,3,00:00-24:00,2019/7/26
100888,500888,2,平谷区·新电途汽车充电站(平谷区速来航宇街充电站),北京市北京市平谷区航宇街14号,1,00:00-24:00,2019/7/26
100889,500889,2,平谷区·新电途汽车充电站(电莫愁锐E空间超级充电站),北京市北京市平谷区兴谷街道中关村软件园领昱锐E空间产业园,4,00:00-24:00,2019/7/26
100890,500890,3,平谷区·新电途汽车充电站(随手充北京天润香墅湾充电站),北京市北京市平谷区平谷镇天润·香墅湾1号东区,1,00:00-24:00,2019/7/26
100891,500891,2,平谷区·昆仑网电汽车充电站(中国石油北京远升加油站充电站),北京市北京市平谷区林荫南街3号,10,00:00-24:00,2019/7/26
100892,500892,1,平谷区·星星充电汽车充电站(平谷充电站),北京市北京市平谷区马坊工业园区397号,3,00:00-24:00,2019/7/26
100893,500893,1,平谷区·星星充电汽车充电站(平谷大华山充电站),北京市北京市平谷区大华山镇平关路北京市平谷区大华山中心小学,6,00:00-24:00,2019/7/26
100894,500894,1,平谷区·星星充电汽车充电站(星星充电-北京金海湖国际会展中心,北京市北京市平谷区金海湖镇北京金海湖国际会展中心,2,00:00-24:00,2019/7/26
100895,500895,2,平谷区·星星充电汽车充电站(星星充电-平谷-联东U谷平谷科技,北京市北京市平谷区平和街与平兴街交叉口东,4,00:00-24:00,2019/7/26
100896,500896,4,平谷区·星星充电汽车充电站(星星充电-平谷区建设西街速能超充,北京市北京市平谷区平谷镇博苑幼儿园东南(建设西街),4,00:00-24:00,2019/7/26
100897,500897,4,平谷区·星星充电汽车充电站(星星充电-平谷区建设西街速能超充,北京市北京市平谷区建设西街11号,1,00:00-24:00,2019/7/26
100898,500898,2,平谷区·星星充电汽车充电站(星星充电-平谷大华山北公园充电站,北京市北京市平谷区大华山镇平关路,2,00:00-24:00,2019/7/26
100899,500899,2,平谷区·星星充电汽车充电站(星星充电-建设大厦内部充电站),北京市北京市平谷区滨河街道龙文教育(国泰校区)建设大厦,4,00:00-24:00,2019/7/26
100900,500900,1,平谷区·星星充电汽车充电站(龙门服务区承德方向),北京市北京市平谷区承廊高速,3,00:00-24:00,2019/7/26
100901,500901,4,平谷区·春宇智充汽车充电站(北京市平谷区烤局充电站),北京市北京市平谷区谷丰路与北环路交叉路口烤局儿烧烤涮自助,6,00:00-24:00,2019/7/26
100902,500902,2,平谷区·春雨充电站,北京市北京市平谷区校园路32号,3,00:00-24:00,2019/7/26
100903,500903,4,平谷区·智停易充超级充电站(金海湖服务区·华为超充技术支持),北京市北京市平谷区金海湖镇,4,00:00-24:00,2019/7/26
100904,500904,2,平谷区·比亚迪闪充汽车充电站(比亚迪北京瑞鹏鸿达),北京市北京市平谷区东高村镇平三路比亚迪汽车王朝网,4,00:00-24:00,2019/7/26
100905,500905,3,平谷区·汇景湾北区6号车位充电桩,北京市北京市平谷区梨羊路5号院,6,00:00-24:00,2019/7/26
100906,500906,2,平谷区·汽车充电站,北京市北京市平谷区杨家桥路27号,6,00:00-24:00,2019/7/26
100907,500907,2,平谷区·汽车充电站(充电桩咔咔电姆北京市平谷区蔳蔳垂钓园),北京市北京市平谷区顺平路1号,3,00:00-24:00,2019/7/26
100908,500908,3,平谷区·汽车充电站(公共站平谷电动车四期优易充小站),北京市北京市平谷区兴谷路66号,1,00:00-24:00,2019/7/26
100909,500909,3,平谷区·汽车充电站(平谷万达广场站),北京市北京市平谷区平谷大街39号,8,00:00-24:00,2019/7/26
100910,500910,3,平谷区·汽车充电站(蔚来充电),北京市北京市平谷区金河北街与环马北街交叉口东南80米,6,00:00-24:00,2019/7/26
100911,500911,2,平谷区·汽车充电站(金海湖服务区),北京市北京市平谷区S3105承廊高速与金海湖服务区交叉口西北100米,4,00:00-24:00,2019/7/26
100912,500912,2,平谷区·海尔汽车充电站(万德福小区),北京市北京市平谷区德福广场9号楼1层兴业银行前面地上停车场,4,00:00-24:00,2019/7/26
100913,500913,4,平谷区·海尔汽车充电站(北大市场),北京市北京市平谷区新平北路43号北大市场停车场,3,00:00-24:00,2019/7/26
100914,500914,2,平谷区·海尔汽车充电站(钨丝邦创意工厂),北京市北京市平谷区新平北路77号,8,00:00-24:00,2019/7/26
100915,500915,3,平谷区·润诚达充电站(上宅客运站),北京市北京市平谷区平蓟路与胡靠路支线交叉口西180米,1,00:00-24:00,2019/7/26
100916,500916,1,平谷区·滴滴充电充电站(平谷大街),北京市北京市平谷区平谷大街与谷丰路交叉口东320米,3,00:00-24:00,2019/7/26
100917,500917,2,平谷区·滴滴充电充电站(联东U谷平谷科技园A1),北京市北京市平谷区平翔路与后罗庄北路交叉口东南240米,6,00:00-24:00,2019/7/26
100918,500918,1,平谷区·滴滴充电充电站(联东U谷平谷科技园A2),北京市北京市平谷区平翔路与后罗庄北路交叉口东南240米,6,00:00-24:00,2019/7/26
100919,500919,2,平谷区·滴滴充电汽车充电站(北京平谷锐E空间充电站),北京市北京市平谷区锐E空间产业园,6,00:00-24:00,2019/7/26
100920,500920,4,平谷区·滴滴充电汽车充电站(绿谷超充站怡馨家园充电站),北京市北京市平谷区滨河街道文化北街4-4号道路停车位,6,00:00-24:00,2019/7/26
100921,500921,1,平谷区·特斯拉目的地充电站(北京壹隅千寻民宿-多品牌可用)(,北京市北京市平谷区马昌营镇王各庄东大寺西街291号,8,00:00-24:00,2019/7/26
100922,500922,2,平谷区·特斯拉目的地充电站(北京平谷万达锦华酒店目的地充电站,北京市北京市平谷区体育中心西路3号院3号楼地面停车场,12,00:00-24:00,2019/7/26
100923,500923,1,平谷区·特斯拉超级充电站(北京平谷万达广场),北京市北京市平谷区兴古街道丰东路31号院平谷万达广场地上车位/入口谷丰东路,6,00:00-24:00,2019/7/26
100924,500924,2,平谷区·特斯拉超级充电站(北京平谷云间coffee)(暂停营,北京市北京市平谷区夏各庄镇夏各庄内环南路99号院1号-(南山路云间COFFEE)地上停车场,6,00:00-24:00,2019/7/26
100925,500925,3,平谷区·特斯拉超级充电站(平谷万德福广场),北京市北京市平谷区迎宾街1号院19号楼地下B1停车场BHGMall华联购物中心路西,2,00:00-24:00,2019/7/26
100926,500926,3,平谷区·特来电充电站(北京华联商厦BHG平谷店),北京市北京市平谷区渔阳地区办事处迎宾街1号院22号楼北京华联BHG Mall(平谷店)地下停车场,2,00:00-24:00,2019/7/26
100927,500927,2,平谷区·特来电汽车充电站(特来电马坊充电站),北京市北京市平谷区英府路12号停车场,4,00:00-24:00,2019/7/26
100928,500928,4,平谷区·理想超级充电站(理想超充站北京锐E空间产业园),北京市北京市平谷区兴谷街道碰碰捌24小时自助台球锐E空间产业园,8,00:00-24:00,2019/7/26
100929,500929,2,平谷区·电动汽车充电站(普洛斯东河路店),北京市北京市平谷区陆港北二街与陆港东一路交叉口西100米,4,00:00-24:00,2019/7/26
100930,500930,1,平谷区·绿行共享充电桩,"北京市北京市平谷区毛官营村委南街,十字路口东50米,路北",3,00:00-24:00,2019/7/26
100931,500931,2,平谷区·能效邻里共享汽车充电站(北京联东U谷平谷双创产业园),北京市北京市平谷区马坊镇金马北街55号院,3,00:00-24:00,2019/7/26
100932,500932,1,平谷区·能效邻里共享汽车充电站(大旺务能效充电桩),"北京市北京市平谷区东高村镇大旺务村第四社区党支部,赵爱军百货商店对面,251号",6,00:00-24:00,2019/7/26
100933,500933,2,平谷区·能效邻里共享汽车充电站(王各庄能效充电桩),北京市北京市平谷区毛官营路与王各庄环路交叉口,3,00:00-24:00,2019/7/26
100934,500934,2,平谷区·能效邻里共享汽车充电站(能效刘),北京市北京市平谷区老水塔停车场,3,00:00-24:00,2019/7/26
100935,500935,3,平谷区·蔚景云汽车充电站(北京市平谷平旺街联东U谷充电站),北京市北京市平谷区王辛庄镇平旺街联东U谷(建设中),2,00:00-24:00,2019/7/26
100936,500936,2,平谷区·蔚景云汽车充电站(汇景湾6号院251车位),北京市北京市平谷区马坊镇金河北街6号首城汇景湾东区6号院251车位,3,00:00-24:00,2019/7/26
100937,500937,3,平谷区·蔚景云汽车充电站(融科充电站北京大渔不见山精品民宿),北京市北京市平谷区山东庄镇大渔·不见山精品民宿平谷桃花海,1,00:00-24:00,2019/7/26
100938,500938,2,平谷区·蔚景云汽车充电站(融科充电站北京清月民宿),北京市北京市平谷区山东庄镇木北云间平谷桃花海,2,00:00-24:00,2019/7/26
100939,500939,2,平谷区·蔚来能源汽车充电站(北京平谷航宇北街),北京市北京市平谷区航宇北街3号东院,2,00:00-24:00,2019/7/26
100940,500940,3,平谷区·蔚来能源目的地充电站(内部使用北京中石化平谷培训中心,北京市北京市平谷区中国石化北京石油平谷培训中心,4,00:00-24:00,2019/7/26
100941,500941,2,平谷区·西长峪村委会充电站,北京市北京市平谷区西牛角峪路46号,1,00:00-24:00,2019/7/26
100942,500942,4,平谷区·迎宾超充站,北京市北京市平谷区枫尚奥特莱斯停车场,10,00:00-24:00,2019/7/26
100943,500943,4,平谷区·进充星满汽车充电桩,北京市北京市平谷区兴谷东路10号,1,00:00-24:00,2019/7/26
100944,500944,2,平谷区·进充星满汽车充电站,北京市北京市平谷区上纸寨西路25号(上纸寨实验学校南50米停车场内),4,00:00-24:00,2019/7/26
100945,500945,2,平谷区·逸安启超级充电站(北京平谷万达),北京市北京市平谷区兴谷街道谷丰东路31号院北京平谷万达广场地上停车场,1,00:00-24:00,2019/7/26
100946,500946,2,平谷区·隆瑞三优(平谷918路充电站),北京市北京市平谷区平谷南街丙2号,8,00:00-24:00,2019/7/26
100947,500947,2,平谷区·隆瑞三优超级充电站(隆瑞三优平谷852超级充电站),北京市北京市平谷区新平北路22-1号,2,00:00-24:00,2019/7/26
100948,500948,1,平谷区·马坊镇英城小学充电站,北京市北京市平谷区洼里东路1号,6,00:00-24:00,2019/7/26
100949,500949,3,平谷区·驴充充汽车充电站(刘家沟),北京市北京市平谷区金海湖(地区)镇X025(环湖路)北京山禾悦民宿,2,00:00-24:00,2019/7/26
100950,500950,2,平谷区·驴充充汽车充电站(北京塔洼人家),北京市北京市平谷区塔洼人家度假村(塔洼路南)塔洼村,1,00:00-24:00,2019/7/26
100951,500951,2,平谷区·驴充充汽车充电站(北京市挚友航空飞行营地),北京市北京市平谷区金海湖镇东上营村北京市挚友航空飞行营地精灵飞行精灵露营精灵房车营地,2,00:00-24:00,2019/7/26
100952,500952,2,平谷区·驴充充汽车充电站(平谷瑞丰花园),北京市北京市平谷区X909辅路平谷瑞丰花园,8,00:00-24:00,2019/7/26
100953,500953,1,延庆区·中国铁塔汽车充电站(北京延庆石河营东社区充电站),北京市北京市延庆区区石河营东路,1,00:00-24:00,2019/7/26
100954,500954,2,延庆区·云快充充电站(延庆区万达广场快充电站),北京市北京市延庆区园隆西街与新龙南街交叉口西80米,1,00:00-24:00,2019/7/26
100955,500955,2,延庆区·云快充充电站(延庆大浮坨160kW快充站),北京市北京市延庆区妫川路与S3801京礼高速入口交叉口东北460米,10,00:00-24:00,2019/7/26
100956,500956,2,延庆区·云快充充电站(智创新能源延庆区充电站),北京市北京市延庆区延庆区大榆树镇宗家营村村民委员会北侧170米,4,00:00-24:00,2019/7/26
100957,500957,2,延庆区·云快充汽车充电站(世园充电站),北京市北京市延庆区康庄镇小丰营村,4,00:00-24:00,2019/7/26
100958,500958,2,延庆区·云快充汽车充电站(东王化小区公牛充电站),北京市北京市延庆区天成中路1号院,2,00:00-24:00,2019/7/26
100959,500959,2,延庆区·云快充汽车充电站(八里祥居快充站),北京市北京市延庆区延庆镇八里庄村八里祥居农家院,4,00:00-24:00,2019/7/26
100960,500960,2,延庆区·云快充汽车充电站(利嘉百泉街道办事处)(不对外开放),北京市北京市延庆区鸿川北路与益祥北街交叉口东100米,1,00:00-24:00,2019/7/26
100961,500961,2,延庆区·云快充汽车充电站(北京延庆医药大厦充电站),北京市北京市延庆区东外大街99号后院,4,00:00-24:00,2019/7/26
100962,500962,2,延庆区·云快充汽车充电站(北京邮电大学世纪学院),北京市北京市延庆区北京邮电大学世纪学院学思楼西侧130米,4,00:00-24:00,2019/7/26
100963,500963,2,延庆区·云快充汽车充电站(南菜园北二区充电站),北京市北京市延庆区菜园南街延庆区第四小学西南98米,2,00:00-24:00,2019/7/26
100964,500964,2,延庆区·云快充汽车充电站(客顺利隆充电站),北京市北京市延庆区京银路与018县道交叉口东40米,1,00:00-24:00,2019/7/26
100965,500965,2,延庆区·云快充汽车充电站(康庄小区12号楼充电站),北京市北京市延庆区康张路与康元路交叉口西南260米,2,00:00-24:00,2019/7/26
100966,500966,2,延庆区·云快充汽车充电站(延庆区井庄镇政府充电站),北京市北京市延庆区井庄镇政府院内,2,00:00-24:00,2019/7/26
100967,500967,2,延庆区·云快充汽车充电站(延庆簸箕营充电站),北京市北京市延庆区大榆树镇簸萁营村,8,00:00-24:00,2019/7/26
100968,500968,2,延庆区·云快充汽车充电站(悦安居6号楼充电站),"北京市北京市延庆区高塔西街悦安居小区内,新白庙路1号院-10号楼北221米",3,00:00-24:00,2019/7/26
100969,500969,2,延庆区·云快充汽车充电站(智能空间充电站),北京市北京市延庆区井庄镇艾官营村二区59号,3,00:00-24:00,2019/7/26
100970,500970,2,延庆区·云快充汽车充电站(望山居充电站),北京市北京市延庆区井庄碓臼石,3,00:00-24:00,2019/7/26
100971,500971,2,延庆区·云快充汽车充电站(格兰山水二期南区18号楼充电站),北京市北京市延庆区高塔街与玉皇阁大街交叉口东北160米,3,00:00-24:00,2019/7/26
100972,500972,2,延庆区·云快充汽车充电站(泰安北区充电站),北京市北京市延庆区龙顺路与延琉路交叉口南160米,8,00:00-24:00,2019/7/26
100973,500973,2,延庆区·云快充汽车充电站(温泉西里充电站),北京市北京市延庆区高塔路格兰山水二期-南区温泉西里21号楼,1,00:00-24:00,2019/7/26
100974,500974,2,延庆区·云快充汽车充电站(湖南北区11号楼),北京市北京市延庆区功德巷与妫水南街交叉口东北240米,1,00:00-24:00,2019/7/26
100975,500975,2,延庆区·云快充汽车充电站(湖南小区充电站),北京市北京市延庆区湖北东路与师范路交叉口西200米,2,00:00-24:00,2019/7/26
100976,500976,2,延庆区·云快充目的地充电站(云来电八达岭丽枫酒店充电站),北京市北京市延庆区216省道与南山环线交叉口西160米,4,00:00-24:00,2019/7/26
100977,500977,2,延庆区·云快充目的地充电站(云来电八达岭尊弘国际酒店充电站),北京市北京市延庆区八达岭镇西拨子丽枫酒店,3,00:00-24:00,2019/7/26
100978,500978,2,延庆区·云快充目的地充电站(云来电博园雅居4号院5号楼充电站,北京市北京市延庆区博园雅居4号院5号楼,1,00:00-24:00,2019/7/26
100979,500979,2,延庆区·云快充目的地充电站(云来电博园雅居4号院车库入口充电,北京市北京市延庆区延庆镇博园中路博园雅居4号院地下车库入口,3,00:00-24:00,2019/7/26
100980,500980,2,延庆区·云快充目的地充电站(云来电博园雅居6号院充电站),北京市北京市延庆区延庆镇博园雅居六号院八号楼地库,3,00:00-24:00,2019/7/26
100981,500981,2,延庆区·云快充目的地充电站(云来电大吉祥充电站),北京市北京市延庆区四海镇大吉祥村,3,00:00-24:00,2019/7/26
100982,500982,2,延庆区·云快充目的地充电站(云来电天成家园北充电站),北京市北京市延庆区沈家营镇天成家园北区西门,4,00:00-24:00,2019/7/26
100983,500983,2,延庆区·云快充目的地充电站(云来电天成家园南区东墙充电站),北京市北京市延庆区沈家营镇天成家园南区23号楼东墙,2,00:00-24:00,2019/7/26
100984,500984,2,延庆区·云快充目的地充电站(云来电汇金元民宿充电站),北京市北京市延庆区延庆镇王泉营村汇金元农家乐,8,00:00-24:00,2019/7/26
100985,500985,2,延庆区·云快充目的地充电站(云来电石峡充电站),北京市北京市延庆区八达岭镇石峡村停车场,3,00:00-24:00,2019/7/26
100986,500986,2,延庆区·云快充目的地充电站(云来电那一方酒店充电站),北京市北京市延庆区北京那一方民宿停车场,1,00:00-24:00,2019/7/26
100987,500987,2,延庆区·云快充目的地充电站(刘斌堡小学),北京市北京市延庆区刘斌堡小学内部停车场,2,00:00-24:00,2019/7/26
100988,500988,2,延庆区·云快充目的地充电站(利嘉充电站延庆区百泉街道上都首府,北京市北京市延庆区延庆区S232,2,00:00-24:00,2019/7/26
100989,500989,2,延庆区·云快充目的地充电站(利嘉充电站延庆区百泉街道利嘉总部,北京市北京市延庆区北京市妫水南街1号利嘉集团,3,00:00-24:00,2019/7/26
100990,500990,2,延庆区·云快充目的地充电站(利嘉充电站延庆区百泉街道南辛堡4,北京市北京市延庆区汇川街9号,3,00:00-24:00,2019/7/26
100991,500991,2,延庆区·云快充目的地充电站(小河屯1号充电站),北京市北京市延庆区北京市延庆区京银路延庆区北京今天晚安民宿(延庆休闲度假区3号店)东南,3,00:00-24:00,2019/7/26
100992,500992,2,延庆区·云快充目的地充电站(延庆里炮村充电站),北京市北京市延庆区延庆里炮村,3,00:00-24:00,2019/7/26
100993,500993,2,延庆区·云快充目的地充电站(智创新能源延庆区大榆树镇社区卫生,北京市北京市延庆区北京中医医院延庆医院大榆树院区,2,00:00-24:00,2019/7/26
100994,500994,2,延庆区·云快充目的地充电站(智创新能源延庆区张山营卫生院充电,北京市北京市延庆区张山营镇张山营卫生服务中心,10,00:00-24:00,2019/7/26
100995,500995,2,延庆区·云快充目的地充电站(智创新能源延庆区永宁镇盛世营村陶,北京市北京市延庆区永宁镇盛世营村,4,00:00-24:00,2019/7/26
100996,500996,2,延庆区·云快充超级充电站(阪泉服务区超级充电站出京),北京市北京市延庆区阪泉服务区,12,00:00-24:00,2019/7/26
100997,500997,4,延庆区·云来电下花园村西土窑焖烤停车场汽车充电站,北京市北京市延庆区下花园村村委会西侧190米,3,00:00-24:00,2019/7/26
100998,500998,2,延庆区·云来电垂钓园汽车充电站,北京市北京市延庆区龙聚山庄垂钓园,1,00:00-24:00,2019/7/26
100999,500999,3,延庆区·依威能源汽车充电站(文成国际综合商务中心-B1停车场,北京市北京市延庆区延庆镇东外大街49号,8,00:00-24:00,2019/7/26
101000,501000,2,延庆区·依威能源汽车充电站(碧桂园·世奥龙鼎3号地南区),北京市北京市延庆区北京市百泉街道百泉街29号,3,00:00-24:00,2019/7/26
101001,501001,1,延庆区·利嘉充电站(延庆区大庄科乡政府站),北京市北京市延庆区昌赤路,10,00:00-24:00,2019/7/26
101002,501002,2,延庆区·利嘉充电站(延庆区大庄科乡解字石村站),北京市北京市延庆区解字石村红色驿站停车场,4,00:00-24:00,2019/7/26
101003,501003,1,延庆区·利嘉新能源汽车充电站(利嘉充电站延庆区利嘉百泉街道办,北京市北京市延庆区区鸿川北路6号院2号楼,2,00:00-24:00,2019/7/26
101004,501004,2,延庆区·利嘉新能源汽车充电站(利嘉充电站延庆区康庄商业街停车,北京市北京市延庆区康庄三街康庄三街停车场,3,00:00-24:00,2019/7/26
101005,501005,2,延庆区·利嘉新能源汽车充电站(利嘉充电站延庆区百泉街道利嘉总,北京市北京市延庆区区妫水南街1号,4,00:00-24:00,2019/7/26
101006,501006,2,延庆区·利嘉新能源汽车充电站(利嘉充电站延庆区香水园街道万达,北京市北京市延庆区延庆区新城街,2,00:00-24:00,2019/7/26
101007,501007,2,延庆区·利嘉新能源汽车充电站(利嘉充电站张山营镇辉煌国际南门,北京市北京市延庆区京银路与西五里营路交叉口西南480米辉煌国际度假区,2,00:00-24:00,2019/7/26
101008,501008,4,延庆区·利嘉新能源汽车充电站(利嘉充电站永宁镇政府超充站),北京市北京市延庆区小后街9号,10,00:00-24:00,2019/7/26
101009,501009,3,延庆区·利嘉智充充电站(北京邮电大学世纪学院充电站),北京市北京市延庆区庄祥街与康庄大道交叉口东北220米,10,00:00-24:00,2019/7/26
101010,501010,3,延庆区·利嘉智充充电站(延庆区医院西侧内部停车场充电站),北京市北京市延庆区北顺城街与玉皇阁大街交叉口东120米,3,00:00-24:00,2019/7/26
101011,501011,2,延庆区·利嘉智充充电站(延庆区康庄镇望都佳园28号楼充电站),北京市北京市延庆区兴隆北街与文汇街交叉口西北160米,2,00:00-24:00,2019/7/26
101012,501012,1,延庆区·利嘉智充充电站(格兰二期南区8号楼充电站),北京市北京市延庆区格兰路与玉皇阁大街交叉口东120米,3,00:00-24:00,2019/7/26
101013,501013,1,延庆区·利嘉智充汽车充电站(八达岭小区),北京市北京市延庆区6A国道复线与八达岭环岛交叉口西220米,2,00:00-24:00,2019/7/26
101014,501014,4,延庆区·利嘉智充汽车充电站(川北西社区44号楼45号楼),北京市北京市延庆区川北西社区44号楼45号楼,6,00:00-24:00,2019/7/26
101015,501015,4,延庆区·利嘉汽车充电站(利嘉充电站会展广场超充站),北京市北京市延庆区香水园街道庆隆街-道路停车位北京八达岭国际会展中心,4,00:00-24:00,2019/7/26
101016,501016,2,延庆区·利嘉汽车充电站(利嘉充电站延庆区千家店河南村小广场站,北京市北京市延庆区千家店镇河南村花海停车场旁,3,00:00-24:00,2019/7/26
101017,501017,2,延庆区·利嘉汽车充电站(利嘉充电站延庆区千家店镇乌龙峡谷景区,北京市北京市延庆区区乌龙峡谷乌龙峡谷景区-停车场,6,00:00-24:00,2019/7/26
101018,501018,2,延庆区·利嘉汽车充电站(利嘉充电站延庆区千家店镇干沟停车场充,北京市北京市延庆区中国延庆世界地质公园千家店园区,3,00:00-24:00,2019/7/26
101019,501019,2,延庆区·利嘉汽车充电站(利嘉充电站延庆区张山营镇玉渡山风景区,北京市北京市延庆区张山营镇玉海路北1号玉渡山风景区,6,00:00-24:00,2019/7/26
101020,501020,4,延庆区·利嘉汽车充电站(延庆区八达岭镇帮水峪村村北超充站),北京市北京市延庆区帮水峪村,1,00:00-24:00,2019/7/26
101021,501021,4,延庆区·利嘉汽车充电站(延庆区八达岭镇帮水峪村村南超充站),北京市北京市延庆区帮水峪村北停车场,1,00:00-24:00,2019/7/26
101022,501022,2,延庆区·利嘉集团充电站,北京市北京市延庆区林带路与迎泉街交叉口北160米利嘉集团充电站,3,00:00-24:00,2019/7/26
101023,501023,3,延庆区·华商三优汽车充电站,北京市北京市延庆区圣百街与百莲路交叉口东南160米,2,00:00-24:00,2019/7/26
101024,501024,1,延庆区·国家电网充电站(延庆火车南站),北京市北京市延庆区延庆站内部停车场,4,00:00-24:00,2019/7/26
101025,501025,2,延庆区·国家电网充电站(林场场部停车场),北京市北京市延庆区216省道与八达岭路交叉口西北160米,4,00:00-24:00,2019/7/26
101026,501026,3,延庆区·国家电网汽车充电站,北京市北京市延庆区京礼高速阪泉服务区(崇礼方向),6,00:00-24:00,2019/7/26
101027,501027,2,延庆区·国家电网汽车充电站,北京市北京市延庆区野鸭湖国家湿地公园内(东侧),4,00:00-24:00,2019/7/26
101028,501028,2,延庆区·国家电网汽车充电站(世界葡萄博览园),北京市北京市延庆区世界葡萄博览园北门地面停车场,6,00:00-24:00,2019/7/26
101029,501029,4,延庆区·国家电网汽车充电站(京礼高速阪泉服务区充电站北京方向,北京市北京市延庆区京礼高速阪泉服务区(北京方向),6,00:00-24:00,2019/7/26
101030,501030,1,延庆区·国家电网汽车充电站(八达岭国家森林公园),北京市北京市延庆区北京八达岭深林公园青龙谷景区地面停车场,4,00:00-24:00,2019/7/26
101031,501031,1,延庆区·国家电网汽车充电站(北京市延庆区东三岔村公共充电站),北京市北京市延庆区大庄科乡东三岔村,2,00:00-24:00,2019/7/26
101032,501032,2,延庆区·国家电网汽车充电站(北京市延庆区东关停车场),北京市北京市延庆区北京京西北旅行社有限公司地面停车场,1,00:00-24:00,2019/7/26
101033,501033,2,延庆区·国家电网汽车充电站(北京市延庆区乌龙峡谷景区),北京市北京市延庆区千沙公路地面停车场,3,00:00-24:00,2019/7/26
101034,501034,1,延庆区·国家电网汽车充电站(北京市延庆区八达岭供电所公共充电,北京市北京市延庆区八达岭供电所停车场,2,00:00-24:00,2019/7/26
101035,501035,2,延庆区·国家电网汽车充电站(北京市延庆区八达岭国际会展中心东,北京市北京市延庆区北京八达岭国际会展中心东南地面停车场,6,00:00-24:00,2019/7/26
101036,501036,2,延庆区·国家电网汽车充电站(北京市延庆区八达岭国际会展中心西,北京市北京市延庆区北京八达岭国际会展中心西南地面停车场,2,00:00-24:00,2019/7/26
101037,501037,3,延庆区·国家电网汽车充电站(北京市延庆区八达岭水关长城景区公,北京市北京市延庆区八达岭水关长城游客中心地面停车场,6,00:00-24:00,2019/7/26
101038,501038,1,延庆区·国家电网汽车充电站(北京市延庆区刘斌堡公共充电站),北京市北京市延庆区延琉路青山园农家院附近地面停车场,3,00:00-24:00,2019/7/26
101039,501039,4,延庆区·国家电网汽车充电站(北京市延庆区北京大成众信贸易有限,北京市北京市延庆区地面停车场,3,00:00-24:00,2019/7/26
101040,501040,1,延庆区·国家电网汽车充电站(北京市延庆区北老君堂村公共充电站,北京市北京市延庆区沈家营镇北老君堂村西200米地面停车场,2,00:00-24:00,2019/7/26
101041,501041,4,延庆区·国家电网汽车充电站(北京市延庆区华风温泉大城堡公共充,北京市北京市延庆区八达岭华风温泉大城堡地面停车场,2,00:00-24:00,2019/7/26
101042,501042,1,延庆区·国家电网汽车充电站(北京市延庆区南湾村公共充电站),北京市北京市延庆区延庆南湾村村北地面停车场,3,00:00-24:00,2019/7/26
101043,501043,2,延庆区·国家电网汽车充电站(北京市延庆区夏都湾公共充电站),北京市北京市延庆区上郝庄村居民小区西侧地面停车场,2,00:00-24:00,2019/7/26
101044,501044,2,延庆区·国家电网汽车充电站(北京市延庆区大榆树镇政府公共充电,北京市北京市延庆区大榆树镇政府院内停车场,1,00:00-24:00,2019/7/26
101045,501045,4,延庆区·国家电网汽车充电站(北京市延庆区委党校),北京市北京市延庆区党校东侧地面停车场,1,00:00-24:00,2019/7/26
101046,501046,3,延庆区·国家电网汽车充电站(北京市延庆区岔道村),北京市北京市延庆区八达岭长城岔西地面停车场CB272,2,00:00-24:00,2019/7/26
101047,501047,1,延庆区·国家电网汽车充电站(北京市延庆区岔道村公共充电站SD,北京市北京市延庆区岔道村南侧停车场,2,00:00-24:00,2019/7/26
101048,501048,2,延庆区·国家电网汽车充电站(北京市延庆区康庄收费站公共充电站,北京市北京市延庆区京新高速姜家台服务区出京方向地面停车场,3,00:00-24:00,2019/7/26
101049,501049,2,延庆区·国家电网汽车充电站(北京市延庆区延庆体育馆公共充电站,北京市北京市延庆区延庆镇体育馆北侧地面停车场,6,00:00-24:00,2019/7/26
101050,501050,2,延庆区·国家电网汽车充电站(北京市延庆区延庆体育馆公共超级充,北京市北京市延庆区香水园街道东关小区东关新区,8,00:00-24:00,2019/7/26
101051,501051,1,延庆区·国家电网汽车充电站(北京市延庆区延庆镇世界园艺博览会,北京市北京市延庆区世界园艺博览会P4地面停车场,4,00:00-24:00,2019/7/26
101052,501052,2,延庆区·国家电网汽车充电站(北京市延庆区旧县镇文体活动中心公,北京市北京市延庆区旧大路旧县镇文体活动中心地面停车场,12,00:00-24:00,2019/7/26
101053,501053,1,延庆区·国家电网汽车充电站(北京市延庆区松山国家级自然保护区,北京市北京市延庆区012县道松山国家级自然保护区管理处地面停车场,3,00:00-24:00,2019/7/26
101054,501054,3,延庆区·国家电网汽车充电站(北京市延庆区永宁镇政府公共充电站,北京市北京市延庆区永宁镇政府旁停车场,3,00:00-24:00,2019/7/26
101055,501055,3,延庆区·国家电网汽车充电站(北京市延庆区火烧营村充电站),北京市北京市延庆区康庄镇火烧营村小大路西侧地面停车场,1,00:00-24:00,2019/7/26
101056,501056,3,延庆区·国家电网汽车充电站(北京市延庆区玻钢厂充电站),北京市北京市延庆区地面停车场,2,00:00-24:00,2019/7/26
101057,501057,2,延庆区·国家电网汽车充电站(北京市延庆区珍珠泉乡公共充电站),北京市北京市延庆区珍珠泉乡政府北侧公共地面停车场,1,00:00-24:00,2019/7/26
101058,501058,2,延庆区·国家电网汽车充电站(北京市延庆区石京龙滑雪场公共充电,北京市北京市延庆区北京石京龙滑雪场停车场,10,00:00-24:00,2019/7/26
101059,501059,4,延庆区·国家电网汽车充电站(北京市延庆区石峡村公共充电站),北京市北京市延庆区外石路石峡村民委员会西北方向200米,1,00:00-24:00,2019/7/26
101060,501060,1,延庆区·国家电网汽车充电站(北京市延庆区辉煌国际度假区南门公,北京市北京市延庆区辉煌国际度假区南门地面停车场,12,00:00-24:00,2019/7/26
101061,501061,3,延庆区·国家电网汽车充电站(北京市延庆区里炮村公共充电站SD,北京市北京市延庆区八达岭镇里炮村民委员会东侧90米,2,00:00-24:00,2019/7/26
101062,501062,2,延庆区·国家电网汽车充电站(北京市延庆区里炮村公共充电站SD,北京市北京市延庆区八达岭镇里炮村居民小区北侧地面停车场,3,00:00-24:00,2019/7/26
101063,501063,3,延庆区·国家电网汽车充电站(北京市延庆区野鸭湖景区公共充电站,北京市北京市延庆区康野路与027县道交叉口西北460米,10,00:00-24:00,2019/7/26
101064,501064,1,延庆区·国家电网汽车充电站(北京市延庆区龙庆峡景区),北京市北京市延庆区龙庆峡风景区地面停车场,1,00:00-24:00,2019/7/26
101065,501065,2,延庆区·国家电网汽车充电站(北京市延庆区龙聚山庄公共充电站),北京市北京市延庆区龙聚山庄地面停车场南侧,4,00:00-24:00,2019/7/26
101066,501066,3,延庆区·国家电网汽车充电站(张伍堡充电站),北京市北京市延庆区G110青山居私房火锅门前,6,00:00-24:00,2019/7/26
101067,501067,1,延庆区·国家电网汽车充电站(张山营镇人民政府东),北京市北京市延庆区张山营镇张山营供电所门前停车场,1,00:00-24:00,2019/7/26
101068,501068,4,延庆区·国家电网汽车充电站(柳沟民俗村),北京市北京市延庆区井庄镇柳沟村95号农家乐对面地面停车场,2,00:00-24:00,2019/7/26
101069,501069,2,延庆区·国家电网汽车充电站(百里山水画廊店),北京市北京市延庆区东囤路千家店朝阳寺景区地面停车场,1,00:00-24:00,2019/7/26
101070,501070,3,延庆区·国家电网汽车充电站(营城子北),北京市北京市延庆区八达岭高速营城子出口东侧地面停车场,4,00:00-24:00,2019/7/26
101071,501071,2,延庆区·国网电动汽车充电站(北京延庆供电公司),北京市北京市延庆区香苑街与新龙南街交叉口东120米,6,00:00-24:00,2019/7/26
101072,501072,1,延庆区·奥动换电,北京市北京市延庆区妫水南街7号,10,00:00-24:00,2019/7/26
101073,501073,3,延庆区·小桔充电汽车充电站(北京长城云酒店公共),北京市北京市延庆区西官路与康张路交叉口西180米,2,00:00-24:00,2019/7/26
101074,501074,4,延庆区·小鹏汽车充电站(北京延庆万达广场小鹏超充站),北京市北京市延庆区香水园街道新城街80号延庆万达广场(入口新龙中街),2,00:00-24:00,2019/7/26
101075,501075,2,延庆区·平高智联汽车充电站(北京延庆启迪之星体育园区),北京市北京市延庆区启迪之星延庆体育园基地,2,00:00-24:00,2019/7/26
101076,501076,2,延庆区·平高智联汽车充电站(北方工业大学康庄校区),北京市北京市延庆区康庄镇不老山庄停车场北京工业大学创新港,8,00:00-24:00,2019/7/26
101077,501077,2,延庆区·平高智联汽车充电站(无人机产业园),北京市北京市延庆区中关村延庆园无人机产业园,3,00:00-24:00,2019/7/26
101078,501078,3,延庆区·广汽能源汽车充电站(广汽能源北京水关长城目的地站),北京市北京市延庆区长城脚下的公社停车场,4,00:00-24:00,2019/7/26
101079,501079,2,延庆区·开迈斯汽车充电站(北京市延庆区万达广场地下站),北京市北京市延庆区区庆园街59号新城街西入口地下负2层停车场,2,00:00-24:00,2019/7/26
101080,501080,1,延庆区·张山营中学汽车充电站,北京市北京市延庆区张山营镇下卢凤村东五巷20号,3,00:00-24:00,2019/7/26
101081,501081,4,延庆区·快电八达岭小区充电站,北京市北京市延庆区八达岭路与八达岭环岛交叉口西200米,2,00:00-24:00,2019/7/26
101082,501082,2,延庆区·捷顺充汽车充电站(瑞祥家园),北京市北京市延庆区康庄镇康庄瑞祥家园小区,10,00:00-24:00,2019/7/26
101083,501083,2,延庆区·新电途汽车充电站(井庄镇人民政府充电站),北京市北京市延庆区去井庄镇人民政府院外停车场,1,00:00-24:00,2019/7/26
101084,501084,1,延庆区·新电途汽车充电站(大浮坨杏花源充电站),北京市北京市延庆区八达岭镇延庆榆木红木工厂店,1,00:00-24:00,2019/7/26
101085,501085,2,延庆区·新电途汽车充电站(碓臼石充电站),北京市北京市延庆区井庄镇京银路望山居酒店门前,2,00:00-24:00,2019/7/26
101086,501086,2,延庆区·无人机产业园快充桩,北京市北京市延庆区康庄镇中关村延庆园无人机产业园,3,00:00-24:00,2019/7/26
101087,501087,4,延庆区·昆仑网电汽车充电站(昆仑网电北京八达岭国际会展北区超,北京市北京市延庆区北京八达岭国际会展中心,1,00:00-24:00,2019/7/26
101088,501088,4,延庆区·昆仑网电汽车充电站(昆仑网电北京八达岭国际会展南区超,北京市北京市延庆区北京八达岭国际会展中心西南停车场,2,00:00-24:00,2019/7/26
101089,501089,2,延庆区·星星充电汽车充电站(不对外开放延庆区-北京市水生野生,北京市北京市延庆区大榆树镇开发区路,4,00:00-24:00,2019/7/26
101090,501090,2,延庆区·星星充电汽车充电站(内部专用星星充电-延庆-天成家园,北京市北京市延庆区沈家营镇八峪路天成家园,6,00:00-24:00,2019/7/26
101091,501091,3,延庆区·星星充电汽车充电站(延庆镇付余屯村充电站),北京市北京市延庆区延庆镇团结路,4,00:00-24:00,2019/7/26
101092,501092,1,延庆区·欧特孚汽车充电站(大泥河博雅园小区西侧快慢充站),北京市北京市延庆区北京市大榆树镇大泥河村博雅园小区西侧,3,00:00-24:00,2019/7/26
101093,501093,2,延庆区·汽车充电站(北顺城街3号),北京市北京市延庆区北顺城街3号,1,00:00-24:00,2019/7/26
101094,501094,1,延庆区·汽车充电站(国家电网),北京市北京市延庆区大庄科乡人民政府南侧50米,1,00:00-24:00,2019/7/26
101095,501095,2,延庆区·汽车换电站(蔚来换电站),北京市北京市延庆区北京八达岭国际会展中心西南停车场,1,00:00-24:00,2019/7/26
101096,501096,2,延庆区·泰莱充汽车充电站(东门营村智雅居),北京市北京市延庆区北京市东门营村西街西三巷5号,8,00:00-24:00,2019/7/26
101097,501097,2,延庆区·滴滴充电汽车充电站(北京静态交通环球新意充电站),北京市北京市延庆区沃尔玛延庆妫水北街店停车场,2,00:00-24:00,2019/7/26
101098,501098,2,延庆区·特斯拉充电站(长城脚下的公社),北京市北京市延庆区八达岭镇石佛寺村京藏高速路水关长城G53出口地面车位,4,00:00-24:00,2019/7/26
101099,501099,2,延庆区·特斯拉目的地充电站(北京世园凯悦酒店目的地充电站),北京市北京市延庆区阜康南路1号院世园凯悦酒店1号楼地面停车场01-04,2,00:00-24:00,2019/7/26
101100,501100,2,延庆区·特斯拉目的地充电站(龙庆峡志勇民宿),北京市北京市延庆区北外大街26号地面停车场,3,00:00-24:00,2019/7/26
101101,501101,3,延庆区·特斯拉超级充电站(八达岭滑雪场),北京市北京市延庆区八达岭镇八达岭滑雪场,4,00:00-24:00,2019/7/26
101102,501102,2,延庆区·特斯拉超级充电站(北京世园凯悦酒店),北京市北京市延庆区阜康南路1号院1号楼A地上停车位/入口延康路,1,00:00-24:00,2019/7/26
101103,501103,3,延庆区·特斯拉超级充电站(北京世园璞燊酒店),"北京市北京市延庆区延庆区百康路1-66号,务必从世园公园7号门进入,入园前10分钟拨打酒店前台电话010-",2,00:00-24:00,2019/7/26
101104,501104,2,延庆区·特斯拉超级充电站(北京延庆奥林匹克园区),北京市北京市延庆区张山营镇西大庄科村奥林匹克园区P6停车场,3,00:00-24:00,2019/7/26
101105,501105,2,延庆区·特来电汽车充电站(特来电北京沐澜餐厅充电站),北京市北京市延庆区八达岭镇小浮坨村沐澜餐厅,4,00:00-24:00,2019/7/26
101106,501106,4,延庆区·理想超级充电站(理想5C超充站京藏高速康庄服务区西藏,北京市北京市延庆区康庄服务区,10,00:00-24:00,2019/7/26
101107,501107,4,延庆区·理想超级充电站(理想5C超充站北京世园凯悦嘉轩酒店),北京市北京市延庆区北京世园凯悦嘉轩酒店地面停车点,2,00:00-24:00,2019/7/26
101108,501108,2,延庆区·电动自行车充电站(利嘉充电站延庆区南辛堡4号院充电站,北京市北京市延庆区南辛堡四号院,8,00:00-24:00,2019/7/26
101109,501109,3,延庆区·电徕云汽车充电站(利嘉充电站延庆区香营乡东白庙万达有,北京市北京市延庆区北京万达有机农业有限公司北侧100米,12,00:00-24:00,2019/7/26
101110,501110,2,延庆区·能效邻里共享汽车充电站(TESLR共享充电桩),北京市北京市延庆区团山村西街路边电线杆下(密码888),8,00:00-24:00,2019/7/26
101111,501111,1,延庆区·能效邻里共享汽车充电站(杏花朵朵开),北京市北京市延庆区小泥河村村民委员会西北约111米,3,00:00-24:00,2019/7/26
101112,501112,2,延庆区·能效邻里共享汽车充电站(石河营中街一号院车库充电桩),北京市北京市延庆区石河营中街一号院地下车库B1-072车位,1,00:00-24:00,2019/7/26
101113,501113,1,延庆区·能效邻里共享汽车充电站(耿家营村北影壁西侧),北京市北京市延庆区中区十巷17号,10,00:00-24:00,2019/7/26
101114,501114,4,延庆区·蔚宁能源超级充电站(北京延庆康庄服务区充电站·华为超,北京市北京市延庆区康庄服务区与G6京藏高速出口交叉口东440米,2,00:00-24:00,2019/7/26
101115,501115,2,延庆区·蔚景云汽车充电站(云汐精品民宿充电站),北京市北京市延庆区沈韩路韩郝庄,4,00:00-24:00,2019/7/26
101116,501116,1,延庆区·蔚景云汽车充电站(北京阳光乡村农家饭庄充电站2),北京市北京市延庆区韩郝庄东区阳光乡村农家饭庄旁正北方向18米,1,00:00-24:00,2019/7/26
101117,501117,3,延庆区·蔚景云汽车充电站(张皂明农家饭庄充电站),北京市北京市延庆区张山营镇韩郝庄村中区79号,3,00:00-24:00,2019/7/26
101118,501118,4,延庆区·蔚景云汽车充电站(沃尔智电康庄服务区充电站),北京市北京市延庆区康庄镇达克云汽车充电站(华为康庄服务区超充站)康庄服务区,1,00:00-24:00,2019/7/26
101119,501119,2,延庆区·蔚景云汽车充电站(绿森充电桩),北京市北京市延庆区井庄镇瓦窑路,12,00:00-24:00,2019/7/26
101120,501120,2,延庆区·蔚来能源目的地充电站(北京世园汤泉酒店)(暂停营业),北京市北京市延庆区北京世园汤泉酒店,3,00:00-24:00,2019/7/26
101121,501121,2,延庆区·蔚来能源超级充电站(北京八达岭国际会展中心),北京市北京市延庆区广兴街八达岭国际会展中心地面停车场,10,00:00-24:00,2019/7/26
101122,501122,4,延庆区·达克云汽车充电站(华为康庄服务区超充站),北京市北京市延庆区京藏高速康庄服务区,3,00:00-24:00,2019/7/26
101123,501123,2,延庆区·逸安启超级充电站(北京延庆奥林匹克园区),北京市北京市延庆区张山营镇西大庄科村北京延庆奥林匹克园区P6停车场,2,00:00-24:00,2019/7/26
101124,501124,2,延庆区·隆瑞三优延庆永宁Y41路-充电站,北京市北京市延庆区永宁镇873公交总站,2,00:00-24:00,2019/7/26
101125,501125,3,延庆区·驴充充充电站(延庆永宁学校),北京市北京市延庆区昌赤路与永偏路交叉口东南240米,6,00:00-24:00,2019/7/26
101126,501126,3,延庆区·驴充充汽车充电站(下营村充电站),北京市北京市延庆区下营-公交车站,3,00:00-24:00,2019/7/26
101127,501127,2,延庆区·驴充充汽车充电站(中关村延庆体育科技前沿技术创新中心,北京市北京市延庆区百泉街10号中关村(延庆)体育科技前沿技术创新中心,2,00:00-24:00,2019/7/26
101128,501128,3,延庆区·驴充充汽车充电站(中羊坊村充电站),北京市北京市延庆区张山营镇G110(京青线)中羊坊村村民委员会,4,00:00-24:00,2019/7/26
101129,501129,1,延庆区·驴充充汽车充电站(卓家营村充电站),北京市北京市延庆区110国道卓家营新区往北100米庄主私房菜,10,00:00-24:00,2019/7/26
101130,501130,2,延庆区·驴充充汽车充电站(季枫国际酒店延庆万达广场店),北京市北京市延庆区延庆镇京张路口东商业开发区1号楼季枫国际酒店,2,00:00-24:00,2019/7/26
101131,501131,2,延庆区·驴充充汽车充电站(小河屯村),北京市北京市延庆区张山营镇Y014(小松路)小河屯村三区-118号楼,8,00:00-24:00,2019/7/26
101132,501132,3,延庆区·驴充充汽车充电站(玉皇庙村充电站),北京市北京市延庆区张山营镇Y015(玉下路)玉渡山刘玉焕农家院,8,00:00-24:00,2019/7/26
101133,501133,1,延庆区·驴充充汽车充电站(苏庄村充电站),北京市北京市延庆区张山营镇Y018(东上路)苏庄村村民委员会,4,00:00-24:00,2019/7/26
101134,501134,2,延庆区·驴充充汽车充电站(黄柏寺充电站),北京市北京市延庆区旧小路黄柏寺村公交车站北邻(近龙庆峡、万龙滑雪场、玉渡山)龙庆峡龙顺达农家饭庄·餐厅,1,00:00-24:00,2019/7/26
101135,501135,2,延庆区·驴充充汽车充电站(龙聚山庄二期18号楼22号楼充电桩,北京市北京市延庆区张山营镇G110(京银路)龙聚山庄二期,2,00:00-24:00,2019/7/26
101136,501136,2,怀柔区·K充电汽车充电站(十悦山漫充电站),北京市北京市怀柔区渤海镇苇店村十悦山漫温泉度假酒店,2,00:00-24:00,2019/7/26
101137,501137,3,怀柔区·万城万充新汽车充电站(怀柔万达广场充电站),北京市北京市怀柔区龙山街道府前街1号院,1,00:00-24:00,2019/7/26
101138,501138,2,怀柔区·中国石化汽车充电站(迎宾园充电站),北京市北京市怀柔区迎宾南路与葛各庄路交叉口西40米,1,00:00-24:00,2019/7/26
101139,501139,2,怀柔区·中国石化目的地充电站(云岫内部充电站),北京市北京市怀柔区雁水路2号中国石化销售有限公司技术培训中心,8,00:00-24:00,2019/7/26
101140,501140,2,怀柔区·中国石化超级充电站(庙城充电站),北京市北京市怀柔区庙城镇富密路金善名居北侧,1,00:00-24:00,2019/7/26
101141,501141,2,怀柔区·中国石化超级充电站(怀柔车站路充电站),北京市北京市怀柔区府前东街7号(碧云蓝山商旅酒店后院公厕旁),4,00:00-24:00,2019/7/26
101142,501142,1,怀柔区·乐来电汽车充电站(怀柔),北京市北京市怀柔区富乐大街小中富乐一区村一佳板面,6,00:00-24:00,2019/7/26
101143,501143,1,怀柔区·云山中民宿充电桩,北京市北京市怀柔区京加路020县,2,00:00-24:00,2019/7/26
101144,501144,2,怀柔区·云快充汽车充电站(乐成智联下元充电站),北京市北京市怀柔区北京市北京怀柔区开放路京客隆西南侧停车场,4,00:00-24:00,2019/7/26
101145,501145,2,怀柔区·云快充汽车充电站(云快充怀柔劳动大厦充电站),北京市北京市怀柔区开放路86号院怀柔劳动大厦,6,00:00-24:00,2019/7/26
101146,501146,2,怀柔区·云快充汽车充电站(仙台村站),北京市北京市怀柔区111,6,00:00-24:00,2019/7/26
101147,501147,2,怀柔区·云快充汽车充电站(北京三山超级充电站),北京市北京市怀柔区王史山村东,8,00:00-24:00,2019/7/26
101148,501148,2,怀柔区·云快充汽车充电站(北京双杰电气充电站),北京市北京市怀柔区杨雁路与乐园南一街交叉口北100米,1,00:00-24:00,2019/7/26
101149,501149,2,怀柔区·云快充汽车充电站(北京市怀柔区车与家公共充电站),北京市北京市怀柔区雁栖镇八路,2,00:00-24:00,2019/7/26
101150,501150,2,怀柔区·云快充汽车充电站(北京市音乐舞蹈学校)(内部专用),北京市北京市怀柔区富密路与庙城路交叉口东北80米,6,00:00-24:00,2019/7/26
101151,501151,2,怀柔区·云快充汽车充电站(北京智远优充科学城公共充电站),北京市北京市怀柔区怀柔科学城乐园南一街五号,1,00:00-24:00,2019/7/26
101152,501152,4,怀柔区·云快充汽车充电站(北京车与家超充站),北京市北京市怀柔区北房镇裕华路10号,10,00:00-24:00,2019/7/26
101153,501153,2,怀柔区·云快充汽车充电站(南华大街27号楼),北京市北京市怀柔区南华大街与府东一条交叉口北60米,4,00:00-24:00,2019/7/26
101154,501154,2,怀柔区·云快充汽车充电站(四海同心充电站),北京市北京市怀柔区车站路临88号,8,00:00-24:00,2019/7/26
101155,501155,2,怀柔区·云快充汽车充电站(开放环岛),北京市北京市怀柔区地面停车场,2,00:00-24:00,2019/7/26
101156,501156,2,怀柔区·云快充汽车充电站(怀柔城市客厅B8号楼充电站),北京市北京市怀柔区永乐北二街9号院8号楼,4,00:00-24:00,2019/7/26
101157,501157,2,怀柔区·云快充汽车充电站(智远优充开放环岛充电站一期),北京市北京市怀柔区地面停车场,12,00:00-24:00,2019/7/26
101158,501158,2,怀柔区·云快充汽车充电站(顺冠慢充澜西园二区28号楼南侧),北京市北京市怀柔区西园二区28号楼,8,00:00-24:00,2019/7/26
101159,501159,2,怀柔区·云快充汽车充电站(麦壳天香充电站),北京市北京市怀柔区北京麦壳天香酒店地面停车场,1,00:00-24:00,2019/7/26
101160,501160,2,怀柔区·云快充目的地充电站(北京智远优充科学城公共交流充电站,北京市北京市怀柔区怀柔科学城乐园南一街五号,4,00:00-24:00,2019/7/26
101161,501161,2,怀柔区·云快充目的地充电站(壹家喜聚民宿红螺寺店目的地充电桩,北京市北京市怀柔区北京壹家喜聚民宿(红螺寺店),1,00:00-24:00,2019/7/26
101162,501162,2,怀柔区·云快充目的地充电站(怀柔区北房镇幸福大街绿能充电站),北京市北京市怀柔区幸福东园西站,2,00:00-24:00,2019/7/26
101163,501163,2,怀柔区·云快充目的地充电站(怀柔区北房镇龙芸路绿能充电站),北京市北京市怀柔区幸福大街,8,00:00-24:00,2019/7/26
101164,501164,2,怀柔区·云快充目的地充电站(融科充电站北京城边小筑),北京市北京市怀柔区慕田峪村38号,3,00:00-24:00,2019/7/26
101165,501165,2,怀柔区·云快充目的地充电站(融科充电站北京奈斯餐厅),北京市北京市怀柔区大水峪村193号,2,00:00-24:00,2019/7/26
101166,501166,2,怀柔区·云快充目的地充电站(融科充电站北京左邻右里民宿),北京市北京市怀柔区怀北镇大水峪村99号,4,00:00-24:00,2019/7/26
101167,501167,2,怀柔区·云快充目的地充电站(融科充电站北京暖暖亲子民宿),北京市北京市怀柔区怀北镇大水峪村698号,2,00:00-24:00,2019/7/26
101168,501168,2,怀柔区·云快充目的地充电站(融科充电站北京漫拾光卡农野奢民宿,北京市北京市怀柔区雁栖镇交界河村25号,1,00:00-24:00,2019/7/26
101169,501169,2,怀柔区·云快充目的地充电站(融科充电站北京漫拾光溪谷艺术民宿,北京市北京市怀柔区雁栖镇交界河村105号,2,00:00-24:00,2019/7/26
101170,501170,2,怀柔区·云快充目的地充电站(麦步充电站汉庭酒店站),北京市北京市怀柔区杨宋镇凤翔大街11-2号汉庭酒店(北京怀柔杨宋电影学院店),1,00:00-24:00,2019/7/26
101171,501171,4,怀柔区·云快充超级充电站(乐成智充液冷超充),北京市北京市怀柔区红螺寺路大地燃气(红螺寺路西),4,00:00-24:00,2019/7/26
101172,501172,4,怀柔区·云快充超级充电站(北京通天下超充站),北京市北京市怀柔区北房镇杨雁路7号院(重卡站),10,00:00-24:00,2019/7/26
101173,501173,2,怀柔区·云快充超级充电站(铭宇佳业大巴充电站),北京市北京市怀柔区开放东路一号开放广场西北角,2,00:00-24:00,2019/7/26
101174,501174,2,怀柔区·依威能源汽车充电站(HIMAMA锦会农场),北京市北京市怀柔区庙城镇中高路13号,6,00:00-24:00,2019/7/26
101175,501175,3,怀柔区·依威能源汽车充电站(好运农庄),北京市北京市怀柔区雁栖镇范崎路004县,2,00:00-24:00,2019/7/26
101176,501176,3,怀柔区·依威能源汽车充电站(怀柔碧桂园中心地下停车场),北京市北京市怀柔区怀柔镇永泰北街9号院,6,00:00-24:00,2019/7/26
101177,501177,4,怀柔区·依威能源汽车充电站(怀柔碧桂园中心地下停车场站),北京市北京市怀柔区怀柔镇永泰北街9号院怀柔碧桂园中心地下停车场内,1,00:00-24:00,2019/7/26
101178,501178,4,怀柔区·依威能源汽车充电站(怀柔碧桂园中心酒店地下停车场),北京市北京市怀柔区怀柔镇永泰北街9号院,8,00:00-24:00,2019/7/26
101179,501179,1,怀柔区·依威能源汽车充电站(皇后镇度假村),北京市北京市怀柔区雁栖镇x004,1,00:00-24:00,2019/7/26
101180,501180,2,怀柔区·保时捷汽车充电站(渔唐度假酒店目的地充电站),北京市北京市怀柔区渤海镇景峪村梁家峪49号渔唐度假酒店,2,00:00-24:00,2019/7/26
101181,501181,2,怀柔区·公牛充电汽车充电站(北京市桥梓镇秦家东庄村),北京市北京市怀柔区桥梓镇,3,00:00-24:00,2019/7/26
101182,501182,4,怀柔区·北京公交集团充电站,北京市北京市怀柔区开放路怀柔汽车站,4,00:00-24:00,2019/7/26
101183,501183,1,怀柔区·北京怀柔北房小学电动汽车充电站,北京市北京市怀柔区幸福大街与中高路交叉口东180米,1,00:00-24:00,2019/7/26
101184,501184,1,怀柔区·北京汽车汽车充电站(北京京柔东方汽车销售服务有限公司,北京市北京市怀柔区京柔东方汽车销售服务有限公司地面停车场,2,00:00-24:00,2019/7/26
101185,501185,2,怀柔区·叮叮目的地充电站(猪猪农场),北京市北京市怀柔区桥梓镇峪泉湖庄园,10,00:00-24:00,2019/7/26
101186,501186,4,怀柔区·启明充电站(比亚迪4S店),北京市北京市怀柔区杨雁路10号,1,00:00-24:00,2019/7/26
101187,501187,3,怀柔区·国家电网充电站(北京市怀柔区三亩园烧烤城)(暂停营业,北京市北京市怀柔区三亩园烧烤城停车场内,8,00:00-24:00,2019/7/26
101188,501188,2,怀柔区·国家电网充电站(怀柔区怀柔供电公司西侧),北京市北京市怀柔区青春路湖光小区36号,2,00:00-24:00,2019/7/26
101189,501189,2,怀柔区·国家电网充电站(怀柔区长哨营政府),北京市北京市怀柔区长哨营政府内地面停车场,6,00:00-24:00,2019/7/26
101190,501190,1,怀柔区·国家电网冷水峪桥汽车充电站,北京市北京市怀柔区京加路x019号,1,00:00-24:00,2019/7/26
101191,501191,3,怀柔区·国家电网汽车充电站,北京市北京市怀柔区京加路雁栖镇范各庄村路口停车场,8,00:00-24:00,2019/7/26
101192,501192,2,怀柔区·国家电网汽车充电站,北京市北京市怀柔区桥梓镇后桥梓村小型停车场,8,00:00-24:00,2019/7/26
101193,501193,2,怀柔区·国家电网汽车充电站(北京市怀柔区APEC远端停车场),"北京市北京市怀柔区雁栖镇范畦路P5停车场内,怀柔区雁栖镇范畦路安保中心对面D开闭站内",2,00:00-24:00,2019/7/26
101194,501194,3,怀柔区·国家电网汽车充电站(北京市怀柔区东关汽车修理厂充电站,北京市北京市怀柔区迎宾路东东关汽车修理厂地面停车场,3,00:00-24:00,2019/7/26
101195,501195,2,怀柔区·国家电网汽车充电站(北京市怀柔区中榆店村),北京市北京市怀柔区017县道北50米停车场(中榆树店村),1,00:00-24:00,2019/7/26
101196,501196,1,怀柔区·国家电网汽车充电站(北京市怀柔区中石化信富加油站公共,北京市北京市怀柔区雁栖镇中国石化信富加油站,2,00:00-24:00,2019/7/26
101197,501197,2,怀柔区·国家电网汽车充电站(北京市怀柔区中石化杨宋加油站公共,北京市北京市怀柔区杨宋镇中国石化杨宋加油站,4,00:00-24:00,2019/7/26
101198,501198,2,怀柔区·国家电网汽车充电站(北京市怀柔区九渡河水长城公共充电,北京市北京市怀柔区九渡河镇西水峪村水长城旅游景点停车场内,3,00:00-24:00,2019/7/26
101199,501199,1,怀柔区·国家电网汽车充电站(北京市怀柔区京北大世界),北京市北京市怀柔区南华市场西侧地面停车场,4,00:00-24:00,2019/7/26
101200,501200,3,怀柔区·国家电网汽车充电站(北京市怀柔区北房园林基地公共充电,北京市北京市怀柔区北房园林基地,6,00:00-24:00,2019/7/26
101201,501201,1,怀柔区·国家电网汽车充电站(北京市怀柔区北房镇安各庄村),北京市北京市怀柔区安各庄村,2,00:00-24:00,2019/7/26
101202,501202,2,怀柔区·国家电网汽车充电站(北京市怀柔区北房镇幸福东园),北京市北京市怀柔区裕华路与幸福大街交叉口东北60米,8,00:00-24:00,2019/7/26
101203,501203,2,怀柔区·国家电网汽车充电站(北京市怀柔区北房镇幸福东园公共充,北京市北京市怀柔区[],4,00:00-24:00,2019/7/26
101204,501204,2,怀柔区·国家电网汽车充电站(北京市怀柔区北沟村),北京市北京市怀柔区渤海镇北沟村村委会,8,00:00-24:00,2019/7/26
101205,501205,2,怀柔区·国家电网汽车充电站(北京市怀柔区卧佛山庄充电站),北京市北京市怀柔区慕田峪村慕田峪长城停车场内,3,00:00-24:00,2019/7/26
101206,501206,3,怀柔区·国家电网汽车充电站(北京市怀柔区喇叭沟原始森林风景区,北京市北京市怀柔区高寒植物园停车场,1,00:00-24:00,2019/7/26
101207,501207,2,怀柔区·国家电网汽车充电站(北京市怀柔区圣泉寺景区公共充电站,北京市北京市怀柔区圣泉寺景区停车场,1,00:00-24:00,2019/7/26
101208,501208,2,怀柔区·国家电网汽车充电站(北京市怀柔区城区),北京市北京市怀柔区开放路与于家园路交叉口北220米,6,00:00-24:00,2019/7/26
101209,501209,2,怀柔区·国家电网汽车充电站(北京市怀柔区大屯村),北京市北京市怀柔区大屯村停车场(北京盛通恒运汽车配件销售中心东侧),3,00:00-24:00,2019/7/26
101210,501210,2,怀柔区·国家电网汽车充电站(北京市怀柔区宝山寺供电所公共充电,北京市北京市怀柔区宝山寺供电所,4,00:00-24:00,2019/7/26
101211,501211,2,怀柔区·国家电网汽车充电站(北京市怀柔区宝山镇文化活动中心公,北京市北京市怀柔区宝山镇转年村东侧停车场,6,00:00-24:00,2019/7/26
101212,501212,1,怀柔区·国家电网汽车充电站(北京市怀柔区宝山镇道德坑村公共充,北京市北京市怀柔区宝山镇道德坑村西北79米,4,00:00-24:00,2019/7/26
101213,501213,4,怀柔区·国家电网汽车充电站(北京市怀柔区怀北滑雪场公共充电站,北京市北京市怀柔区怀北镇河防口怀北滑雪场内,3,00:00-24:00,2019/7/26
101214,501214,3,怀柔区·国家电网汽车充电站(北京市怀柔区怀北滑雪场公共充电站,北京市北京市怀柔区怀北镇河防口怀北滑雪场内地面停车场,3,00:00-24:00,2019/7/26
101215,501215,3,怀柔区·国家电网汽车充电站(北京市怀柔区怀西庄园充电站),北京市北京市怀柔区西三村怀西庄园停车场,2,00:00-24:00,2019/7/26
101216,501216,2,怀柔区·国家电网汽车充电站(北京市怀柔区杨宋镇仙台村公共充电,北京市北京市怀柔区中影酒店南侧地面停车场,3,00:00-24:00,2019/7/26
101217,501217,2,怀柔区·国家电网汽车充电站(北京市怀柔区杨宋镇供电所公共充电,北京市北京市怀柔区杨宋镇张自口大桥东侧羊世界停车场,2,00:00-24:00,2019/7/26
101218,501218,3,怀柔区·国家电网汽车充电站(北京市怀柔区桥梓镇峪口村),北京市北京市怀柔区台关路195号,12,00:00-24:00,2019/7/26
101219,501219,3,怀柔区·国家电网汽车充电站(北京市怀柔区渤海镇明清栗园公共充,北京市北京市怀柔区明清栗园停车场,4,00:00-24:00,2019/7/26
101220,501220,3,怀柔区·国家电网汽车充电站(北京市怀柔区瀛公馆公寓公共充电站,北京市北京市怀柔区瀛公馆公寓停车场,8,00:00-24:00,2019/7/26
101221,501221,3,怀柔区·国家电网汽车充电站(北京市怀柔区灵慧山景区公共充电站,北京市北京市怀柔区灵慧山景区停车场(甘涧峪北侧),2,00:00-24:00,2019/7/26
101222,501222,3,怀柔区·国家电网汽车充电站(北京市怀柔区石门山景区),北京市北京市怀柔区怀北镇椴树岭村1号石门山景区停车场,3,00:00-24:00,2019/7/26
101223,501223,4,怀柔区·国家电网汽车充电站(北京市怀柔区科学城公共充电站),北京市北京市怀柔区雁栖开发区牤牛河西路北京怀柔科学城管理委员会南门,4,00:00-24:00,2019/7/26
101224,501224,3,怀柔区·国家电网汽车充电站(北京市怀柔区红军庄村公共充电站),北京市北京市怀柔区红军庄村水德广场地面停车场(红军庄公交站南侧),4,00:00-24:00,2019/7/26
101225,501225,2,怀柔区·国家电网汽车充电站(北京市怀柔区芦庄村),北京市北京市怀柔区芦庄村南停车场(小靳饭店对面),4,00:00-24:00,2019/7/26
101226,501226,3,怀柔区·国家电网汽车充电站(北京市怀柔区融城小区南区充电站),北京市北京市怀柔区融城小区南区9号楼西侧地面停车场,2,00:00-24:00,2019/7/26
101227,501227,2,怀柔区·国家电网汽车充电站(北京市怀柔区西三村),北京市北京市怀柔区绿极山庄门口,8,00:00-24:00,2019/7/26
101228,501228,2,怀柔区·国家电网汽车充电站(北京市怀柔区雁栖湖游乐园公共充电,北京市北京市怀柔区规划一路与怀丰公路东侧路交叉口南260米,1,00:00-24:00,2019/7/26
101229,501229,2,怀柔区·国家电网汽车充电站(北京市怀柔区雁栖镇范各庄),北京市北京市怀柔区京加路雁栖镇范各庄村路口,2,00:00-24:00,2019/7/26
101230,501230,2,怀柔区·国家电网汽车充电站(北京市怀柔区青龙峡景区公共充电站,北京市北京市怀柔区青龙峡旅游度假区停车场,2,00:00-24:00,2019/7/26
101231,501231,1,怀柔区·国家电网汽车充电站(北宅村),北京市北京市怀柔区桥梓镇北宅村就业服务中心门口地面停车场,3,00:00-24:00,2019/7/26
101232,501232,3,怀柔区·国家电网汽车充电站(怀柔区庙城镇焦村充电站),北京市北京市怀柔区庙城镇焦村,6,00:00-24:00,2019/7/26
101233,501233,4,怀柔区·国家电网汽车充电站(怀柔城区供电营业厅),北京市北京市怀柔区怀柔供电公司城区供电所门口北侧,10,00:00-24:00,2019/7/26
101234,501234,1,怀柔区·国家电网汽车充电站(杨宋镇羊世界),北京市北京市怀柔区杨宋镇张自口大桥东侧羊世界停车场,1,00:00-24:00,2019/7/26
101235,501235,3,怀柔区·国家电网汽车充电站(桥梓供电所),北京市北京市怀柔区桥梓派出所西侧道路向北直行到头右转地面停车场,1,00:00-24:00,2019/7/26
101236,501236,4,怀柔区·圣泉寺停车场电动汽车充电站,北京市北京市怀柔区圣泉山旅游风景区正门停车场,1,00:00-24:00,2019/7/26
101237,501237,2,怀柔区·壳牌充电汽车充电站(壳牌充电北京怀柔丽兴草堂根据地地,北京市北京市怀柔区九渡河镇二道关村S213东口楼公交站近300米,2,00:00-24:00,2019/7/26
101238,501238,2,怀柔区·壳牌兴怀大街桥下充电站,北京市北京市怀柔区车站路兴怀大街立交桥下地面停车场24,3,00:00-24:00,2019/7/26
101239,501239,2,怀柔区·宝马充电站(宝马站怀柔纳百川酒楼),北京市北京市怀柔区范崎路雁栖不夜谷,6,00:00-24:00,2019/7/26
101240,501240,4,怀柔区·小杰新能源汽车充电站(怀柔科学城A会客厅A栋B2充电,北京市北京市怀柔区怀柔未来科学城城市会客厅A-A栋B2层,1,00:00-24:00,2019/7/26
101241,501241,3,怀柔区·小杰新能源汽车充电站(怀柔科学城A会客厅D栋B2充电,北京市北京市怀柔区怀柔未来科学城城市会客厅-D栋B2层,4,00:00-24:00,2019/7/26
101242,501242,3,怀柔区·小桔充电充电站(众安堂超级充电站),北京市北京市怀柔区北京玛诺生物制药有限公司南门旁,4,00:00-24:00,2019/7/26
101243,501243,1,怀柔区·小桔充电汽车充电站(怀柔金隅科技园报告厅停车场充电站,北京市北京市怀柔区怀北镇北京雁栖湖应用数学研究院,3,00:00-24:00,2019/7/26
101244,501244,2,怀柔区·小桔充电汽车充电站(怀柔金隅科技园综合服务区充电站),北京市北京市怀柔区怀北镇北京雁栖湖应用数学研究院,12,00:00-24:00,2019/7/26
101245,501245,1,怀柔区·小桔充电汽车充电站(首能星华科学城创新小镇慢充充电站,北京市北京市怀柔区工业小区路53号,3,00:00-24:00,2019/7/26
101246,501246,2,怀柔区·小桔充电汽车充电站(首能星华科学城创新小镇液冷超级充,北京市北京市怀柔区雁栖镇工业小区路51号栖美广场(雁栖河西二路)山水酒店门口,10,00:00-24:00,2019/7/26
101247,501247,2,怀柔区·小麦电站汽车充电站(大桥饭店易静听溪民宿),北京市北京市怀柔区怀北镇椴树岭村峪道河临63号,2,00:00-24:00,2019/7/26
101248,501248,2,怀柔区·巧克力换电站(怀柔红螺寺路站)(建设中),北京市北京市怀柔区北京城区北京大地燃气工程有限责任公司,6,00:00-24:00,2019/7/26
101249,501249,2,怀柔区·平高智联汽车充电站(鑫双泉度假村充电站),北京市北京市怀柔区渤海镇苇店村鑫双泉度假村,1,00:00-24:00,2019/7/26
101250,501250,3,怀柔区·开迈斯汽车充电站(北京市人济庄园站),北京市北京市怀柔区桥梓镇人济高尔夫俱乐部人济庄园台关路与郭卧路交叉口北侧953米,1,00:00-24:00,2019/7/26
101251,501251,3,怀柔区·开迈斯汽车充电站(北京市怀柔区青春万达广场地下站),北京市北京市怀柔区府前西街1号院1号楼地下停车场地下三层F区3道F139(青春路驶入),1,00:00-24:00,2019/7/26
101252,501252,3,怀柔区·摩完摩了骑行驿站汽车充电站,北京市北京市怀柔区雁栖镇长元村临531号,4,00:00-24:00,2019/7/26
101253,501253,4,怀柔区·新电途汽车充电站(栗花溪悦精品民宿-悦小厨中餐厅),北京市北京市怀柔区渤海镇三渡河村34号院,6,00:00-24:00,2019/7/26
101254,501254,4,怀柔区·昆仑网电汽车充电站(北京怀柔恒裕超充站),北京市北京市怀柔区北京雁栖经济开发区雁栖大街25号,4,00:00-24:00,2019/7/26
101255,501255,1,怀柔区·星星充电汽车充电站(星星充电-怀柔漫心酒店充电站),北京市北京市怀柔区九渡河镇石湖峪村201号院酒店地下停车场,2,00:00-24:00,2019/7/26
101256,501256,2,怀柔区·星星汽车充电站(北京京柔东方汽车销售服务有限公司),北京市北京市怀柔区庙城镇高两河村西10米地面停车场,2,00:00-24:00,2019/7/26
101257,501257,2,怀柔区·普天充电桩(北京电影学院怀柔校区站),北京市北京市怀柔区祥瑞路50号,6,00:00-24:00,2019/7/26
101258,501258,1,怀柔区·普天新能源充电站(普天新能源光荣院),北京市北京市怀柔区北大街26号北京市怀柔区民政局停车场,3,00:00-24:00,2019/7/26
101259,501259,3,怀柔区·普天新能源汽车充电站(纳百川酒楼站),北京市北京市怀柔区纳百川度假村停车场,12,00:00-24:00,2019/7/26
101260,501260,2,怀柔区·比亚迪闪充汽车充电站(比亚迪北京北方瑞丰4S店),北京市北京市怀柔区庙城镇京密路北京北方瑞丰汽车销售服务有限公司,2,00:00-24:00,2019/7/26
101261,501261,2,怀柔区·比亚迪闪充汽车充电站(比亚迪北京鑫敏恒怀瑾),北京市北京市怀柔区庙城镇501号,8,00:00-24:00,2019/7/26
101262,501262,2,怀柔区·汽车充电站(Offer卧佛山庄充电桩停车场),北京市北京市怀柔区辛桃路2层,4,00:00-24:00,2019/7/26
101263,501263,1,怀柔区·汽车充电站(五一小学站),北京市北京市怀柔区和平路32号,4,00:00-24:00,2019/7/26
101264,501264,1,怀柔区·汽车充电站(亚楠民宿共享充电站),北京市北京市怀柔区琉璃庙镇狼虎哨村21号,1,00:00-24:00,2019/7/26
101265,501265,2,怀柔区·汽车充电站(京瑞恒诚电气北京股份有限公司站),北京市北京市怀柔区怀耿路99号,1,00:00-24:00,2019/7/26
101266,501266,1,怀柔区·汽车充电站(北京公交集团),北京市北京市怀柔区怀柔新医院西侧公交场站,3,00:00-24:00,2019/7/26
101267,501267,4,怀柔区·汽车充电站(派捷充-雁栖国际社区一期B2停车场),北京市北京市怀柔区雁栖国际社区一期B2停车场,2,00:00-24:00,2019/7/26
101268,501268,2,怀柔区·汽车充电站(神堂太公营地快充站),北京市北京市怀柔区雁山路17号,3,00:00-24:00,2019/7/26
101269,501269,2,怀柔区·汽车充电站(隆瑞三优怀柔916路充电站),北京市北京市怀柔区府前东街4号,2,00:00-24:00,2019/7/26
101270,501270,2,怀柔区·汽车充电站(隆瑞三优雁西快充站),北京市北京市怀柔区牤牛河西路29号,10,00:00-24:00,2019/7/26
101271,501271,3,怀柔区·河防口那家客栈汽车充电站,北京市北京市怀柔区怀北镇河防口村那家客栈,2,00:00-24:00,2019/7/26
101272,501272,2,怀柔区·滴滴充电充电站(北京有色金属研究院总院充电站),北京市北京市怀柔区北房镇有色金属研究总院怀柔基地(南门),1,00:00-24:00,2019/7/26
101273,501273,2,怀柔区·滴滴充电汽车充电站(北京怀柔郑重庄充电站),北京市北京市怀柔区北京首怀兴业汽车服务有限公司(大型车辆可充电),4,00:00-24:00,2019/7/26
101274,501274,4,怀柔区·滴滴充电汽车充电站(泊增超充庙城镇政府站),北京市北京市怀柔区庙城地区办事处庙城镇人民政府,3,00:00-24:00,2019/7/26
101275,501275,3,怀柔区·特斯拉充电站(特斯拉目的地充电站雁栖湖高尔夫俱乐部),北京市北京市怀柔区山海赋房车租赁俱乐部东南侧250米,1,00:00-24:00,2019/7/26
101276,501276,2,怀柔区·特斯拉目的地充电站(北京嘉度度假酒店),北京市北京市怀柔区渤海镇渤海所村八渡河岭73号,3,00:00-24:00,2019/7/26
101277,501277,2,怀柔区·特斯拉目的地充电站(北京怀柔宝麓观塘酒店目的地充电站,北京市北京市怀柔区雁栖镇长元村环坨子66号宝麓观塘酒店地上停车场,3,00:00-24:00,2019/7/26
101278,501278,3,怀柔区·特斯拉目的地充电站(北京放风儿民宿目的地充电站),北京市北京市怀柔区河防口村放风民宿地面车位,2,00:00-24:00,2019/7/26
101279,501279,2,怀柔区·特斯拉目的地充电站(北京日出东方目的地充电站),北京市北京市怀柔区雁栖湖南路11号院18幢日出东方凯宾斯基酒店地下车库020、021、022、023地下,2,00:00-24:00,2019/7/26
101280,501280,1,怀柔区·特斯拉目的地充电站(北京鹅和鸭农庄),北京市北京市怀柔区桥梓镇北宅村南,1,00:00-24:00,2019/7/26
101281,501281,2,怀柔区·特斯拉目的地充电站(瓦厂酒店),北京市北京市怀柔区渤海镇北沟村村南100米,2,00:00-24:00,2019/7/26
101282,501282,1,怀柔区·特来电充电站(北京渤海板栗联合会站),北京市北京市怀柔区245乡道与怀黄路交叉口西440米,2,00:00-24:00,2019/7/26
101283,501283,2,怀柔区·特来电汽车充电站(乐成智充科学城一站),北京市北京市怀柔区科学城城市客厅C北区地下停车场,3,00:00-24:00,2019/7/26
101284,501284,2,怀柔区·特来电汽车充电站(乐成智充科学城二站),北京市北京市怀柔区科学城城市客厅C南区地下一层停车场,2,00:00-24:00,2019/7/26
101285,501285,2,怀柔区·特来电汽车充电站(北京九樨餐厅),北京市北京市怀柔区S308(怀长路),1,00:00-24:00,2019/7/26
101286,501286,2,怀柔区·特来电汽车充电站(北京大星发-丽湖店充电站),北京市北京市怀柔区大星发丽湖停车场,2,00:00-24:00,2019/7/26
101287,501287,3,怀柔区·特来电汽车充电站(北京焱聚鹏),北京市北京市怀柔区京加路与龙德行路交叉口南140米,4,00:00-24:00,2019/7/26
101288,501288,2,怀柔区·特来电汽车充电站(特来电北京中建雁栖湖景酒店充电站),北京市北京市怀柔区怀北镇中建雁栖湖景酒店B1层车位120-,8,00:00-24:00,2019/7/26
101289,501289,3,怀柔区·特来电汽车充电站(特来电北京大石窑农家院充电站),北京市北京市怀柔区琉璃庙镇狼虎哨村村委会东1000米,3,00:00-24:00,2019/7/26
101290,501290,4,怀柔区·特来电汽车充电站(特来电北京市怀柔区兴怀大街桥下充电,北京市北京市怀柔区龙山街道火车站路北京荣顺通装卸有限公司,4,00:00-24:00,2019/7/26
101291,501291,2,怀柔区·特来电汽车充电站(特来电北京怀柔北大街1号充电站),北京市北京市怀柔区泉河街道北大街1号金泰苑小区地面停车场,10,00:00-24:00,2019/7/26
101292,501292,2,怀柔区·特来电汽车充电站(特来电北京怀柔新渔乐充电站),北京市北京市怀柔区北大街49号地面停车场,10,00:00-24:00,2019/7/26
101293,501293,3,怀柔区·特来电汽车充电站(特来电北京怀柔红螺寺景区充电站),北京市北京市怀柔区红螺东路2号,8,00:00-24:00,2019/7/26
101294,501294,2,怀柔区·特来电汽车充电站(特来电北京怀柔长城汽修充电站),北京市北京市怀柔区开放东路19号,1,00:00-24:00,2019/7/26
101295,501295,2,怀柔区·特来电汽车充电站(特来电北京怀柔鱼师傅充电站),北京市北京市怀柔区渤苇店村东地面停车场,4,00:00-24:00,2019/7/26
101296,501296,2,怀柔区·特来电汽车充电站(长副坝路),北京市北京市怀柔区X009(怀黄路)地面停车场,12,00:00-24:00,2019/7/26
101297,501297,1,怀柔区·特来电汽车充电站(雁栖湖P5),北京市北京市怀柔区雁栖湖西山步道停车点,2,00:00-24:00,2019/7/26
101298,501298,3,怀柔区·特来电汽车充电站(鹿世界主题公园),北京市北京市怀柔区北辰路1号地面停车场,8,00:00-24:00,2019/7/26
101299,501299,2,怀柔区·特来电目的地充电站(北京市怀柔区雁栖湖火车站充电站),北京市北京市怀柔区雁栖湖站停车场,2,00:00-24:00,2019/7/26
101300,501300,1,怀柔区·特来电目的地充电站(北京市怀柔区雁栖镇优品园北充电站,北京市北京市怀柔区雁栖镇优品园,6,00:00-24:00,2019/7/26
101301,501301,2,怀柔区·特来电目的地充电站(北京市怀柔区雁栖镇光织谷东区充电,北京市北京市怀柔区雁栖镇世嘉光织谷东区,6,00:00-24:00,2019/7/26
101302,501302,1,怀柔区·特来电目的地充电站(北京市怀柔区雁栖镇光织谷西区充电,北京市北京市怀柔区乐园西大街15号院世嘉光织谷西区停车场,1,00:00-24:00,2019/7/26
101303,501303,2,怀柔区·特来电目的地充电站(北京市怀柔区雁栖镇顶秀美泉小镇南,北京市北京市怀柔区雁栖镇顶秀美泉小镇,4,00:00-24:00,2019/7/26
101304,501304,4,怀柔区·特来电目的地充电站(特来电北京怀柔东关丽枫酒店充电站,北京市北京市怀柔区龙山街道东关二区小区丽枫酒店(北京怀柔商业街店),1,00:00-24:00,2019/7/26
101305,501305,2,怀柔区·琉璃庙镇老公营村路边充电桩,北京市北京市怀柔区琉崎路路边,8,00:00-24:00,2019/7/26
101306,501306,2,怀柔区·电动汽车充电站,北京市北京市怀柔区市政园林路与开放路交叉口东40米,3,00:00-24:00,2019/7/26
101307,501307,1,怀柔区·电动汽车充电站(社区站北京市昌平区京电博源双兴苑东区,北京市北京市怀柔区红螺路与红螺寺路交叉口西北40米,2,00:00-24:00,2019/7/26
101308,501308,1,怀柔区·粤万通电瓶单车共享充电站,北京市北京市怀柔区开放路与南大街交叉口西南300米,1,00:00-24:00,2019/7/26
101309,501309,4,怀柔区·能加超充超级充电站 (怀柔行政大厅超充站),北京市北京市怀柔区怀柔区税务服务中心,6,00:00-24:00,2019/7/26
101310,501310,1,怀柔区·能效邻里共享汽车充电站(前街充电站),北京市北京市怀柔区九渡河镇吉寺村前街323号门口,1,00:00-24:00,2019/7/26
101311,501311,2,怀柔区·能效邻里共享汽车充电站(邻里共享充电),北京市北京市怀柔区358号,10,00:00-24:00,2019/7/26
101312,501312,3,怀柔区·蔚景云汽车充电站(融科充电站北京房东花屿客栈),北京市北京市怀柔区怀北镇房东花屿客栈(环镇路1号分店)北京昊哲农家院,1,00:00-24:00,2019/7/26
101313,501313,2,怀柔区·蔚景云汽车充电站(融科充电站北京星野民宿),北京市北京市怀柔区雁栖镇北京星野民宿,6,00:00-24:00,2019/7/26
101314,501314,2,怀柔区·蔚景云汽车充电站(融科充电站北京莫也精品民宿),北京市北京市怀柔区怀北镇300流年行藏,2,00:00-24:00,2019/7/26
101315,501315,3,怀柔区·蔚景云汽车充电站(融科充电站北京隐山小筑民宿),北京市北京市怀柔区雁栖镇范崎路神堂峪自然风景区内(西侧),12,00:00-24:00,2019/7/26
101316,501316,2,怀柔区·蔚来目充站北京隐居乡里牧马人民宿,北京市北京市怀柔区北京利香居食府东北侧260米,1,00:00-24:00,2019/7/26
101317,501317,2,怀柔区·蔚来能源目的地充电站(北京怀柔晏月台度假村),北京市北京市怀柔区怀北镇椴树岭村峪道河1号,6,00:00-24:00,2019/7/26
101318,501318,1,怀柔区·隆瑞三优于家园充电站,北京市北京市怀柔区泉河路与市政园林路交叉口北220米,3,00:00-24:00,2019/7/26
101319,501319,3,怀柔区·隆瑞三优怀柔新医院微循环充电站,北京市北京市怀柔区天和路与永泰北街交叉口北120米,8,00:00-24:00,2019/7/26
101320,501320,2,怀柔区·隆瑞三优汽车充电站(隆瑞三优雁栖充电站快充站),北京市北京市怀柔区牤牛河西路,6,00:00-24:00,2019/7/26
101321,501321,2,怀柔区·首能充电汽车充电站(首能星华),北京市北京市怀柔区工业小区路51号,8,00:00-24:00,2019/7/26
101322,501322,2,怀柔区·驴充充汽车充电站(元熙书舍私汤民宿红螺寺店),北京市北京市怀柔区怀柔镇芦庄村52号(近红螺寺)元熙书舍私汤民宿,1,00:00-24:00,2019/7/26
101323,501323,3,怀柔区·驴充充汽车充电站(凤和二园),北京市北京市怀柔区和平路34号凤和二园,3,00:00-24:00,2019/7/26
101324,501324,1,怀柔区·驴充充汽车充电站(悦静拾光),北京市北京市怀柔区怀柔区九渡河镇九渡河村悦静拾光民宿,3,00:00-24:00,2019/7/26
101325,501325,1,怀柔区·驴充充汽车充电站(车海洋自助洗车站永昌街店),北京市北京市怀柔区永昌街谢发旅店,8,00:00-24:00,2019/7/26
101326,501326,3,怀柔区·驴充充汽车充电站(鱼乐小院怀柔农家菜碳烤虹鳟鱼),北京市北京市怀柔区鱼乐小院地面停车场,2,00:00-24:00,2019/7/26
101327,501327,3,房山区·IE充汽车充电站(北京龙凤阳明),北京市北京市房山区伟星房山运营中心北,2,00:00-24:00,2019/7/26
101328,501328,2,房山区·bp pulse汽车充电站(良乡南关地铁站),北京市北京市房山区拱辰街道南关轻轨南侧停车场东侧(良乡南关地铁站B1南口旁),1,00:00-24:00,2019/7/26
101329,501329,3,房山区·万马新能源紫草坞充电站,北京市北京市房山区紫码路路程汽车销售服务公司西80米,6,00:00-24:00,2019/7/26
101330,501330,2,房山区·万马爱充汽车充电站(万马爱充苏庄西区停车场站),北京市北京市房山区月华大街15号苏庄西区停车场,2,00:00-24:00,2019/7/26
101331,501331,2,房山区·中国石化汽车充电站(中国石化富燕二区北门充电站),北京市北京市房山区向阳街道富燕新村二区北门,3,00:00-24:00,2019/7/26
101332,501332,2,房山区·中国石化汽车充电站(中国石化明峻嘉园充电站),北京市北京市房山区窦店镇窦店村委会东200米路北,4,00:00-24:00,2019/7/26
101333,501333,2,房山区·中国石化汽车充电站(中国石化良乡体育中心充电站),北京市北京市房山区良乡体育中心地面停车场,6,00:00-24:00,2019/7/26
101334,501334,1,房山区·中国石化汽车充电站(中国石化金隅糖充电站),北京市北京市房山区金隅畅和园4号院西1门西北90米,2,00:00-24:00,2019/7/26
101335,501335,2,房山区·中国石化汽车充电站(中国石化长沟超级充电站),北京市北京市房山区中国石化长沟加油站西北100米,2,00:00-24:00,2019/7/26
101336,501336,3,房山区·中国石化汽车充电站(中国石化阎村重卡充电站),北京市北京市房山区阎村镇阎吕路中国石化阎村加油站,6,00:00-24:00,2019/7/26
101337,501337,1,房山区·中国石化汽车充电站(新红充电站),北京市北京市房山区周口店镇新街村,1,00:00-24:00,2019/7/26
101338,501338,2,房山区·中国石化汽车充电站(星城南充电站),北京市北京市房山区阎村镇昊腾家园中国石化国普加油站东北,3,00:00-24:00,2019/7/26
101339,501339,1,房山区·中国石化汽车充电站(燕山石化厂区北门充电站),北京市北京市房山区迎风街道西区职工停车场,2,00:00-24:00,2019/7/26
101340,501340,3,房山区·中国石化汽车充电站(燕山综合服务站充电站),北京市北京市房山区东风街道中国石化储运氢能加油加气站,1,00:00-24:00,2019/7/26
101341,501341,2,房山区·中国石化汽车充电站(窦店镇政府充电站),北京市北京市房山区窦店一区6号物美超市对面,6,00:00-24:00,2019/7/26
101342,501342,2,房山区·中国石化汽车充电站(良乡镇政府充电站),北京市北京市房山区拱辰街道黑鲁路良乡镇政府,12,00:00-24:00,2019/7/26
101343,501343,2,房山区·中国石化汽车充电站(苏庄海悦城充电站),北京市北京市房山区西潞街道苏庄海悦城地上停车场,3,00:00-24:00,2019/7/26
101344,501344,1,房山区·中国石化汽车充电站(长沟充电站),北京市北京市房山区房易路318号,4,00:00-24:00,2019/7/26
101345,501345,1,房山区·中国石化汽车充电站(饶乐府充电站),北京市北京市房山区城关街道饶乐府新村万利广场地面停车场内,4,00:00-24:00,2019/7/26
101346,501346,4,房山区·中国石化超级充电站(马各庄充电站),北京市北京市房山区马各庄福瑞停车场充电站,1,00:00-24:00,2019/7/26
101347,501347,2,房山区·云快充目的地充电站(房山天瑞嘉园交流充电站),北京市北京市房山区中铁二十二局天瑞嘉园,6,00:00-24:00,2019/7/26
101348,501348,2,房山区·云快充超级充电站(京雄高速房山停车区进京),北京市北京市房山区京雄高速房山南停车区(高速上),3,00:00-24:00,2019/7/26
101349,501349,2,房山区·云快充超级充电站(宽湾液冷超级充电站),北京市北京市房山区房山汽车园西门旁,3,00:00-24:00,2019/7/26
101350,501350,2,房山区·云快充超级充电站(窦店服务区充电站进京方向),北京市北京市房山区窦店服务区,1,00:00-24:00,2019/7/26
101351,501351,2,房山区·云快充超级充电站(窦店服务区充电站进京方向),北京市北京市房山区窦店服务区,3,00:00-24:00,2019/7/26
101352,501352,2,房山区·云快充超级充电站(韩村河进京超级充电站),北京市北京市房山区韩村河服务区进京反向,3,00:00-24:00,2019/7/26
101353,501353,2,房山区·充小兽汽车充电站(华宇站),北京市北京市房山区主题雕塑广场(南关东路南),2,00:00-24:00,2019/7/26
101354,501354,1,房山区·充电桩慢充,北京市北京市房山区苹果园路,8,00:00-24:00,2019/7/26
101355,501355,2,房山区·充电站,北京市北京市房山区韩村河龙门口旅游区水库南侧地面停车场,8,00:00-24:00,2019/7/26
101356,501356,2,房山区·充电队长汽车充电站(绿地缤纷城),北京市北京市房山区黄辛庄路口东南角绿地新都,6,00:00-24:00,2019/7/26
101357,501357,2,房山区·北京燕龙充电站,北京市北京市房山区城关街道化工四厂桥南18米,4,00:00-24:00,2019/7/26
101358,501358,4,房山区·北京车联网汽车充电站(京良路液冷超充),北京市北京市房山区长阳镇长兴东街10号,2,00:00-24:00,2019/7/26
101359,501359,1,房山区·卫莱电汽车充电站(北京科化石油充电站),北京市北京市房山区北京科化石油化工有限公司东南(良坨路北),6,00:00-24:00,2019/7/26
101360,501360,2,房山区·国家电网充电站(良乡保良汽修厂),北京市北京市房山区京周路北侧大石河路口良乡保良汽修厂,6,00:00-24:00,2019/7/26
101361,501361,1,房山区·国家电网汽车充电站(京昆高速韩村河服务区公共充电站北,北京市北京市房山区京昆高速韩村河服务区进京方向,1,00:00-24:00,2019/7/26
101362,501362,3,房山区·国家电网汽车充电站(京昆高速韩村河服务区公共充电站昆,北京市北京市房山区京昆高速韩村河服务区(出京方向)地面停车场,8,00:00-24:00,2019/7/26
101363,501363,1,房山区·国家电网汽车充电站(京港澳高速窦店服务区公共充电站北,北京市北京市房山区京港澳高速窦店服务区(进京方向)停车场,3,00:00-24:00,2019/7/26
101364,501364,2,房山区·国家电网汽车充电站(京港澳高速窦店服务区公共充电站港,北京市北京市房山区窦店服务区内地面停车场,3,00:00-24:00,2019/7/26
101365,501365,2,房山区·国家电网汽车充电站(北京市房山区万亩梨园园中园),北京市北京市房山区琉璃河镇万亩梨园园中园绿色生态休闲农庄院内,1,00:00-24:00,2019/7/26
101366,501366,2,房山区·国家电网汽车充电站(北京市房山区三八石英厂公共充电站,北京市北京市房山区阎村镇阎河路西三八石英厂地面停车场,3,00:00-24:00,2019/7/26
101367,501367,2,房山区·国家电网汽车充电站(北京市房山区上石堡村充电站),北京市北京市房山区霞云岭派出所北侧路边停车场,2,00:00-24:00,2019/7/26
101368,501368,1,房山区·国家电网汽车充电站(北京市房山区中山寺遗址充电站),北京市北京市房山区云居寺路与云房路交叉口东侧地面停车场,2,00:00-24:00,2019/7/26
101369,501369,2,房山区·国家电网汽车充电站(北京市房山区京东方生命科技产业基,北京市北京市房山区窦店镇北京京东方生命科技产业基地,1,00:00-24:00,2019/7/26
101370,501370,2,房山区·国家电网汽车充电站(北京市房山区八渡高山漂流公共充电,北京市北京市房山区十渡镇八渡村高山漂流东南门停车场,4,00:00-24:00,2019/7/26
101371,501371,2,房山区·国家电网汽车充电站(北京市房山区北潞园农商银行充电站,北京市北京市房山区地面停车场(北潞芳东北),3,00:00-24:00,2019/7/26
101372,501372,3,房山区·国家电网汽车充电站(北京市房山区十渡东湖港风景区南门,"北京市北京市房山区十渡镇十大路北50米,东湖港风景区南门东停车场",2,00:00-24:00,2019/7/26
101373,501373,1,房山区·国家电网汽车充电站(北京市房山区十渡拒马乐园公共充电,北京市北京市房山区房山十渡风景名胜区拒马乐园地面停车场,2,00:00-24:00,2019/7/26
101374,501374,2,房山区·国家电网汽车充电站(北京市房山区南召),北京市北京市房山区琉璃镇东南召村南,4,00:00-24:00,2019/7/26
101375,501375,1,房山区·国家电网汽车充电站(北京市房山区周口店文化广场),北京市北京市房山区周口店镇京周路周口店村文化广场地面停车场,2,00:00-24:00,2019/7/26
101376,501376,2,房山区·国家电网汽车充电站(北京市房山区坨头村充电站),北京市北京市房山区石楼镇坨头村文化广场东侧地面停车场,12,00:00-24:00,2019/7/26
101377,501377,2,房山区·国家电网汽车充电站(北京市房山区大高舍村充电站),北京市北京市房山区窦店镇大高舍村北侧公共停车场,6,00:00-24:00,2019/7/26
101378,501378,3,房山区·国家电网汽车充电站(北京市房山区天湖国际酒店公共充电,北京市北京市房山区青龙湖镇天湖会议中心停车场,6,00:00-24:00,2019/7/26
101379,501379,3,房山区·国家电网汽车充电站(北京市房山区小清河公园南侧公共充,北京市北京市房山区长阳镇清苑北街小清河公园西南侧停车场,2,00:00-24:00,2019/7/26
101380,501380,1,房山区·国家电网汽车充电站(北京市房山区广阳西路公共超级充电,北京市北京市房山区拱辰街道北京电力房山供电公司,8,00:00-24:00,2019/7/26
101381,501381,4,房山区·国家电网汽车充电站(北京市房山区张坊镇),北京市北京市房山区张房镇政府文化广场地面停车场(国网张坊营业厅北侧),2,00:00-24:00,2019/7/26
101382,501382,2,房山区·国家电网汽车充电站(北京市房山区惠景新苑小区充电站),北京市北京市房山区河北镇惠景新苑小区6号楼西侧停车场,6,00:00-24:00,2019/7/26
101383,501383,2,房山区·国家电网汽车充电站(北京市房山区房山四中公共充电站),北京市北京市房山区城关街道四中家属楼地面停车场,2,00:00-24:00,2019/7/26
101384,501384,2,房山区·国家电网汽车充电站(北京市房山区文化广场公共充电站),北京市北京市房山区苏庄大街6号地面停车场(苏庄地铁站A1北口步行440米),10,00:00-24:00,2019/7/26
101385,501385,1,房山区·国家电网汽车充电站(北京市房山区河北镇公共充电站),北京市北京市房山区河北镇辛庄公交站对面地面停车场,1,00:00-24:00,2019/7/26
101386,501386,2,房山区·国家电网汽车充电站(北京市房山区珍华金属结构厂),北京市北京市房山区阎村镇阎河路北珍华金属结构厂地面停车场,8,00:00-24:00,2019/7/26
101387,501387,2,房山区·国家电网汽车充电站(北京市房山区百草畔自然风景区充电,北京市北京市房山区杏林苑观光采摘园南侧路边停车场,3,00:00-24:00,2019/7/26
101388,501388,2,房山区·国家电网汽车充电站(北京市房山区窑上),北京市北京市房山区窑上供电所,2,00:00-24:00,2019/7/26
101389,501389,2,房山区·国家电网汽车充电站(北京市房山区窦店汽车城充电站),北京市北京市房山区窦店汽车城院内北侧地面停车场,1,00:00-24:00,2019/7/26
101390,501390,1,房山区·国家电网汽车充电站(北京市房山区篱笆房轻轨站停车场充,北京市北京市房山区篱笆房地铁站东侧停车场内,8,00:00-24:00,2019/7/26
101391,501391,1,房山区·国家电网汽车充电站(北京市房山区良乡夏庄社区公共超级,北京市北京市房山区夏庄社区服务中心综合楼西(翠柳西路南),3,00:00-24:00,2019/7/26
101392,501392,2,房山区·国家电网汽车充电站(北京市房山区良乡大学城西地铁站停,北京市北京市房山区良乡大学城西地铁站东北侧P+R地面停车场,2,00:00-24:00,2019/7/26
101393,501393,2,房山区·国家电网汽车充电站(北京市房山区蒲洼花台公共充电站),北京市北京市房山区蒲洼乡东村停车场,1,00:00-24:00,2019/7/26
101394,501394,4,房山区·国家电网汽车充电站(北京市房山区襄驸马庄村充电站),北京市北京市房山区石楼镇襄驸马庄村文化健身广场地面停车场,8,00:00-24:00,2019/7/26
101395,501395,2,房山区·国家电网汽车充电站(北京市房山区长阳体育公园公共充电,北京市北京市房山区长阳镇体育公园南侧地面停车场455,3,00:00-24:00,2019/7/26
101396,501396,1,房山区·国家电网汽车充电站(北京市房山区阎村镇南梨园村充电站,北京市北京市房山区阎村镇南梨园村地面停车场,12,00:00-24:00,2019/7/26
101397,501397,2,房山区·国家电网汽车充电站(北京市房山区霞云岭金水湖景区),北京市北京市房山区霞云岭乡霞云岭村山水人家停车场,3,00:00-24:00,2019/7/26
101398,501398,4,房山区·国家电网汽车充电站(北京市房山区青龙湖镇水峪村充电站,北京市北京市房山区青龙湖镇水峪村停车场,1,00:00-24:00,2019/7/26
101399,501399,2,房山区·国家电网汽车充电站(北京市房山区饶乐府地铁站公共充电,北京市北京市房山区饶乐府地铁站北口向南50米处地面停车场(消防中队北),6,00:00-24:00,2019/7/26
101400,501400,2,房山区·国家电网汽车充电站(北京市房山区首都西南旅游集散中心,北京市北京市房山区北京基金小镇国际会议中心停车场,3,00:00-24:00,2019/7/26
101401,501401,2,房山区·国家电网汽车充电站(北京市房山区黄山店村公共充电站),北京市北京市房山区坡峰岭1号地面停车场,8,00:00-24:00,2019/7/26
101402,501402,3,房山区·国家电网汽车充电站(房山区十渡镇平急两用保障中心充电,北京市北京市房山区十大路19号,12,00:00-24:00,2019/7/26
101403,501403,2,房山区·国家电网汽车充电站(房山区十渡镇综合文化中心充电站),北京市北京市房山区十渡大街66号,8,00:00-24:00,2019/7/26
101404,501404,2,房山区·国家电网汽车充电站(燕山轻轨站停车场),北京市北京市房山区吉利石油燕房路加油站北侧地面停车场,2,00:00-24:00,2019/7/26
101405,501405,2,房山区·国家电网汽车充电站(良乡花卉市场智汇港充电站),北京市北京市房山区良乡花卉市场,2,00:00-24:00,2019/7/26
101406,501406,2,房山区·天瑞嘉园汽车充电站,北京市北京市房山区京深路夏场村53号,2,00:00-24:00,2019/7/26
101407,501407,2,房山区·小易充电充电站(加州水郡),北京市北京市房山区长阳松园西路加州水郡商业广场地面停车场,1,00:00-24:00,2019/7/26
101408,501408,4,房山区·小桔充电汽车充电站(京西速电超充站·燕山原香嘉苑),北京市北京市房山区城关镇洪寺村原香嘉苑东区东南侧地面停车场146,3,00:00-24:00,2019/7/26
101409,501409,3,房山区·小桔充电汽车充电站(北京房山中润通充电站),北京市北京市房山区京深路与纬二路交叉口西北80米,4,00:00-24:00,2019/7/26
101410,501410,3,房山区·小桔充电汽车充电站(北京房山区中央城惠民停车场),北京市北京市房山区长阳镇长政北街FCC中央城地面停车场(北侧),2,00:00-24:00,2019/7/26
101411,501411,1,房山区·小桔充电汽车充电站(北京房山区吴店停车场),北京市北京市房山区拱辰街道昊天大街16号地面停车场340,1,00:00-24:00,2019/7/26
101412,501412,2,房山区·小桔充电汽车充电站(北京房山希尔顿充电站),北京市北京市房山区阎村镇阎富路66号院1号楼地下停车场,6,00:00-24:00,2019/7/26
101413,501413,1,房山区·小桔充电汽车充电站(北京房山昊天公园),北京市北京市房山区拱辰街道良乡东路78号昊天公园内(南侧),2,00:00-24:00,2019/7/26
101414,501414,2,房山区·小桔充电汽车充电站(北京房山窦店于庄超级),北京市北京市房山区大窦路与大于路交叉口北220米,4,00:00-24:00,2019/7/26
101415,501415,2,房山区·小桔充电汽车充电站(北京房山苏宁),北京市北京市房山区拱辰大街99号地面停车场,1,00:00-24:00,2019/7/26
101416,501416,1,房山区·小桔充电汽车充电站(大苑村小村96号),北京市北京市房山区良坨路15号,2,00:00-24:00,2019/7/26
101417,501417,2,房山区·小桔充电汽车充电站(开能北京太平庄东里充电站),北京市北京市房山区太平庄东里北区停车场,6,00:00-24:00,2019/7/26
101418,501418,2,房山区·小桔充电汽车充电站(米街超级液冷充电站),北京市北京市房山区长政南街与长营路交叉口东南80米,6,00:00-24:00,2019/7/26
101419,501419,2,房山区·小桔充电汽车充电站(绿地启航.燕房电力),北京市北京市房山区拱辰街道辰光东路启航国际3期社会地面停车场,2,00:00-24:00,2019/7/26
101420,501420,1,房山区·小桔充电汽车充电站(鲸悦能源-长阳部长林南侧),北京市北京市房山区长阳镇永兴街共和国部长纪念林,2,00:00-24:00,2019/7/26
101421,501421,2,房山区·小鹏超级充电站(小鹏-bp S5超快充北京良乡南关站,北京市北京市房山区长虹东路8号院(入口长虹东路),8,00:00-24:00,2019/7/26
101422,501422,2,房山区·小鹏超级充电站(小鹏S4超快充北京房山印象城站),北京市北京市房山区长阳镇广阳新路9号院1号楼北京房山印象城地下停车场,2,00:00-24:00,2019/7/26
101423,501423,2,房山区·小鹏超级充电站(小鹏S4超快充北京房山绿地启航站),北京市北京市房山区广艺街与辰光东路交叉口东南180米启航国际3期地面停车场,12,00:00-24:00,2019/7/26
101424,501424,4,房山区·广汽能源汽车充电站(广汽能源北京房山澎湃汽车园超充站,北京市北京市房山区阎村镇北京沃德龙鼎汽车销售有限公司,2,00:00-24:00,2019/7/26
101425,501425,4,房山区·广汽能源汽车充电站(广汽能源北京房山窦店汇豪酒店超充,北京市北京市房山区汇豪国际酒店,2,00:00-24:00,2019/7/26
101426,501426,4,房山区·广汽能源汽车充电站(广汽能源北京房山良乡大学城超充站,北京市北京市房山区i洗车24小时自助洗车,4,00:00-24:00,2019/7/26
101427,501427,2,房山区·开迈斯汽车充电站(北京市龙湖房山天街地下站),北京市北京市房山区政通南路2号院1号楼龙湖天街B2层停车场A045车位,3,00:00-24:00,2019/7/26
101428,501428,2,房山区·房山南停车区电动汽车充电站,北京市北京市房山区S3601京雄高速与房山南停车区交叉口西南360米,1,00:00-24:00,2019/7/26
101429,501429,1,房山区·房山南停车区电动汽车充电站,北京市北京市房山区S3601京雄高速与房山南停车区交叉口东南340米,3,00:00-24:00,2019/7/26
101430,501430,2,房山区·房山希尔顿欢朋酒店蔚来换电站,北京市北京市房山区大件路甲8号,8,00:00-24:00,2019/7/26
101431,501431,2,房山区·新电途汽车充电站(全季北京房山长阳航天城电子科技园酒,北京市北京市房山区长阳航天城电子科技园酒店,6,00:00-24:00,2019/7/26
101432,501432,4,房山区·昆仑网电汽车充电站(中国石油北京房山人民公园超充站),北京市北京市房山区拱辰北大街1正,4,00:00-24:00,2019/7/26
101433,501433,3,房山区·昆仑网电汽车充电站(中国石油北京房山北关充电站),北京市北京市房山区美廉美超市房山北关店停车场,2,00:00-24:00,2019/7/26
101434,501434,4,房山区·昆仑网电汽车充电站(中国石油北京房山碳中和公园超充站,北京市北京市房山区碳中和公园,4,00:00-24:00,2019/7/26
101435,501435,4,房山区·昆仑网电汽车充电站(中国石油房山京南便民生活广场超充,北京市北京市房山区凯旋大街魅力宝贝幼儿园西南侧停车场,2,00:00-24:00,2019/7/26
101436,501436,3,房山区·昆仑网电汽车充电站(中国石油房山加州水郡东区充电站),北京市北京市房山区长阳镇加州水郡东区商业广场进入口右转,3,00:00-24:00,2019/7/26
101437,501437,2,房山区·昆仑网电汽车充电站(中国石油房山大学城东羊庄充电站),北京市北京市房山区阳光南大街东羊庄新村东南角,3,00:00-24:00,2019/7/26
101438,501438,3,房山区·昆仑网电汽车充电站(中国石油房山窦店金鑫苑充电站),北京市北京市房山区大窦路西金鑫苑小区停车场,10,00:00-24:00,2019/7/26
101439,501439,1,房山区·昆仑网电汽车充电站(北京房山东方1956文创园充电场,北京市北京市房山区顾八路20号,4,00:00-24:00,2019/7/26
101440,501440,2,房山区·星星充电-石楼充电站,北京市北京市房山区石楼镇支楼村六股道北京鑫源丰收餐饮有限公司,6,00:00-24:00,2019/7/26
101441,501441,2,房山区·星星充电汽车充电站(内部专用星星充电-房山-良乡监狱,北京市北京市房山区良乡监狱,6,00:00-24:00,2019/7/26
101442,501442,2,房山区·星星充电汽车充电站(房山区-信息大学),北京市北京市房山区中国信息大学北侧地面停车场,12,00:00-24:00,2019/7/26
101443,501443,3,房山区·星星充电汽车充电站(房山良乡充电站),北京市北京市房山区良乡镇鲁村南路富凯玻璃厂,6,00:00-24:00,2019/7/26
101444,501444,2,房山区·星星充电汽车充电站(星星充电-北京时代广场地下快充站,北京市北京市房山区拱辰街道学园北街26号院北京时代广场地下停车场F005,2,00:00-24:00,2019/7/26
101445,501445,3,房山区·星星充电汽车充电站(星星充电-房山-中关村前沿产业园,北京市北京市房山区窦店镇弘安路,6,00:00-24:00,2019/7/26
101446,501446,3,房山区·星星充电汽车充电站(星星充电-房山-华冠物流园),北京市北京市房山区华冠物流园区停车场,3,00:00-24:00,2019/7/26
101447,501447,4,房山区·星星充电汽车充电站(星星充电-房山-熙兆嘉园充电站),北京市北京市房山区长阳镇首开熙悦山澜庭地下停车场032,4,00:00-24:00,2019/7/26
101448,501448,2,房山区·星星充电汽车充电站(星星充电-房山-燃气开发中心充电,北京市北京市房山区良乡拱辰北大街43号地面停车场,4,00:00-24:00,2019/7/26
101449,501449,2,房山区·星星充电汽车充电站(良乡南关地铁超级充电站),北京市北京市房山区拱辰街道星光五金机电建材城,4,00:00-24:00,2019/7/26
101450,501450,3,房山区·星星充电汽车充电站(辛庄村辛朝路充电站),北京市北京市房山区青龙湖镇大辛路,4,00:00-24:00,2019/7/26
101451,501451,2,房山区·朗新能源投资有限公司汽车充电站(小朗充电-宜青街2号,北京市北京市房山区青龙湖镇宜青街2号院地面停车位,3,00:00-24:00,2019/7/26
101452,501452,4,房山区·极氪能源超级充电站(北京房山区财富广场超充站),北京市北京市房山区拱辰大街98号财富广场地面停车场004,2,00:00-24:00,2019/7/26
101453,501453,2,房山区·极氪能源超级充电站(北京房山启航国际极充站),北京市北京市房山区辰光东路16号院启航国际3期地下停车场负二层001-008号车位,2,00:00-24:00,2019/7/26
101454,501454,2,房山区·极狐汽车充电站(试运营房山印象城),北京市北京市房山区北京房山印象城地下停车场B2层D区,1,00:00-24:00,2019/7/26
101455,501455,4,房山区·极狐汽车充电站(龙湖熙悦天街超充站),北京市北京市房山区拱辰街道长于大街28号熙悦天街地下停车场,4,00:00-24:00,2019/7/26
101456,501456,2,房山区·比亚迪闪充汽车充电站(北京京良路车联网),北京市北京市房山区五和万科长阳天地长兴东街12号院,4,00:00-24:00,2019/7/26
101457,501457,1,房山区·比亚迪闪充汽车充电站(比亚迪北京润珵4S店),北京市北京市房山区阎村镇北京润城汽车维修有限公司4S店检验发牌服务站澎湃汽车公园,3,00:00-24:00,2019/7/26
101458,501458,2,房山区·比亚迪闪充汽车充电站(比亚迪北京润迪),北京市北京市房山区昊天大街9号院(圣火广场),1,00:00-24:00,2019/7/26
101459,501459,1,房山区·比亚迪闪充汽车充电站(比亚迪北京润迪澎湃4S店),北京市北京市房山区昊天大街太阳圣火广场,2,00:00-24:00,2019/7/26
101460,501460,2,房山区·汽车充电站(中国石化裕恒通站),北京市北京市房山区拱辰街道昊天大街174号裕恒通家居广场地面停车场,4,00:00-24:00,2019/7/26
101461,501461,3,房山区·汽车充电站(中石油昆仑网电房山首创奥莱站),北京市北京市房山区京良路100号,1,00:00-24:00,2019/7/26
101462,501462,3,房山区·汽车充电站(公共站汐歌儿张坊镇大峪沟村优易充小站),北京市北京市房山区房易路19号遇见民宿东,6,00:00-24:00,2019/7/26
101463,501463,3,房山区·汽车充电站(国家电网长阳供电所站),北京市北京市房山区长阳路地面停车场,10,00:00-24:00,2019/7/26
101464,501464,4,房山区·汽车充电站(小桔充电京西速电超充站城关九洲站),北京市北京市房山区城关街道兴房大街九洲兴达家园A区停车场南侧,4,00:00-24:00,2019/7/26
101465,501465,4,房山区·汽车充电站(小鹏超充北京太阳圣火广场站),北京市北京市房山区长阳镇太阳圣火广场(入口京周路),8,00:00-24:00,2019/7/26
101466,501466,2,房山区·汽车充电站(房山区篱笆房轻轨站停车场),北京市北京市房山区房山篱笆房P+R地面停车场,6,00:00-24:00,2019/7/26
101467,501467,3,房山区·汽车充电站(首创·紫悦台西南),北京市北京市房山区京良路100号,4,00:00-24:00,2019/7/26
101468,501468,2,房山区·汽车充电站(首发能源京昆高速韩村河服务区出京方向),北京市北京市房山区韩村河服务区,3,00:00-24:00,2019/7/26
101469,501469,2,房山区·汽车充电站(首发能源京港澳高速窦店服务区出京方向),北京市北京市房山区窦店服务区内,3,00:00-24:00,2019/7/26
101470,501470,3,房山区·派捷充汽车充电站(天阁58商务连锁酒店充电站),北京市北京市房山区兴房大街36号,4,00:00-24:00,2019/7/26
101471,501471,3,房山区·滴滴充电充电站(北京市房山区长阳镇长兴街万科停车场内,北京市北京市房山区长兴东街与篱笆园南路交叉口东60米,10,00:00-24:00,2019/7/26
101472,501472,4,房山区·滴滴充电充电站(极狐-龙湖熙悦天街超充站),北京市北京市房山区阜盛西街与水碾屯北路交叉口西南20米,2,00:00-24:00,2019/7/26
101473,501473,3,房山区·滴滴充电汽车充电站,北京市北京市房山区良乡镇黑鲁路绿甜田,3,00:00-24:00,2019/7/26
101474,501474,2,房山区·滴滴充电汽车充电站(中国信息大学北侧停车场充电站),北京市北京市房山区窦店镇下坡店村中国信息大学北侧(水墨林溪东南门路北侧)停车场,2,00:00-24:00,2019/7/26
101475,501475,2,房山区·滴滴充电汽车充电站(中石化龙禹阎村充电站),北京市北京市房山区北京航天至信检测技术有限公司,6,00:00-24:00,2019/7/26
101476,501476,1,房山区·滴滴充电汽车充电站(京西速电·原香嘉苑统建统服),北京市北京市房山区城关街道小桔充电汽车充电站(京西速电超充站),2,00:00-24:00,2019/7/26
101477,501477,1,房山区·滴滴充电汽车充电站(京西速电交流站·鲁村西口),北京市北京市房山区良乡镇黑鲁路华曦农创谷,1,00:00-24:00,2019/7/26
101478,501478,3,房山区·滴滴充电汽车充电站(北京房山时光汇充电站),北京市北京市房山区拱辰街道时光汇华亨国际中心,2,00:00-24:00,2019/7/26
101479,501479,2,房山区·滴滴充电汽车充电站(原香漫谷.燕房电力充电站),北京市北京市房山区城关街道圣水嘉名东侧路原香漫谷一区,4,00:00-24:00,2019/7/26
101480,501480,2,房山区·滴滴充电汽车充电站(房山区质量监督局充电站),北京市北京市房山区拱辰街道拱辰大街42号北京市房山区质量技术监督局,4,00:00-24:00,2019/7/26
101481,501481,3,房山区·滴滴充电汽车充电站(房山区长阳路-鲸悦能源充电站),北京市北京市房山区北京政产学研资讯技术研究院停车场,1,00:00-24:00,2019/7/26
101482,501482,2,房山区·滴滴充电汽车充电站(房山大董村-鲸悦能源充电站),北京市北京市房山区阎村镇007县道星城北里B区(星城地铁站A2口步行220米),2,00:00-24:00,2019/7/26
101483,501483,4,房山区·滴滴充电汽车充电站(拱辰1954文创园炫煜智充超充站,北京市北京市房山区拱辰街道拱辰1954文创园国泰良辰百货,2,00:00-24:00,2019/7/26
101484,501484,3,房山区·滴滴充电汽车充电站(米街超级液冷充电站),北京市北京市房山区长阳镇首开·熙悦山澜庭(长阳地铁站B南口步行310米),8,00:00-24:00,2019/7/26
101485,501485,1,房山区·滴滴充电汽车充电站(良乡大学城地铁站慢充站),北京市北京市房山区小桔充电汽车充电站(长阳熙悦天街南侧公共停车场超级),10,00:00-24:00,2019/7/26
101486,501486,1,房山区·燕新路19号院中关村材料创新谷充电站,北京市北京市房山区丁东路26号,6,00:00-24:00,2019/7/26
101487,501487,3,房山区·特斯拉超级充电站(北京房山太阳圣火广场),北京市北京市房山区京良路太阳圣火广场/入口京周路,1,00:00-24:00,2019/7/26
101488,501488,2,房山区·特斯拉超级充电站(北京房山熙悦天街),北京市北京市房山区良乡东路与长于大街交汇处北侧熙悦天街地下停车场B2层B2-C-439至444车位对面/入口阜盛西街,2,00:00-24:00,2019/7/26
101489,501489,3,房山区·特斯拉超级充电站(房山龙湖天街),北京市北京市房山区拱辰北大街龙湖天街地下停车场B2层C区,8,00:00-24:00,2019/7/26
101490,501490,4,房山区·特来电充电站(圣火超充站),北京市北京市房山区长阳镇太阳圣火广场地面停车场,1,00:00-24:00,2019/7/26
101491,501491,2,房山区·特来电汽车充电站(中恒中央城快充站),北京市北京市房山区中央城(长阳地铁站B南口步行380米),1,00:00-24:00,2019/7/26
101492,501492,1,房山区·特来电汽车充电站(中恒房山星德充电站),北京市北京市房山区阎村镇祥德通商贸有限公司万谷铸管总经销,3,00:00-24:00,2019/7/26
101493,501493,2,房山区·特来电汽车充电站(北京鸿顺园小区),北京市北京市房山区长虹东路与揽秀南大街交界西南地面停车场D25,2,00:00-24:00,2019/7/26
101494,501494,2,房山区·特来电汽车充电站(特来电北京太阳圣火广场中恒超能充电,北京市北京市房山区京周路与京良桥交叉口北200米太阳圣火广场,1,00:00-24:00,2019/7/26
101495,501495,2,房山区·特来电汽车充电站(特来电北京燕化医院星城分院),北京市北京市房山区星城街道北京燕化医院星城分院急诊科地面停车场008,2,00:00-24:00,2019/7/26
101496,501496,2,房山区·特来电汽车充电站(特来电北京联东U谷房山奥得赛科技园,北京市北京市房山区城关街道联东U谷·北京房山科技园地面停车场,1,00:00-24:00,2019/7/26
101497,501497,4,房山区·理想超级充电站(理想5C超充站京港澳高速窦店服务区北,北京市北京市房山区窦店服务区,6,00:00-24:00,2019/7/26
101498,501498,4,房山区·理想超级充电站(理想5C超充站京港澳高速窦店服务区港,北京市北京市房山区窦店服务区,3,00:00-24:00,2019/7/26
101499,501499,4,房山区·理想超级充电站(理想5C超充站北京房山区昊天大街近米,北京市北京市房山区吴店地面停车场,10,00:00-24:00,2019/7/26
101500,501500,4,房山区·理想超级充电站(理想超充站北京启航国际3期),北京市北京市房山区启航国际3期停车场,10,00:00-24:00,2019/7/26
101501,501501,4,房山区·理想超级充电站(理想超充站北京房山区篱笆园南路停车场,北京市北京市房山区长兴东街10号,6,00:00-24:00,2019/7/26
101502,501502,2,房山区·电动车充电站,北京市北京市房山区苏庄西街与苏庄中路交叉口西北180米,3,00:00-24:00,2019/7/26
101503,501503,2,房山区·窦店于庄超级充电站,北京市北京市房山区于庄村,4,00:00-24:00,2019/7/26
101504,501504,4,房山区·能加超充超级充电站(房山良乡大学城西站超充站·华为超,北京市北京市房山区良乡大学城西地面停车场,6,00:00-24:00,2019/7/26
101505,501505,2,房山区·能效邻里共享汽车充电站(辛庄快充),北京市北京市房山区泉湖西路1号院,6,00:00-24:00,2019/7/26
101506,501506,2,房山区·能效邻里共享汽车充电站(顾册快充站),北京市北京市房山区顾册村3区19号,2,00:00-24:00,2019/7/26
101507,501507,2,房山区·腾付充汽车充电站(迎风一里建设银行充电站),北京市北京市房山区燕山迎风街1号,2,00:00-24:00,2019/7/26
101508,501508,2,房山区·蔚来换电站G4京港澳高速窦店服务区(北京方向),北京市北京市房山区窦店镇窦店服务区,4,00:00-24:00,2019/7/26
101509,501509,3,房山区·蔚来能源超级充电站(北京方向G4京港澳高速窦店服务区,北京市北京市房山区窦店服务区(进京方向)入口处右手边地面停车场,6,00:00-24:00,2019/7/26
101510,501510,2,房山区·超翔汽车充电站(绿地翠庭),北京市北京市房山区绿地翠庭小区北院地下车库,1,00:00-24:00,2019/7/26
101511,501511,2,房山区·陈家台汽车充电站,北京市北京市房山区108国道复线附近,3,00:00-24:00,2019/7/26
101512,501512,2,房山区·隆瑞三优窦店村993路汽车充电站,北京市北京市房山区X007(大窦路),8,00:00-24:00,2019/7/26
101513,501513,2,房山区·韩村河村充电站,北京市北京市房山区韩村河旅游景村东门停车场,1,00:00-24:00,2019/7/26
101514,501514,4,房山区·顺顺充超级充电站(茂电·顺顺充拱辰家园超充站),北京市北京市房山区拱辰街道拱辰南大街36号大南郊商厦,6,00:00-24:00,2019/7/26
101515,501515,2,房山区·驿充电汽车充电站(北京房山星城三里充电站),北京市北京市房山区星城服务站东行30米,3,00:00-24:00,2019/7/26
101516,501516,2,昌平区·CAMS开迈斯超级充电站(两岸共赢科技产业园),北京市北京市昌平区马池口镇横桥村顺沙路两岸共赢科技产业园院内停车场,10,00:00-24:00,2019/7/26
101517,501517,2,昌平区·Hi ZOOM汽车充电站(Hi ZOOM充电站奥北森,北京市北京市昌平区丽湖园公寓东南侧210米,3,00:00-24:00,2019/7/26
101518,501518,4,昌平区·Hi ZOOM汽车充电站(Hi ZOOM超充站上东体,北京市北京市昌平区奥北公园路与42公里绿道交叉口东180米,4,00:00-24:00,2019/7/26
101519,501519,4,昌平区·Hi ZOOM汽车充电站(Hi ZOOM超充站奥北森,北京市北京市昌平区奥北森林公园二期东门停车场,8,00:00-24:00,2019/7/26
101520,501520,2,昌平区·bp pulse汽车充电站(北京冠庭),北京市北京市昌平区回龙观西大街辅路与行知路交叉口东北80米,1,00:00-24:00,2019/7/26
101521,501521,1,昌平区·万城万充汽车充电站(腾讯众创空间),北京市北京市昌平区北回归线停车场,1,00:00-24:00,2019/7/26
101522,501522,1,昌平区·中国石化汽车充电站(中国石化昌平东关充电站),北京市北京市昌平区昌平欢朋希尔顿酒店(昌平东关地铁站A西北口步行70米),3,00:00-24:00,2019/7/26
101523,501523,2,昌平区·中国石化汽车充电站(中国石化煌潮大酒店充电站),北京市北京市昌平区城南街道科技园区中兴路10号1号楼,4,00:00-24:00,2019/7/26
101524,501524,2,昌平区·中国石化汽车充电站(沙河东充电站),北京市北京市昌平区沙河镇巩华城大街67号,3,00:00-24:00,2019/7/26
101525,501525,2,昌平区·中国石化汽车充电站(沙河西充电站),北京市北京市昌平区沙河镇巩华大街76号路段西100米,3,00:00-24:00,2019/7/26
101526,501526,4,昌平区·中国石化汽车充电站(老牛湾充电站),北京市北京市昌平区沙河镇老牛湾南街2号,3,00:00-24:00,2019/7/26
101527,501527,2,昌平区·中国石化汽车充电站(西关充电站),北京市北京市昌平区城北街道中国石化西关加油站东南侧,2,00:00-24:00,2019/7/26
101528,501528,2,昌平区·云快充(互联接入)汽车充电站(鲲鹏祥瑞西马坊),北京市北京市昌平区阳坊镇西马坊村委会西侧,12,00:00-24:00,2019/7/26
101529,501529,2,昌平区·云快充(互联接入汽车充电站鲲鹏祥瑞东沙中联万家),北京市北京市昌平区东沙各庄村村东中联万家超市停车场,8,00:00-24:00,2019/7/26
101530,501530,2,昌平区·云快充兴寿汽车充电站(安四路店),北京市北京市昌平区兴寿镇兴寿村788号,4,00:00-24:00,2019/7/26
101531,501531,2,昌平区·云快充汽车充电站(京供华商百泉庄充电站),北京市北京市昌平区百泉庄村东高速辅路,2,00:00-24:00,2019/7/26
101532,501532,2,昌平区·云快充汽车充电站(京赫能源东贯市充电站),北京市北京市昌平区沙阳路与阳坊南桥交叉口东南120米,2,00:00-24:00,2019/7/26
101533,501533,2,昌平区·云快充汽车充电站(天通苑北三角地充电站),北京市北京市昌平区天通苑北三角地(天通苑地铁站C口步行430米),8,00:00-24:00,2019/7/26
101534,501534,2,昌平区·云快充汽车充电站(百葛服务区充电站出京方向),北京市北京市昌平区北京城区北京百葛服务区,4,00:00-24:00,2019/7/26
101535,501535,2,昌平区·云快充汽车充电站(百葛服务区充电站进京方向),北京市北京市昌平区北京城区北京百葛服务区,8,00:00-24:00,2019/7/26
101536,501536,2,昌平区·云快充汽车充电站(鲲鹏祥瑞-东沙各庄充电站),北京市北京市昌平区立汤路东沙各庄村中国石化王府加油站南侧10米,10,00:00-24:00,2019/7/26
101537,501537,2,昌平区·云快充汽车充电站(鲲鹏祥瑞南农家园充电站),北京市北京市昌平区南口镇南农家园东门南侧地面停车场,1,00:00-24:00,2019/7/26
101538,501538,2,昌平区·云快充汽车充电站(鲲鹏祥瑞天通苑充电站),北京市北京市昌平区太平庄北街与中滩村路交叉口北侧地面停车场,10,00:00-24:00,2019/7/26
101539,501539,2,昌平区·云快充目的地充电站(京供华商百泉庄交流桩充电站),北京市北京市昌平区百泉庄村东高速辅路,1,00:00-24:00,2019/7/26
101540,501540,2,昌平区·云快充超级充电站(九州畅行西坨超级充电站),北京市北京市昌平区马池口镇西坨村东停车场,2,00:00-24:00,2019/7/26
101541,501541,4,昌平区·云快充超级充电站(八仙庄超充站),北京市北京市昌平区北七家镇八曹路与八仙庄北大街交叉口,1,00:00-24:00,2019/7/26
101542,501542,2,昌平区·云快充超级充电站(北京特充未来科学城充电站),北京市北京市昌平区北七家镇未来科学城融尚未来家园岭上东路6号院地上停车场,1,00:00-24:00,2019/7/26
101543,501543,2,昌平区·云快充超级充电站(快充无忧西山口充电站),北京市北京市昌平区西山口地铁站西南268米,2,00:00-24:00,2019/7/26
101544,501544,2,昌平区·云快充超级充电站(未来科学城北七家充电站)(暂停营业,北京市北京市昌平区北七家镇北七家村昌海液化气站西侧院内,2,00:00-24:00,2019/7/26
101545,501545,2,昌平区·云快充超级充电站(鲲鹏祥瑞旧县村直流充电站),北京市北京市昌平区旧县村北,1,00:00-24:00,2019/7/26
101546,501546,2,昌平区·京供华商百泉庄充电站,北京市北京市昌平区百泉庄村东侧京藏辅路附近,3,00:00-24:00,2019/7/26
101547,501547,3,昌平区·充小兽汽车充电站(水屯站),北京市北京市昌平区喆·咖酒店北京昌平科技园店地面停车场,3,00:00-24:00,2019/7/26
101548,501548,2,昌平区·充电桩,北京市北京市昌平区西坨村221号,6,00:00-24:00,2019/7/26
101549,501549,2,昌平区·北京智充新能源汽车充电站(Hi ZOOM充电站奥北森,北京市北京市昌平区奥北森林公园东门停车场,1,00:00-24:00,2019/7/26
101550,501550,4,昌平区·北京智充新能源汽车充电站(Hi ZOOM超充站上东体,北京市北京市昌平区北京市太平庄中街上东体育中心地面停车场,12,00:00-24:00,2019/7/26
101551,501551,4,昌平区·国家电网兴寿充电桩,北京市北京市昌平区兴寿镇邮局北侧150米,4,00:00-24:00,2019/7/26
101552,501552,2,昌平区·国家电网汽车充电站(京礼高速上店服务区充电站北京方向,北京市北京市昌平区上店服务区停车场(北京方向),2,00:00-24:00,2019/7/26
101553,501553,1,昌平区·国家电网汽车充电站(京礼高速上店服务区充电站崇礼方向,北京市北京市昌平区上店服务区(崇礼方向),1,00:00-24:00,2019/7/26
101554,501554,2,昌平区·国家电网汽车充电站(京藏高速百葛服务区公共充电站北京,北京市北京市昌平区百葛高速路服务区进京方向,12,00:00-24:00,2019/7/26
101555,501555,2,昌平区·国家电网汽车充电站(北京市昌平区中国石油科技创新基地,北京市北京市昌平区中国石油创新基地A12地块停车场,6,00:00-24:00,2019/7/26
101556,501556,1,昌平区·国家电网汽车充电站(北京市昌平区中国石油科技创新基地,北京市北京市昌平区中国石油科技创新基地东侧停车场,6,00:00-24:00,2019/7/26
101557,501557,1,昌平区·国家电网汽车充电站(北京市昌平区乐多港奥特莱斯),北京市北京市昌平区旧县旧西路乐多港奥特莱斯北区地面停车场,2,00:00-24:00,2019/7/26
101558,501558,2,昌平区·国家电网汽车充电站(北京市昌平区仙人洞村),北京市北京市昌平区十三陵镇中山口路仙人洞村村南停车场,1,00:00-24:00,2019/7/26
101559,501559,2,昌平区·国家电网汽车充电站(北京市昌平区八达岭奥特莱斯),北京市北京市昌平区八达岭奥特莱斯地面停车场,1,00:00-24:00,2019/7/26
101560,501560,2,昌平区·国家电网汽车充电站(北京市昌平区北七家名佳花园),北京市北京市昌平区七北路速8酒店院内,2,00:00-24:00,2019/7/26
101561,501561,2,昌平区·国家电网汽车充电站(北京市昌平区北七家提香源海鲜酒楼,北京市北京市昌平区北七家镇八仙别墅路北商业地面停车场,6,00:00-24:00,2019/7/26
101562,501562,3,昌平区·国家电网汽车充电站(北京市昌平区南口镇政府),北京市北京市昌平区南辛路6号,4,00:00-24:00,2019/7/26
101563,501563,3,昌平区·国家电网汽车充电站(北京市昌平区天通苑供电所公共充电,"北京市北京市昌平区太平庄中一街靠近天通中苑第一社区,天通苑供电所停车场",2,00:00-24:00,2019/7/26
101564,501564,3,昌平区·国家电网汽车充电站(北京市昌平区奥北森林公园二期南园,北京市北京市昌平区太平庄中街奥北森林公园二期,12,00:00-24:00,2019/7/26
101565,501565,2,昌平区·国家电网汽车充电站(北京市昌平区小汤山文化广场公共充,北京市北京市昌平区顺沙路北侧(小汤山文化广场地面停车场内),4,00:00-24:00,2019/7/26
101566,501566,4,昌平区·国家电网汽车充电站(北京市昌平区昌平供电公司公共充电,北京市北京市昌平区永安路33号昌平供电公司营业厅地面停车场,2,00:00-24:00,2019/7/26
101567,501567,2,昌平区·国家电网汽车充电站(北京市昌平区温榆河公园充电站),北京市北京市昌平区温榆河公园未来智谷60号门停车场,2,00:00-24:00,2019/7/26
101568,501568,4,昌平区·国家电网汽车充电站(北京市昌平区燕子口村公共充电站),北京市北京市昌平区燕子口公交站西南方向公共停车场,4,00:00-24:00,2019/7/26
101569,501569,3,昌平区·国家电网汽车充电站(北京市昌平区白各庄新村西一区),北京市北京市昌平区白各庄新村西一区西侧停车场最北侧,3,00:00-24:00,2019/7/26
101570,501570,3,昌平区·国家电网汽车充电站(北京市昌平区百沙路公共超级充电站,北京市北京市昌平区沙河镇国家电网(沙河供电所营业厅),3,00:00-24:00,2019/7/26
101571,501571,2,昌平区·国家电网汽车充电站(北京市昌平区阳坊镇西贯市村公共充,北京市北京市昌平区阳坊镇温南路38号地面停车场,4,00:00-24:00,2019/7/26
101572,501572,1,昌平区·国家电网汽车充电站(北京市昌平区马池口供电所公共),北京市北京市昌平区马池口镇北京钢铁集团建材专卖场西侧地面停车场,6,00:00-24:00,2019/7/26
101573,501573,2,昌平区·国家电网汽车充电站(大广高速土沟服务区公共充电站广州,北京市北京市昌平区京承高速土沟服务区(广州方向),3,00:00-24:00,2019/7/26
101574,501574,2,昌平区·国家电网汽车充电站(定陵机场路定陵机场西邻),北京市北京市昌平区长陵镇定陵路口西200米,8,00:00-24:00,2019/7/26
101575,501575,4,昌平区·国家电网汽车充电站(昌平文化区),北京市北京市昌平区育知西路通达园向东风雅园三区停车场,1,00:00-24:00,2019/7/26
101576,501576,2,昌平区·国家电网汽车充电站(生命园西环路),北京市北京市昌平区创新大厦地面停车场,8,00:00-24:00,2019/7/26
101577,501577,2,昌平区·国家电网汽车充电站(生命科学园地铁站停车场公共),北京市北京市昌平区生命科学园地面停车场0006(生命科学园地铁站B2南口步行280米),1,00:00-24:00,2019/7/26
101578,501578,2,昌平区·国家电网汽车充电站(金榜园北),北京市北京市昌平区金榜园小区(城北龙城医院对面),2,00:00-24:00,2019/7/26
101579,501579,2,昌平区·国网充电桩,北京市北京市昌平区上奤路与水南路交叉口北260米,1,00:00-24:00,2019/7/26
101580,501580,2,昌平区·壳牌充电汽车充电站(壳牌充电北京中国石油大学地面充电,北京市北京市昌平区府学路18号,8,00:00-24:00,2019/7/26
101581,501581,2,昌平区·壳牌充电汽车充电站(壳牌充电北京昌平国华加油站地面快,北京市北京市昌平区回龙观镇定福黄庄74号国华加油站内,1,00:00-24:00,2019/7/26
101582,501582,2,昌平区·壳牌充电汽车充电站(壳牌充电北京昌平新龙城地面快充站,北京市北京市昌平区回龙观昌平路380号院新龙城一期西南50米,3,00:00-24:00,2019/7/26
101583,501583,2,昌平区·壳牌充电汽车充电站(壳牌充电北京昌平菓岭假日广场地面,北京市北京市昌平区昌崔路203号菓岭假日广场地面停车场,8,00:00-24:00,2019/7/26
101584,501584,4,昌平区·壳牌充电超级充电站(壳牌充电北京昌平宏福科技园地面超,北京市北京市昌平区北七家镇北清路10号院宏福创业园23号,2,00:00-24:00,2019/7/26
101585,501585,2,昌平区·壳牌充电超级充电站(壳牌充电北京昌平龙乡停车场地面快,北京市北京市昌平区龙乡停车场,1,00:00-24:00,2019/7/26
101586,501586,4,昌平区·壳牌蔚云府汽车充电站,北京市北京市昌平区昌平蔚云府停车场地下一层,8,00:00-24:00,2019/7/26
101587,501587,4,昌平区·奥特迅超充站(北京昌平南郝庄充电站),北京市北京市昌平区郝庄家园南区附近,8,00:00-24:00,2019/7/26
101588,501588,4,昌平区·小惠易电超级充电站(王府街超充站),北京市北京市昌平区北清路422号,4,00:00-24:00,2019/7/26
101589,501589,2,昌平区·小桔充电(纳帕澜郡充电站),北京市北京市昌平区沙顺路88号,3,00:00-24:00,2019/7/26
101590,501590,2,昌平区·小桔充电汽车充电站(BP快速充电站北京昌平枫树),北京市北京市昌平区温哥华森林地面停车场(出入口),4,00:00-24:00,2019/7/26
101591,501591,2,昌平区·小桔充电汽车充电站(BP快速充电站北京昌平银事达停车,北京市北京市昌平区霍营街道北京京一蓝物业管理有限公司根据定位即可到达停车场入口,2,00:00-24:00,2019/7/26
101592,501592,3,昌平区·小桔充电汽车充电站(北京昌平九华山庄充电站),北京市北京市昌平区顺沙路与常后路交叉口北420米,10,00:00-24:00,2019/7/26
101593,501593,2,昌平区·小桔充电汽车充电站(北京昌平于辛庄),北京市北京市昌平区沙河镇于辛庄路18号未来科学城(建设中),4,00:00-24:00,2019/7/26
101594,501594,3,昌平区·小桔充电汽车充电站(北京昌平区宏福),北京市北京市昌平区宏福大道与上白路交叉口北180米地面停车场1302,6,00:00-24:00,2019/7/26
101595,501595,2,昌平区·小桔充电汽车充电站(北京昌平区用电无忧白浮),北京市北京市昌平区地面停车场,3,00:00-24:00,2019/7/26
101596,501596,3,昌平区·小桔充电汽车充电站(北京昌平区福安顺),北京市北京市昌平区地面停车场,2,00:00-24:00,2019/7/26
101597,501597,1,昌平区·小桔充电汽车充电站(北京昌平林溪),北京市北京市昌平区百善镇D BEER GARDEN(顺驰林溪店)地面停车场,2,00:00-24:00,2019/7/26
101598,501598,1,昌平区·小桔充电汽车充电站(北京昌平科教中心),北京市北京市昌平区龙泽园街道回龙观东大街195号院地下停车场10A100,1,00:00-24:00,2019/7/26
101599,501599,4,昌平区·小桔充电汽车充电站(北京昌平青秀尚城),北京市北京市昌平区南邵中国铁建青秀尚城地下车库(B2层)地下停车场,6,00:00-24:00,2019/7/26
101600,501600,1,昌平区·小桔充电汽车充电站(北京昌平麦店充电站),北京市北京市昌平区兴寿镇昌金路充电站临街,3,00:00-24:00,2019/7/26
101601,501601,2,昌平区·小桔充电汽车充电站(南郝庄),北京市北京市昌平区城北街道南郝庄路进停车场即到,4,00:00-24:00,2019/7/26
101602,501602,1,昌平区·小桔充电汽车充电站(南郝庄慢充站),北京市北京市昌平区南郝庄村,8,00:00-24:00,2019/7/26
101603,501603,4,昌平区·小桔充电汽车充电站(宝来电八仙庄超充站),北京市北京市昌平区天权路与天宣北街交叉口北60米,4,00:00-24:00,2019/7/26
101604,501604,1,昌平区·小桔充电汽车充电站(平西府充电站),北京市北京市昌平区北清路98号,6,00:00-24:00,2019/7/26
101605,501605,1,昌平区·小桔充电汽车充电站(燕丹慢充站),北京市北京市昌平区太平庄北街与七星路交叉口东南160米,2,00:00-24:00,2019/7/26
101606,501606,1,昌平区·小桔充电汽车充电站(特速冲燕丹超级充电站),北京市北京市昌平区北七家镇太平庄北街地面停车场,8,00:00-24:00,2019/7/26
101607,501607,2,昌平区·小桔充电汽车充电站(用电无忧龙锦二街),北京市北京市昌平区霍营街道龙锦二街龙锦二街-道路停车位变电站右侧,6,00:00-24:00,2019/7/26
101608,501608,2,昌平区·小桔充电汽车充电站(金河充电桩一期),北京市北京市昌平区沙河金河嘉苑小区西北100米(小大路南),2,00:00-24:00,2019/7/26
101609,501609,2,昌平区·小桔充电站(北京昌平店上村),北京市北京市昌平区店上村进门直行即到,6,00:00-24:00,2019/7/26
101610,501610,4,昌平区·小桔汽车充电站(京西速电液冷超充·白浮泉路),北京市北京市昌平区城南街道白浮泉路18号,1,00:00-24:00,2019/7/26
101611,501611,2,昌平区·小鹏超级充电站(小鹏S4超快充北京回龙观全季酒店站),北京市北京市昌平区龙泽园街道北京回龙观全季酒店(入口行知路),6,00:00-24:00,2019/7/26
101612,501612,2,昌平区·小鹏超级充电站(小鹏S4超快充北京天通苑太海路站),北京市北京市昌平区北七家镇太平庄北街地面停车场(入口太海路),1,00:00-24:00,2019/7/26
101613,501613,2,昌平区·小鹏超级充电站(小鹏S4超快充北京霍营地铁站),北京市北京市昌平区回龙观街道黄平路28号(入口黄平路),3,00:00-24:00,2019/7/26
101614,501614,4,昌平区·广汽能源汽车充电站(广汽能源北京昌平华星冰上运动中心,北京市北京市昌平区华星青少年冰上运动中心(沙河馆),1,00:00-24:00,2019/7/26
101615,501615,4,昌平区·广汽能源汽车充电站(广汽能源北京昌平君巢酒店超充站),北京市北京市昌平区海白路与立汤路交叉口东南140米,2,00:00-24:00,2019/7/26
101616,501616,4,昌平区·广汽能源汽车充电站(广汽能源北京昌平碧水大厦超充站),北京市北京市昌平区沙河镇如家商旅酒店(北京碧水庄园朱辛庄地铁站店)喆啡酒店,6,00:00-24:00,2019/7/26
101617,501617,4,昌平区·广汽能源汽车充电站(广汽能源北京昌平马池口北小营超充,北京市北京市昌平区杰俊旅社,8,00:00-24:00,2019/7/26
101618,501618,2,昌平区·开迈斯汽车充电站(北京市昌平区气象科技园站站),北京市北京市昌平区城北街道G6中国气象科技园地面停车场,6,00:00-24:00,2019/7/26
101619,501619,4,昌平区·恒华超级充电站(北京超极合生汇超充站·华为超充技术支,北京市北京市昌平区生命科学园地铁站超级合生汇B3停车场E区E7,3,00:00-24:00,2019/7/26
101620,501620,2,昌平区·新电途汽车充电站(中研旗航修正产业园超级充电站),"北京市北京市昌平区北七家镇郑上路,修正产业园",1,00:00-24:00,2019/7/26
101621,501621,3,昌平区·新电途汽车充电站(中研旗航北控科技大厦充电站),北京市北京市昌平区白浮泉路10号地面停车场,6,00:00-24:00,2019/7/26
101622,501622,4,昌平区·新电途汽车充电站(优速得悦荟湾超充站),北京市北京市昌平区优速得悦荟湾超充站,4,00:00-24:00,2019/7/26
101623,501623,2,昌平区·新电途汽车充电站(北京特充天通苑北充电站),北京市北京市昌平区天通苑生态休闲公园东南门停车场,2,00:00-24:00,2019/7/26
101624,501624,3,昌平区·新电途汽车充电站(北京特充未来科学城充电站),北京市北京市昌平区未来科学城融尚未来岭上东路6号院地上停车场,12,00:00-24:00,2019/7/26
101625,501625,2,昌平区·新电途汽车充电站(未来科学城北七家充电站),北京市北京市昌平区未来科学城北七家充电站,6,00:00-24:00,2019/7/26
101626,501626,4,昌平区·新电途汽车充电站(橡树园回龙观超充站北京昌平回龙观联,北京市北京市昌平区龙泽园街道中国联通回龙观营业厅(南1门)中国联通,1,00:00-24:00,2019/7/26
101627,501627,3,昌平区·昆仑网电汽车充电站(中国石油北京昌平区平西府充电站),北京市北京市昌平区北七家农商行平西府分理处内停车场,4,00:00-24:00,2019/7/26
101628,501628,1,昌平区·昆仑网电汽车充电站(中国石油北京昌平沙河地铁充电站),北京市北京市昌平区沙河镇于辛庄路天利和家园南100米,10,00:00-24:00,2019/7/26
101629,501629,2,昌平区·昆仑网电汽车充电站(中国石油北京昌平温德姆酒店充电站,北京市北京市昌平区昌平路319号北京龙城华美达酒店停车场,1,00:00-24:00,2019/7/26
101630,501630,3,昌平区·昆仑网电汽车充电站(中国石油北京昌平简式充电站),北京市北京市昌平区简式国际汽车设计(北京)有限公司园区内,3,00:00-24:00,2019/7/26
101631,501631,4,昌平区·昆仑网电汽车充电站(中国石油北京昌平西关环岛超充站),北京市北京市昌平区S216路侧停车场,1,00:00-24:00,2019/7/26
101632,501632,4,昌平区·昆仑网电汽车充电站(中国石油昌平北清路王府街超充站),北京市北京市昌平区北清路422号,2,00:00-24:00,2019/7/26
101633,501633,2,昌平区·昆仑网电汽车充电站(中国石油碧肯山充电站),北京市北京市昌平区顺沙路与顺驰南路交叉路口林溪物业侧停车场,1,00:00-24:00,2019/7/26
101634,501634,2,昌平区·星星充电汽车充电站(昌平-且亭山水酒店),北京市北京市昌平区朝凤北路8号地面停车场,1,00:00-24:00,2019/7/26
101635,501635,2,昌平区·星星充电汽车充电站(星星充电-中国电子昌平科技园公共,北京市北京市昌平区城南街道中国电子昌平科技园,3,00:00-24:00,2019/7/26
101636,501636,3,昌平区·星星充电汽车充电站(泰康研修院),北京市北京市昌平区史各庄街道生命科学园西路12号中关村生命科学园地下停车场B2,1,00:00-24:00,2019/7/26
101637,501637,2,昌平区·极氪能源汽车充电站(北京中联万家超市昌平店极充站),北京市北京市昌平区北七家镇东沙各庄村东北路5号中联万家超市地面停车位023号车位对面,2,00:00-24:00,2019/7/26
101638,501638,3,昌平区·极氪能源超级充电站(北京首开LONG街极充站),北京市北京市昌平区龙锦二街与霍营西路交叉口南320米首开LONG街地下停车场负一层013-017号车位,3,00:00-24:00,2019/7/26
101639,501639,2,昌平区·比亚迪闪充汽车充电站(北京昌平南郝庄),北京市北京市昌平区城北街道南郝庄路进停车场即到,1,00:00-24:00,2019/7/26
101640,501640,2,昌平区·比亚迪闪充汽车充电站(北京昌平霍营地铁站车联网),北京市北京市昌平区回龙观街道黄平路28号(入口黄平路),2,00:00-24:00,2019/7/26
101641,501641,2,昌平区·比亚迪闪充汽车充电站(北京昌平龙锦二街龙锦苑),北京市北京市昌平区霍营街道龙锦二街56号,4,00:00-24:00,2019/7/26
101642,501642,2,昌平区·比亚迪闪充汽车充电站(方程豹北京环耀之光4S店),北京市北京市昌平区北七家镇立汤路70号北辰亚运村汽车交易市场,2,00:00-24:00,2019/7/26
101643,501643,2,昌平区·比亚迪闪充汽车充电站(比亚迪北京润迪4S店),北京市北京市昌平区城北街道八达岭高速路西西关加油站北侧3号,3,00:00-24:00,2019/7/26
101644,501644,1,昌平区·比亚迪闪充汽车充电站(比亚迪北京润迪海洋4S店),北京市北京市昌平区北七家镇平西府派出所户籍室未来科学城(建设中),3,00:00-24:00,2019/7/26
101645,501645,2,昌平区·比亚迪闪充汽车充电站(比亚迪北京瑞鹏之星4S店),北京市北京市昌平区北七家镇立汤路107号,1,00:00-24:00,2019/7/26
101646,501646,2,昌平区·比亚迪闪充汽车充电站(腾势北京和谐跃腾中心),北京市北京市昌平区G6辅路与南郝庄路交叉口西100米,6,00:00-24:00,2019/7/26
101647,501647,1,昌平区·比亚迪闪充汽车充电站(闪充北京乐华仕健康产业园充电站,北京市北京市昌平区城南街道振兴路38号乐华仕健康产业园,1,00:00-24:00,2019/7/26
101648,501648,2,昌平区·汽车充电站(人保昌平站),北京市北京市昌平区中国人民财产保险股份有限公司昌平支公司地面停车场,10,00:00-24:00,2019/7/26
101649,501649,2,昌平区·汽车充电站(公共站昌平区京电博源西贯市村南街停车场优,北京市北京市昌平区阳坊镇西贯市村南街停车场,2,00:00-24:00,2019/7/26
101650,501650,1,昌平区·汽车充电站(特来电北京华联商厦天通苑店),北京市北京市昌平区华联商厦B2停车场内,2,00:00-24:00,2019/7/26
101651,501651,2,昌平区·汽车充电站(百葛服务区),北京市北京市昌平区白浮南桥与满白路交叉口南240米,10,00:00-24:00,2019/7/26
101652,501652,2,昌平区·汽车充电站(首发能源京承高速土沟服务区进京方向站),北京市北京市昌平区未来科学城土沟服务区西侧,10,00:00-24:00,2019/7/26
101653,501653,2,昌平区·汽车换电站(北京方向S11京承高速土沟服务区蔚来换电,北京市北京市昌平区未来科学城东路与英才北一街交叉口东120米,4,00:00-24:00,2019/7/26
101654,501654,3,昌平区·滴滴充电汽车充电站(中石化龙禹昌平温都水城充电站),北京市北京市昌平区北七家镇温都水城旅游景区,4,00:00-24:00,2019/7/26
101655,501655,3,昌平区·滴滴充电汽车充电站(云和桥昌平三合庄充电站),北京市北京市昌平区三合庄西路102号院地面停车场北侧,3,00:00-24:00,2019/7/26
101656,501656,3,昌平区·滴滴充电汽车充电站(京供华商回龙观街道南充电站),北京市北京市昌平区回龙观街道金榜园西侧路,4,00:00-24:00,2019/7/26
101657,501657,4,昌平区·滴滴充电汽车充电站(京供华商百泉庄超充站),北京市北京市昌平区云快充汽车充电站(京供华商百泉庄充电站),1,00:00-24:00,2019/7/26
101658,501658,2,昌平区·滴滴充电汽车充电站(京供华商百泉花园充电站),北京市北京市昌平区马池口镇济泉慧康艾灸养生馆百泉庄旗舰店百泉花园,6,00:00-24:00,2019/7/26
101659,501659,2,昌平区·滴滴充电汽车充电站(北京市昌平区北七家镇八仙庄北大街,北京市北京市昌平区北七家镇八曹路未来科学城(建设中),8,00:00-24:00,2019/7/26
101660,501660,2,昌平区·滴滴充电汽车充电站(北京快充无忧七间房充电站),北京市北京市昌平区南口镇雪山北路,4,00:00-24:00,2019/7/26
101661,501661,1,昌平区·滴滴充电汽车充电站(北京昌平住总万科天地充电站),北京市北京市昌平区沙河镇TBD新五街商业中心TBD住总万科天地安居路7号院地下,1,00:00-24:00,2019/7/26
101662,501662,4,昌平区·滴滴充电汽车充电站(北京霍营地铁站充电站),北京市北京市昌平区回龙观街道北京收乐吧停车场管理有限公司从黄平路进入道闸后向左前方直行从黄平路进入道闸后向左前方直行,2,00:00-24:00,2019/7/26
101663,501663,4,昌平区·滴滴充电汽车充电站(回龙观体育文化公园超充站),"北京市北京市昌平区龙泽园街道龙腾街龙腾街-道路停车位在B1层C区,停车场出口处",2,00:00-24:00,2019/7/26
101664,501664,4,昌平区·滴滴充电汽车充电站(宝来电八仙庄超充站),北京市北京市昌平区北七家镇天权路未来科学城(建设中)进入道闸左转,2,00:00-24:00,2019/7/26
101665,501665,4,昌平区·滴滴充电汽车充电站(宝来电宏福超充站),北京市北京市昌平区北七家镇未来科学城(建设中)进入路口后直行140米右转后直,1,00:00-24:00,2019/7/26
101666,501666,2,昌平区·滴滴充电汽车充电站(港龙商业中心回龙观西大街店充电站,北京市北京市昌平区港龙商业中心1段店(回龙观西大街地铁站A1口步行120米),1,00:00-24:00,2019/7/26
101667,501667,2,昌平区·滴滴充电汽车充电站(用电无忧大东流充电站),北京市北京市昌平区小汤山镇秦北路,2,00:00-24:00,2019/7/26
101668,501668,2,昌平区·滴滴充电汽车充电站(鲲鹏天通苑充电站),北京市北京市昌平区天通苑北街道太平庄北街,6,00:00-24:00,2019/7/26
101669,501669,2,昌平区·燕丹村西七星路旁电瓶车充电桩,北京市北京市昌平区七星路44号,8,00:00-24:00,2019/7/26
101670,501670,2,昌平区·特斯拉超级充电站(北京北郝庄停车场),北京市北京市昌平区南北庄路106号,3,00:00-24:00,2019/7/26
101671,501671,1,昌平区·特斯拉超级充电站(北京市太平庄停车场),北京市北京市昌平区太平庄中街1号,6,00:00-24:00,2019/7/26
101672,501672,3,昌平区·特斯拉超级充电站(北京白各庄停车场),北京市北京市昌平区沙河镇白各庄新村大酒店南邻1-1号地面停车场,6,00:00-24:00,2019/7/26
101673,501673,3,昌平区·特斯拉超级充电站(北京碧桂园九华山庄),北京市北京市昌平区顺沙路75号九华山庄16区九华山庄国际会展中心大酒店东侧地上停车场,8,00:00-24:00,2019/7/26
101674,501674,4,昌平区·特斯拉超级充电站(泰康研修院),北京市北京市昌平区中关村生命科学园科学园路12号地下B2-C区,3,00:00-24:00,2019/7/26
101675,501675,2,昌平区·特来电汽车充电站(住总衡其西三旗智能充电站),北京市北京市昌平区回龙观街道住总·旗胜家园(北一区),1,00:00-24:00,2019/7/26
101676,501676,2,昌平区·特来电汽车充电站(北京九华山庄),北京市北京市昌平区九华山庄内九华国际会展中心-A座西南135M,1,00:00-24:00,2019/7/26
101677,501677,3,昌平区·特来电汽车充电站(国华温榆河公园未来智谷充电站65号,北京市北京市昌平区蓬莱苑南街1号院北七家镇鲁疃东路北京温榆河公园内(北侧),1,00:00-24:00,2019/7/26
101678,501678,2,昌平区·特来电汽车充电站(国华温榆河公园未来智谷充电站69号,北京市北京市昌平区英才南一街3号院北七家镇鲁疃东路北京温榆河公园内(北侧),2,00:00-24:00,2019/7/26
101679,501679,4,昌平区·特来电汽车充电站(国华温榆河公园未来智谷充电站71号,北京市北京市昌平区七北路7号北七家镇七北南路北京温榆河公园·未来智谷内(西侧),1,00:00-24:00,2019/7/26
101680,501680,2,昌平区·特来电汽车充电站(国华温榆河公园未来智谷充电站72号,北京市北京市昌平区七北路7号,3,00:00-24:00,2019/7/26
101681,501681,1,昌平区·特来电汽车充电站(昌平区路劲世界广场充电站),北京市北京市昌平区南邵镇景荣街4号路劲世界城3期,1,00:00-24:00,2019/7/26
101682,501682,2,昌平区·特来电汽车充电站(沙河充电基地),北京市北京市昌平区沙河镇巩华城大街88号水工机械厂(东门进),3,00:00-24:00,2019/7/26
101683,501683,1,昌平区·特来电汽车充电站(燕丹充电站),北京市北京市昌平区北七家镇太海路地面停车场,2,00:00-24:00,2019/7/26
101684,501684,1,昌平区·特来电汽车充电站(特来电北京沙河北大桥超级充电站),北京市北京市昌平区沙河镇水工机械厂院内(进京方向沙河北大桥公交站),8,00:00-24:00,2019/7/26
101685,501685,2,昌平区·特来电目的地充电站(观山楼充电站),北京市北京市昌平区南涧路11号南口镇北京宝隆联合经贸有限公司北京警察学院,8,00:00-24:00,2019/7/26
101686,501686,2,昌平区·特来电超级充电站(特来电北京市昌平区-龙德广场充电站,北京市北京市昌平区龙德广场东出入口西北60米,3,00:00-24:00,2019/7/26
101687,501687,4,昌平区·理想充电站(理想城市超充站北京昌平区北七家镇燕丹站),北京市北京市昌平区北七家镇太平庄北街地面停车场,8,00:00-24:00,2019/7/26
101688,501688,4,昌平区·理想汽车超级充电站(理想超充站北京宏福大厦),北京市北京市昌平区宏福大厦西侧停车场,8,00:00-24:00,2019/7/26
101689,501689,4,昌平区·理想超级充电站(理想5C超充站京礼高速上店服务区北京,北京市北京市昌平区上店服务区,2,00:00-24:00,2019/7/26
101690,501690,4,昌平区·理想超级充电站(理想5C超充站京礼高速上店服务区崇礼,北京市北京市昌平区上店服务区,6,00:00-24:00,2019/7/26
101691,501691,4,昌平区·理想超级充电站(理想5C超充站大广高速土沟服务区广州,北京市北京市昌平区土沟服务区,2,00:00-24:00,2019/7/26
101692,501692,1,昌平区·电动车充电站,北京市北京市昌平区北街家园一区附近,6,00:00-24:00,2019/7/26
101693,501693,2,昌平区·绿行汽车充电站(未来城汽车充电站),北京市北京市昌平区小汤山镇温榆河滨水绿道未来科学城,3,00:00-24:00,2019/7/26
101694,501694,4,昌平区·能加超充超级充电站(昌平乐多港万达超充站·华为超充技,北京市北京市昌平区万达广场南侧地面停车场,12,00:00-24:00,2019/7/26
101695,501695,4,昌平区·茂电·顺顺充超级充电站(松兰堡街超充站·华为超充技术,北京市北京市昌平区沙河镇百沙路318号未来科学城,8,00:00-24:00,2019/7/26
101696,501696,2,昌平区·蔚景云汽车充电站(云和桥龙湖冠寓生命科学园充电站),北京市北京市昌平区回龙观街道龙湖冠寓(北京生命科学园店),2,00:00-24:00,2019/7/26
101697,501697,2,昌平区·蔚来换电站(北京天通苑北站),北京市北京市昌平区太平庄北街3-1-037号,1,00:00-24:00,2019/7/26
101698,501698,2,昌平区·蔚来换电站G6京藏高速百葛服务区北京方向,北京市北京市昌平区G6京藏高速百葛服务区进京方向,6,00:00-24:00,2019/7/26
101699,501699,2,昌平区·蔚来换电站S3801京礼高速上店服务区崇礼方向,北京市北京市昌平区昌流路8号S3801京礼高速上店服务区崇礼方向,10,00:00-24:00,2019/7/26
101700,501700,1,昌平区·蔚来能源超级充电站(北京小汤山富来宫温泉山庄),北京市北京市昌平区小汤山镇大柳树环岛北200米,2,00:00-24:00,2019/7/26
101701,501701,2,昌平区·蔚来能源超级充电站(北京方向S11京承高速土沟服务区,北京市北京市昌平区土沟服务区,1,00:00-24:00,2019/7/26
101702,501702,4,昌平区·蔚来超充站G6京藏高速百葛服务区,北京市北京市昌平区百葛服务区(进京方向),1,00:00-24:00,2019/7/26
101703,501703,2,昌平区·逸安启超级充电站(北京超极合生汇),"北京市北京市昌平区回龙观北清路1号昌平超极合生汇东区地下LG3层,H区H25-H31车位,靠近H1扶梯厅和C3客梯",4,00:00-24:00,2019/7/26
101704,501704,2,昌平区·隆瑞三优汽车充电站(隆瑞三优龙锦苑充电站快充站),北京市北京市昌平区龙锦苑公交场站东侧停车场,6,00:00-24:00,2019/7/26
101705,501705,3,昌平区·隆瑞三优超级充电站(丈头超级充电站),北京市北京市昌平区丈头村559路公交场站,8,00:00-24:00,2019/7/26
101706,501706,1,昌平区·首发能源充电站(京承高速土沟服务区出京方向),北京市北京市昌平区S11京承高速入口与S11京承高速出口交叉口北200米,1,00:00-24:00,2019/7/26
101707,501707,3,昌平区·首发能源充电站(京藏高速百葛服务区进京),北京市北京市昌平区在百葛服务区(京藏高速北京方向)附近,8,00:00-24:00,2019/7/26
101708,501708,2,昌平区·驴充充汽车充电站(大辛峰汽车充电站对外开放),北京市北京市昌平区崔村镇X012(崔阿路)驴充充充电站(大辛峰村),1,00:00-24:00,2019/7/26
101709,501709,3,昌平区·鲲鹏祥瑞东沙各庄汽车充电站,北京市北京市昌平区立汤路367号,3,00:00-24:00,2019/7/26
101710,501710,4,昌平区·鲲鹏祥瑞北郝庄充电站,北京市北京市昌平区南北庄路106号地面停车场,2,00:00-24:00,2019/7/26
101711,501711,2,昌平区·鲲鹏祥瑞裕祥社区汽车充电站,北京市北京市昌平区城北街道裕祥小区地面停车场,1,00:00-24:00,2019/7/26
101712,501712,4,朝阳区·Hi ZOOM汽车充电站(Hi ZOOM超充站管庄瑞,北京市北京市朝阳区管庄第二社区卫生服务中心西侧100米停车场,4,00:00-24:00,2019/7/26
101713,501713,1,朝阳区·K充电汽车充电站(王四营北路充电站),北京市北京市朝阳区观音堂桥东(王四营北路),3,00:00-24:00,2019/7/26
101714,501714,2,朝阳区·K充电汽车充电站(金盏充电站),北京市北京市朝阳区金盏乡深林公园东1号,6,00:00-24:00,2019/7/26
101715,501715,2,朝阳区·PP充电汽车充电站(皮村),北京市北京市朝阳区皮村路777号,4,00:00-24:00,2019/7/26
101716,501716,1,朝阳区·bp pulse汽车充电站(北京城环城汽配城),北京市北京市朝阳区城环城国际汽配城35号楼停车场,2,00:00-24:00,2019/7/26
101717,501717,3,朝阳区·i换电.北京朝阳区奥动换电来广营北站,北京市北京市朝阳区来广营北路1号,2,00:00-24:00,2019/7/26
101718,501718,1,朝阳区·万城万充汽车充电站(华声国际大厦充电站),北京市北京市朝阳区华声国际大厦停车场,2,00:00-24:00,2019/7/26
101719,501719,2,朝阳区·中化新能源汽车充换电站(北京奥森北园西门充换电站),北京市北京市朝阳区奥运村街道黑泉路奥林匹克森林公园北园西门最西侧大门进入左转直行80米,2,00:00-24:00,2019/7/26
101720,501720,2,朝阳区·中国石化汽车充电站(七彩充电站),北京市北京市朝阳区石佛营101号七彩停车楼三层,4,00:00-24:00,2019/7/26
101721,501721,3,朝阳区·中国石化汽车充电站(中国石化北苑充电站),北京市北京市朝阳区来广营乡秋时街天九共享控股集团北50米墙内停车场,2,00:00-24:00,2019/7/26
101722,501722,2,朝阳区·中国石化汽车充电站(中国石化博大路充电站),北京市北京市朝阳区十八里店乡东四环南路甲一号中国石化博大路加油站旁,6,00:00-24:00,2019/7/26
101723,501723,2,朝阳区·中国石化汽车充电站(中国石化地坛医院充电站),北京市北京市朝阳区崔各庄乡首都医科大学附属北京地坛医院(东南门),8,00:00-24:00,2019/7/26
101724,501724,3,朝阳区·中国石化汽车充电站(中国石化奥林匹克P2停车场充电站,北京市北京市朝阳区天辰西路奥林匹克公园中心区水立方停车场,1,00:00-24:00,2019/7/26
101725,501725,2,朝阳区·中国石化汽车充电站(中国石化爱家商业大厦充电站),北京市北京市朝阳区爱家商业大厦地面停车场(东风北桥地铁站B东北口步行80米),8,00:00-24:00,2019/7/26
101726,501726,3,朝阳区·中国石化汽车充电站(中国石化财满街充电站),北京市北京市朝阳区高碑店乡朝阳路67号院财满街财经中心停车场,3,00:00-24:00,2019/7/26
101727,501727,2,朝阳区·中国石化汽车充电站(中国石化酒仙桥充电站),北京市北京市朝阳区将台地区中国石化酒仙桥加油站,1,00:00-24:00,2019/7/26
101728,501728,3,朝阳区·中国石化汽车充电站(八王坟长途车充电站),北京市北京市朝阳区南磨房乡八王坟长途客运站阿尔萨办公楼,6,00:00-24:00,2019/7/26
101729,501729,2,朝阳区·中国石化汽车充电站(塞纳河充电站),北京市北京市朝阳区立水桥路8号塞纳河院内喆啡酒店,6,00:00-24:00,2019/7/26
101730,501730,3,朝阳区·中国石化汽车充电站(奥林匹克P5停车场充电站),北京市北京市朝阳区奥运村街道科荟路33号奥林匹克森林公园P5停车场,4,00:00-24:00,2019/7/26
101731,501731,2,朝阳区·中国石化汽车充电站(孙河充电站),北京市北京市朝阳区康营家园四期D区北门旁,3,00:00-24:00,2019/7/26
101732,501732,1,朝阳区·中国石化汽车充电站(小武基充电站),北京市北京市朝阳区十八里店乡小武基路149号,4,00:00-24:00,2019/7/26
101733,501733,3,朝阳区·中国石化汽车充电站(平房桥充电站),北京市北京市朝阳区平房乡平房路48号小狼国际停车场,1,00:00-24:00,2019/7/26
101734,501734,2,朝阳区·中国石化汽车充电站(瑞安大厦充电站),北京市北京市朝阳区十八里店乡东三环南路102号瑞安大厦,3,00:00-24:00,2019/7/26
101735,501735,1,朝阳区·中国石化汽车充电站(财经中心充电站),北京市北京市朝阳区高碑店乡朝阳路67号院财满街财经中心停车场,6,00:00-24:00,2019/7/26
101736,501736,2,朝阳区·中国石化超级充电站(望京新城充电站),北京市北京市朝阳区望京街道宏泰西街中国石化望京新城加油站,6,00:00-24:00,2019/7/26
101737,501737,3,朝阳区·中电建千方超级充电站(北京水立方站),北京市北京市朝阳区科荟路33号奥林匹克公园中心区西南角(地上),10,00:00-24:00,2019/7/26
101738,501738,3,朝阳区·中电建千方超级充电站(奥林匹克中心区P4停车场站),北京市北京市朝阳区北辰东路与大屯路交叉口西南角(地上),2,00:00-24:00,2019/7/26
101739,501739,2,朝阳区·云快充汽车充电站(朝阳区来广营充电站),北京市北京市朝阳区天来运停车场,8,00:00-24:00,2019/7/26
101740,501740,2,朝阳区·云快充汽车充电站(零点特区充电站),北京市北京市朝阳区零点特区,2,00:00-24:00,2019/7/26
101741,501741,2,朝阳区·云快充超级充电站(三元桥超级充电站),北京市北京市朝阳区三元桥(三元桥地铁站G口步行170米),2,00:00-24:00,2019/7/26
101742,501742,2,朝阳区·云快充超级充电站(安心智途充电站),北京市北京市朝阳区崔各庄乡奶东村启明星学校房屋西侧地面停车场,1,00:00-24:00,2019/7/26
101743,501743,4,朝阳区·云快充超级充电站(来广营大桥液冷超充站),"北京市北京市朝阳区来广营大桥,来广营大桥桥下空间地面停车场",4,00:00-24:00,2019/7/26
101744,501744,2,朝阳区·云快充超级充电站(芍药居北里充电站),北京市北京市朝阳区芍药居北里梵茜儿轻奢造型沙龙北侧,4,00:00-24:00,2019/7/26
101745,501745,2,朝阳区·充电站,北京市北京市朝阳区金桐西路与朝阳门外大街辅路交叉口西南40米,3,00:00-24:00,2019/7/26
101746,501746,4,朝阳区·北京智充新能源汽车充电站(Hi ZOOM超充站管庄瑞,北京市北京市朝阳区北京市管庄第二社区卫生服务中心西侧100米停车场,3,00:00-24:00,2019/7/26
101747,501747,3,朝阳区·北京朝阳合生汇充电桩,北京市北京市朝阳区九龙山合生汇地下停车场B3层A19区A-064(九龙山地铁站B东北口旁),1,00:00-24:00,2019/7/26
101748,501748,1,朝阳区·北京碧辟汽车充电站(国家体育场鸟巢),北京市北京市朝阳区奥运村街道北辰东路12号,1,00:00-24:00,2019/7/26
101749,501749,4,朝阳区·国家体育场北侧停车场充电站,北京市北京市朝阳区国家体育场北路与湖景东路交叉口西南160米,2,00:00-24:00,2019/7/26
101750,501750,2,朝阳区·国家电网充电站(北京欢乐谷),北京市北京市朝阳区北京欢乐谷东门停车场(欢乐谷景区地铁站C东南口步行90米),2,00:00-24:00,2019/7/26
101751,501751,4,朝阳区·国家电网汽车充电站(北京市朝阳区仰山公园北门公共),北京市北京市朝阳区北五环仰山桥南侧仰山公园北门,1,00:00-24:00,2019/7/26
101752,501752,2,朝阳区·国家电网汽车充电站(北京市朝阳区天雅古玩城公共),北京市北京市朝阳区华威南路6号停车场(潘家园地铁站C2东南口步行480米),10,00:00-24:00,2019/7/26
101753,501753,4,朝阳区·国家电网汽车充电站(北京市朝阳区姜庄湖智慧绿色超充港,北京市北京市朝阳区小营北路6号,4,00:00-24:00,2019/7/26
101754,501754,2,朝阳区·国家电网汽车充电站(北京市朝阳区康营小区),北京市北京市朝阳区孙河乡康营家园13期东侧公共地面停车场,2,00:00-24:00,2019/7/26
101755,501755,2,朝阳区·国家电网汽车充电站(北京市朝阳区朝阳公园东5门),北京市北京市朝阳区朝阳公园东5门地面停车场,2,00:00-24:00,2019/7/26
101756,501756,3,朝阳区·国家电网汽车充电站(北京市朝阳区白家楼北门),北京市北京市朝阳区高碑店乡高井村白家楼245号白家楼新村北地面停车场,2,00:00-24:00,2019/7/26
101757,501757,1,朝阳区·国家电网汽车充电站(北京市朝阳区蓝调庄园),北京市北京市朝阳区蓝调喜庆文化创意园停车场,1,00:00-24:00,2019/7/26
101758,501758,3,朝阳区·均悦充汽车充电站(十里河灯饰城),北京市北京市朝阳区十里河灯饰城A座1F08-1,4,00:00-24:00,2019/7/26
101759,501759,2,朝阳区·壳牌充电超级充电站(壳牌充电北京朝阳合生国际花园地面,北京市北京市朝阳区双井街道广渠门外大街甲31号合生国际花园北侧停车场地内,12,00:00-24:00,2019/7/26
101760,501760,2,朝阳区·壳牌充电超级充电站(壳牌充电北京朝阳四元桥购物中心地,北京市北京市朝阳区四元桥家乐福购物中心地面停车场,3,00:00-24:00,2019/7/26
101761,501761,2,朝阳区·壳牌充电超级充电站(壳牌充电北京朝阳奥南5号B座地下,北京市北京市朝阳区和平街道安定路5号奥南5号大厦B座地下B2层停车场,3,00:00-24:00,2019/7/26
101762,501762,2,朝阳区·壳牌充电超级充电站(壳牌充电北京朝阳秀水街大厦地面快,"北京市北京市朝阳区秀水东街8号,新秀水街商厦地面停车场西侧",1,00:00-24:00,2019/7/26
101763,501763,2,朝阳区·壳牌汽车充电站(壳牌四元桥购物中心充电站),北京市北京市朝阳区四元桥购物中心地面停车场,3,00:00-24:00,2019/7/26
101764,501764,3,朝阳区·奥动换电清河营D站,北京市北京市朝阳区北苑东路辅路与清河营中街交叉口东40米,2,00:00-24:00,2019/7/26
101765,501765,2,朝阳区·小桔充电充电站(北京朝阳区九龙商厦充电站),北京市北京市朝阳区双井街道东九路九龙商厦1幢,3,00:00-24:00,2019/7/26
101766,501766,3,朝阳区·小桔充电汽车充电站(Hi ZOOM充电站大黄庄桥北),北京市北京市朝阳区朝阳路辅路大黄庄桥下空间停车场,6,00:00-24:00,2019/7/26
101767,501767,3,朝阳区·小桔充电汽车充电站(东枫国际体育园充电站),北京市北京市朝阳区农展馆南路甲9号东枫国际体育园停车场,1,00:00-24:00,2019/7/26
101768,501768,3,朝阳区·小桔充电汽车充电站(中石化龙禹E9创新工厂充电站),北京市北京市朝阳区黑庄户乡康中街32号E9创新工场园区东南侧,4,00:00-24:00,2019/7/26
101769,501769,1,朝阳区·小桔充电汽车充电站(中石化龙禹朝阳世茂大厦),北京市北京市朝阳区郎园北门东侧天桥下入口右拐世贸大厦停车场,2,00:00-24:00,2019/7/26
101770,501770,3,朝阳区·小桔充电汽车充电站(京能超级充电站中心路停车场站),北京市北京市朝阳区高碑店乡惠河南街91号高碑店路近惠河南街东侧地面停车场,4,00:00-24:00,2019/7/26
101771,501771,3,朝阳区·小桔充电汽车充电站(京能超级充电站高碑店第十七中陶家,北京市北京市朝阳区高碑店乡了知学堂高碑店东区,6,00:00-24:00,2019/7/26
101772,501772,3,朝阳区·小桔充电汽车充电站(优智·顺迈金钻充电站),北京市北京市朝阳区劲松街道东三环南路乙52-2号顺迈金钻国际商务中心西1门,4,00:00-24:00,2019/7/26
101773,501773,1,朝阳区·小桔充电汽车充电站(优智黄渠充电站),北京市北京市朝阳区平房乡定福庄路,2,00:00-24:00,2019/7/26
101774,501774,1,朝阳区·小桔充电汽车充电站(劲松1号超级充电站),北京市北京市朝阳区劲松街道全季酒店院内,10,00:00-24:00,2019/7/26
101775,501775,2,朝阳区·小桔充电汽车充电站(北京望京文化产业园充电站),北京市北京市朝阳区望京街望京伯爵城中央公园进门左拐直行,6,00:00-24:00,2019/7/26
101776,501776,3,朝阳区·小桔充电汽车充电站(北京朝阳CBD万达广场),北京市北京市朝阳区建外街道建国路93号北京CBD万达广场地下停车场,10,00:00-24:00,2019/7/26
101777,501777,2,朝阳区·小桔充电汽车充电站(北京朝阳SOHO现代城停车楼),北京市北京市朝阳区西大望路与现代城中路交叉口停车楼顶层,8,00:00-24:00,2019/7/26
101778,501778,3,朝阳区·小桔充电汽车充电站(北京朝阳凯德汇新大厦),北京市北京市朝阳区苏宁易购生活广场B3层停车场,2,00:00-24:00,2019/7/26
101779,501779,4,朝阳区·小桔充电汽车充电站(北京朝阳区898创新空间超充站),北京市北京市朝阳区东风南路24号,1,00:00-24:00,2019/7/26
101780,501780,2,朝阳区·小桔充电汽车充电站(北京朝阳区来广营地上停车场充电站,北京市北京市朝阳区来广营北路一号地面停车场,8,00:00-24:00,2019/7/26
101781,501781,2,朝阳区·小桔充电汽车充电站(北京朝阳小悦中心),北京市北京市朝阳区小悦中心广场地下一层,3,00:00-24:00,2019/7/26
101782,501782,3,朝阳区·小桔充电汽车充电站(北京朝阳新源里),北京市北京市朝阳区格纳斯大厦北侧地面停车场,2,00:00-24:00,2019/7/26
101783,501783,4,朝阳区·小桔充电汽车充电站(北京朝阳金长安大厦),北京市北京市朝阳区东四环中路82号,8,00:00-24:00,2019/7/26
101784,501784,3,朝阳区·小桔充电汽车充电站(北京老故事五零三停车场充电站),北京市北京市朝阳区亚运村街道安翔北路辅路老故事503文创园,6,00:00-24:00,2019/7/26
101785,501785,2,朝阳区·小桔充电汽车充电站(北京赛特停车场充电站),北京市北京市朝阳区赛特购物中心地面停车场,3,00:00-24:00,2019/7/26
101786,501786,2,朝阳区·小桔充电汽车充电站(四元桥东坝河充电站),北京市北京市朝阳区望京街道京密路27号中国石油东坝河加油站,10,00:00-24:00,2019/7/26
101787,501787,2,朝阳区·小桔充电汽车充电站(四元桥顺峰顺景店充电站),北京市北京市朝阳区曙光西路辅路与北四环东路辅路交叉口西南260米,6,00:00-24:00,2019/7/26
101788,501788,4,朝阳区·小桔充电汽车充电站(天潮能充冠军城超充站),北京市北京市朝阳区丰收物业集中办公区北门西110米,4,00:00-24:00,2019/7/26
101789,501789,4,朝阳区·小桔充电汽车充电站(姚家园808超级),北京市北京市朝阳区姚家园北一路808号,8,00:00-24:00,2019/7/26
101790,501790,4,朝阳区·小桔充电汽车充电站(朝阳区中国国际展览中心1号停车场,北京市北京市朝阳区静安西街与静安里中街交叉口东120米,3,00:00-24:00,2019/7/26
101791,501791,3,朝阳区·小桔充电汽车充电站(财满街锐城国际),北京市北京市朝阳区高碑店乡美联同创健康服务中心医学采样财满街服务站锐城商场地面停车场,8,00:00-24:00,2019/7/26
101792,501792,4,朝阳区·小桔充电汽车充电站(都都快充东进国际超充站),北京市北京市朝阳区南磨房乡东进国际地面停车场,4,00:00-24:00,2019/7/26
101793,501793,2,朝阳区·小桔充电站(北京朝阳金盟大厦),北京市北京市朝阳区小营路17号花间禅寺旁边地面停车场,10,00:00-24:00,2019/7/26
101794,501794,4,朝阳区·小鹏汽车充电站(北京西奥中心小鹏超充站),北京市北京市朝阳区西奥中心地面停车场07(科学园南里中街入口),3,00:00-24:00,2019/7/26
101795,501795,4,朝阳区·广汽能源汽车充电站(广汽昊铂北京日坛国际贸易中心超充,北京市北京市朝阳区朝外街道南营房胡同日坛国际贸易中心地下停车场B2层,10,00:00-24:00,2019/7/26
101796,501796,2,朝阳区·开迈斯汽车充电站(北京市东风南路六号院站),北京市北京市朝阳区东风6号地面停车场,1,00:00-24:00,2019/7/26
101797,501797,1,朝阳区·开迈斯汽车充电站(北京市国家体育馆3号停车场站),北京市北京市朝阳区天辰东路9号地面停车场15,3,00:00-24:00,2019/7/26
101798,501798,1,朝阳区·捷顺充汽车充电站(超级饭电莱锦文创园站),北京市北京市朝阳区八里庄街道黑松白鹿莱锦文化创意产业园,2,00:00-24:00,2019/7/26
101799,501799,3,朝阳区·新电途充电站(北京朝阳世茂工三二期电站),北京市北京市朝阳区工人体育场北路13号世茂广场工三店B3层,4,00:00-24:00,2019/7/26
101800,501800,1,朝阳区·新电途汽车充电站(优智顺迈金钻充电站),北京市北京市朝阳区劲松街道北京维特奥医院顺迈金钻国际商务中心,2,00:00-24:00,2019/7/26
101801,501801,3,朝阳区·新电途汽车充电站(北京朝阳华山谷超级充电站),北京市北京市朝阳区金盏乡华山谷北京新头部企业街区,2,00:00-24:00,2019/7/26
101802,501802,2,朝阳区·新电途汽车充电站(地坛医院兆瓦级充电站),北京市北京市朝阳区地坛医院停车场,8,00:00-24:00,2019/7/26
101803,501803,2,朝阳区·新电途汽车充电站(崔各庄·望悦国际·超快充站),北京市北京市朝阳区来广营东路51号院·望悦国际社区北门·地下停车场B1层B区,8,00:00-24:00,2019/7/26
101804,501804,4,朝阳区·新电途汽车充电站(工人体育场超充站),北京市北京市朝阳区三里屯街道北京工人体育场北京工体富国海底世界,2,00:00-24:00,2019/7/26
101805,501805,2,朝阳区·新电途汽车充电站(智电时代清河营郊野公园充电站),北京市北京市朝阳区来广营乡艾赛体育地面停车场(清河营地铁站B口步行480米),10,00:00-24:00,2019/7/26
101806,501806,4,朝阳区·新电途汽车充电站(来广营大桥液冷超充站),北京市北京市朝阳区来广营乡S11京承高速,4,00:00-24:00,2019/7/26
101807,501807,3,朝阳区·新电途汽车充电站(费家村充换电综合能源中心充电站),北京市北京市朝阳区崔各庄乡来广营东路地面停车场,10,00:00-24:00,2019/7/26
101808,501808,2,朝阳区·新电途汽车充电站(里程宝郡王府充电站),北京市北京市朝阳区麦子店街道康诺脊椎健康中心郡王府体育中心,10,00:00-24:00,2019/7/26
101809,501809,3,朝阳区·昆仑网电汽车充电站(中国石油东坝智慧FUN充电站),北京市北京市朝阳区平房路金隅汇景苑四区东50米,6,00:00-24:00,2019/7/26
101810,501810,4,朝阳区·昆仑网电汽车充电站(中国石油亚投行充电站),北京市北京市朝阳区天辰东路1号院亚洲金融大厦西侧,3,00:00-24:00,2019/7/26
101811,501811,4,朝阳区·昆仑网电汽车充电站(中国石油北京和颐至尊酒店超充站),北京市北京市朝阳区酒仙桥北路和颐至尊酒店,2,00:00-24:00,2019/7/26
101812,501812,1,朝阳区·昆仑网电汽车充电站(中国石油北京国家速滑馆超级充电站,北京市北京市朝阳区林萃路2号,2,00:00-24:00,2019/7/26
101813,501813,1,朝阳区·昆仑网电汽车充电站(中国石油北京奥体公园16号充电站,北京市北京市朝阳区北土城东路108号北土城公交站东侧停车场内,4,00:00-24:00,2019/7/26
101814,501814,2,朝阳区·昆仑网电汽车充电站(中国石油北京望京北加油站充电站),北京市北京市朝阳区服务区,10,00:00-24:00,2019/7/26
101815,501815,3,朝阳区·昆仑网电汽车充电站(中国石油北京望京南加油站充电站),北京市北京市朝阳区服务区,1,00:00-24:00,2019/7/26
101816,501816,4,朝阳区·昆仑网电汽车充电站(中国石油北京朝阳北苑路超充站),北京市北京市朝阳区来广营地区北苑家园秋实街东侧绣菊园北区南侧停车场,1,00:00-24:00,2019/7/26
101817,501817,4,朝阳区·昆仑网电汽车充电站(中国石油北京朝阳垡头北里充电站),北京市北京市朝阳区化工路68号,1,00:00-24:00,2019/7/26
101818,501818,3,朝阳区·昆仑网电汽车充电站(中国石油北京朝阳小红门充电站),北京市北京市朝阳区小红门地区鸿博家园一区B区东1门西北80米,3,00:00-24:00,2019/7/26
101819,501819,4,朝阳区·昆仑网电汽车充电站(中国石油北京朝阳恒通商务园超充站,北京市北京市朝阳区酒仙桥路10号恒通商务园P4停车场B33号楼旁,4,00:00-24:00,2019/7/26
101820,501820,4,朝阳区·昆仑网电汽车充电站(中国石油北京朝阳活力东方超充站),北京市北京市朝阳区平房地区姚家园路甲一号活力东方购物广场停车场,2,00:00-24:00,2019/7/26
101821,501821,1,朝阳区·昆仑网电汽车充电站(中国石油北京朝阳白家楼充电站),北京市北京市朝阳区定福庄西路英郡西北侧约110米,6,00:00-24:00,2019/7/26
101822,501822,2,朝阳区·昆仑网电汽车充电站(中国石油北京朝阳福泰中心充电站),北京市北京市朝阳区广顺北大街33号院福泰中心停车场,3,00:00-24:00,2019/7/26
101823,501823,4,朝阳区·昆仑网电汽车充电站(中国石油北京电影学院文创园超充站,北京市北京市朝阳区平房乡北京电影学院文创园平房园区,6,00:00-24:00,2019/7/26
101824,501824,3,朝阳区·昆仑网电汽车充电站(中国石油奥体中路充电站),北京市北京市朝阳区奥体中路城奥大厦西北侧,2,00:00-24:00,2019/7/26
101825,501825,2,朝阳区·昆仑网电汽车充电站(中国石油奥林匹克公园P4充电站),北京市北京市朝阳区奥林匹克公园P4停车场(出入口),4,00:00-24:00,2019/7/26
101826,501826,2,朝阳区·昆仑网电汽车充电站(中国石油安岛充电站),北京市北京市朝阳区京密路与黄康路交叉口西南200米,3,00:00-24:00,2019/7/26
101827,501827,2,朝阳区·昆仑网电汽车充电站(中石油昆仑网电六里屯文化中心充电,北京市北京市朝阳区六里屯街道文化服务中心十北文化空间,3,00:00-24:00,2019/7/26
101828,501828,1,朝阳区·昆仑网电汽车充电站(中石油昆仑网电金汉王超级充电站),北京市北京市朝阳区利泽中园一区1号金汉王科技大厦大门进入左转,1,00:00-24:00,2019/7/26
101829,501829,4,朝阳区·昆仑网电汽车充电站(昆仑网电北京建达大厦充电站),北京市北京市朝阳区东土城路14号建达大厦西门进入北侧,6,00:00-24:00,2019/7/26
101830,501830,3,朝阳区·昆仑网电汽车充电站(昆仑网电北京朝阳区超级蜂巢充电站,北京市北京市朝阳区北花园路1号超级蜂巢E座地面停车场,2,00:00-24:00,2019/7/26
101831,501831,4,朝阳区·昆仑网电汽车充电站(昆仑网电北京朝阳天雅五金机电城超,北京市北京市朝阳区小红门乡龙爪树村天雅五金机电城西侧停车场内,2,00:00-24:00,2019/7/26
101832,501832,4,朝阳区·昆仑网电汽车充电站(昆仑网电北京朝阳容达路超充站),北京市北京市朝阳区来广营乡容和路金汉王通讯研发中心后院停车场,3,00:00-24:00,2019/7/26
101833,501833,1,朝阳区·昆仑网电汽车充电站(昆仑网电北京朝阳王四营超级充电站,北京市北京市朝阳区双合东路,2,00:00-24:00,2019/7/26
101834,501834,4,朝阳区·昆仑网电汽车充电站(昆仑网电北京朝阳非中心超充站),北京市北京市朝阳区非中心中弘国际商务花园停车场,10,00:00-24:00,2019/7/26
101835,501835,4,朝阳区·星星充电汽车充电站(东坝郊野公园新能源超充站),北京市北京市朝阳区机场第二高速辅路附近京城槐园,3,00:00-24:00,2019/7/26
101836,501836,1,朝阳区·星星充电汽车充电站(北极洋冷库充电站),北京市北京市朝阳区黑庄户乡通马路北极洋冷库,3,00:00-24:00,2019/7/26
101837,501837,1,朝阳区·星星充电汽车充电站(垡头东里汽车充电站),北京市北京市朝阳区化工路28号,2,00:00-24:00,2019/7/26
101838,501838,2,朝阳区·星星充电汽车充电站(悠乐汇充电站),北京市北京市朝阳区望京街道劲松口腔医院(望京分院)悠乐汇A2座,4,00:00-24:00,2019/7/26
101839,501839,2,朝阳区·星星充电汽车充电站(星星充电-朝丰家园15号院北侧直,北京市北京市朝阳区天达路15号朝丰家园朝阳停车场,4,00:00-24:00,2019/7/26
101840,501840,4,朝阳区·星星充电汽车充电站(朝阳医院常营南侧超充站),北京市北京市朝阳区东十里堡路3号常营朝阳医院南门停车场,6,00:00-24:00,2019/7/26
101841,501841,1,朝阳区·星星充电汽车充电站(豆各庄朝丰家园4号院北广场充电站,北京市北京市朝阳区北京市第一七一中学朝阳豆各庄分校东2门南180米,1,00:00-24:00,2019/7/26
101842,501842,2,朝阳区·智电时代汽车充电站(智电时代北五环红星美凯龙充电站),北京市北京市朝阳区北五环红星美凯龙西侧停车场,6,00:00-24:00,2019/7/26
101843,501843,1,朝阳区·服务区国家电网电动汽车充电站,北京市北京市朝阳区京哈高速主收费站进京方向停车场,2,00:00-24:00,2019/7/26
101844,501844,3,朝阳区·极氪能源超级充电站(北京水立方极充站),北京市北京市朝阳区天辰东路11号国家游泳中心奥林匹克公园中心区水立方停车场地面停车位,1,00:00-24:00,2019/7/26
101845,501845,1,朝阳区·比亚迪闪充汽车充电站(仰望北京朝阳中心),北京市北京市朝阳区平房乡石各庄路99号长久大厦,8,00:00-24:00,2019/7/26
101846,501846,1,朝阳区·比亚迪闪充汽车充电站(方程豹北京4S店),北京市北京市朝阳区来广营乡来广营西路88-1号,8,00:00-24:00,2019/7/26
101847,501847,1,朝阳区·比亚迪闪充汽车充电站(比亚迪北京润迪车豪4S店),北京市北京市朝阳区三间房乡朝阳北路45号比亚迪汽车海洋网,1,00:00-24:00,2019/7/26
101848,501848,2,朝阳区·比亚迪闪充汽车充电站(比亚迪北京环耀4S店),北京市北京市朝阳区北苑东路(红军营地铁站C口步行300米),6,00:00-24:00,2019/7/26
101849,501849,2,朝阳区·比亚迪闪充汽车充电站(腾势北京朝阳金港中心),北京市北京市朝阳区金盏乡腾势汽车(北京朝阳金港腾势中心)易车金港汽车公园,4,00:00-24:00,2019/7/26
101850,501850,3,朝阳区·比亚迪闪充汽车充电站(腾势北京鑫敏恒中心),北京市北京市朝阳区北四环东路5号院,1,00:00-24:00,2019/7/26
101851,501851,2,朝阳区·汽车充电站(中电建千方北京水立方站),北京市北京市朝阳区天辰东路11号,6,00:00-24:00,2019/7/26
101852,501852,2,朝阳区·汽车充电站(壳牌充电北京朝阳万科金阳地面快充站),北京市北京市朝阳区朝阳公园桥以东/姚家园路南侧北京金阳居,6,00:00-24:00,2019/7/26
101853,501853,2,朝阳区·汽车充电站(朝阳体育场云快充站)(暂停营业),北京市北京市朝阳区朝体中心东侧路518号,4,00:00-24:00,2019/7/26
101854,501854,2,朝阳区·汽车充电站(朝阳路28号造梦空间停车场充电站),北京市北京市朝阳区管庄地区朝阳路28号停车场,8,00:00-24:00,2019/7/26
101855,501855,2,朝阳区·汽车充电站(沃尔沃北京首都机场尊享充电站),北京市北京市朝阳区首都机场T2航站楼P2停车场06通道,4,00:00-24:00,2019/7/26
101856,501856,2,朝阳区·汽车充电站(翼虎绿能金盏充电站),北京市北京市朝阳区金盏地区金盏北路北京东村旅店东侧约110米,6,00:00-24:00,2019/7/26
101857,501857,2,朝阳区·滴滴充电汽车充电站(东风公园停车场充电站),北京市北京市朝阳区东风公园西南1门南90米,2,00:00-24:00,2019/7/26
101858,501858,2,朝阳区·滴滴充电汽车充电站(十里堡地铁站),北京市北京市朝阳区六里屯街道十里堡地铁站,2,00:00-24:00,2019/7/26
101859,501859,4,朝阳区·滴滴充电汽车充电站(小桔绿卡十里河超充站),北京市北京市朝阳区十八里店乡铭饰坊精品家居(十里河地铁站H西南口步行70米),6,00:00-24:00,2019/7/26
101860,501860,2,朝阳区·滴滴充电汽车充电站(快充无忧百花园充电站),北京市北京市朝阳区百花公园,2,00:00-24:00,2019/7/26
101861,501861,4,朝阳区·滴滴充电汽车充电站(润动常营超充站),北京市北京市朝阳区常营回族乡万象新天一区万象新天进门左手边,1,00:00-24:00,2019/7/26
101862,501862,2,朝阳区·滴滴充电汽车充电站(王四营超级充电站),北京市北京市朝阳区王四营乡北京市十一学校朝阳实验学校(初中部),2,00:00-24:00,2019/7/26
101863,501863,2,朝阳区·滴滴充电汽车充电站(珠江发展中心充电站),北京市北京市朝阳区珠江发展中心停车场(九龙山地铁站G东南口步行240米),8,00:00-24:00,2019/7/26
101864,501864,4,朝阳区·滴滴充电汽车充电站(繁星社区超充站),北京市北京市朝阳区十八里店乡首创繁星租赁社区C组团,4,00:00-24:00,2019/7/26
101865,501865,1,朝阳区·特斯拉超级充电站(北京CBD高尔夫球会),北京市北京市朝阳区高碑店路99号/入口G1辅路西向-高尔夫球会南门,8,00:00-24:00,2019/7/26
101866,501866,2,朝阳区·特斯拉超级充电站(北京万科时代中心奥林),北京市北京市朝阳区北苑路186号地下停车场B1层A区1-066车位旁/入口北苑路,10,00:00-24:00,2019/7/26
101867,501867,2,朝阳区·特斯拉超级充电站(北京华贸中心地上),北京市北京市朝阳区大望路地铁站出入口步行190米地面停车场,3,00:00-24:00,2019/7/26
101868,501868,3,朝阳区·特斯拉超级充电站(北京卷石天地大厦),北京市北京市朝阳区望京西路甲50号卷石天地大厦地面停车场049,3,00:00-24:00,2019/7/26
101869,501869,2,朝阳区·特斯拉超级充电站(北京市日坛国际贸易中心),北京市北京市朝阳区日坛北路17号地下B2-H区/入口南营房胡同,6,00:00-24:00,2019/7/26
101870,501870,2,朝阳区·特斯拉超级充电站(北京市海德温泉酒店),北京市北京市朝阳区青年路西里甲1号-地上停车场-大楼北侧/入口青年路-停车场东门,2,00:00-24:00,2019/7/26
101871,501871,4,朝阳区·特斯拉超级充电站(北京斯普瑞斯奥特莱斯),北京市北京市朝阳区金盏乡森林公园东1号地面停车场B7区,6,00:00-24:00,2019/7/26
101872,501872,2,朝阳区·特斯拉超级充电站(北京歌华开元大酒店),北京市北京市朝阳区鼓楼外大街19号地上停车位/入口鼓楼外大街辅路-入场后左转地上停车位,8,00:00-24:00,2019/7/26
101873,501873,2,朝阳区·特斯拉超级充电站(北京盈科中心),北京市北京市朝阳区工人体育场北路甲2号盈科中心地下B2层,1,00:00-24:00,2019/7/26
101874,501874,3,朝阳区·特斯拉超级充电站(北京长楹龙湖天街),北京市北京市朝阳区常通路1号院1号楼长楹天街购物中心B2层G区/入口常通路,8,00:00-24:00,2019/7/26
101875,501875,3,朝阳区·特来电汽车充电站(北投静态奥林匹克中心区地下充电站),北京市北京市朝阳区奥运村街道湖景东路奥林匹克公园中心区(东南角),1,00:00-24:00,2019/7/26
101876,501876,1,朝阳区·特来电汽车充电站(特来电北京市朝阳区小营珠宝城充电站,北京市北京市朝阳区小关街道北京国际珠宝交易中心小营珠宝城,1,00:00-24:00,2019/7/26
101877,501877,3,朝阳区·特来电超级充电站(特来电北京市朝阳区凯德MALL望京,北京市北京市朝阳区凯德MALL(望京店)(阜通地铁站A2口步行120米),3,00:00-24:00,2019/7/26
101878,501878,3,朝阳区·特来电超级充电站(特来电北京市朝阳区朝阳公园充电站),北京市北京市朝阳区麦子店街道朝阳公园(枣营地铁站A西北口步行490米),1,00:00-24:00,2019/7/26
101879,501879,1,朝阳区·特来电超级充电站(特来电北京市朝阳区燕莎奥特莱斯购物,北京市北京市朝阳区南磨房乡棒约翰比萨(北京燕莎奥特莱斯店)燕莎奥特莱斯购物中心,4,00:00-24:00,2019/7/26
101880,501880,1,朝阳区·特来电超级充电站(绿丰家园东侧停车场充电站),北京市北京市朝阳区绿丰家园东路,4,00:00-24:00,2019/7/26
101881,501881,4,朝阳区·皮村充电站,北京市北京市朝阳区皮村路777号,10,00:00-24:00,2019/7/26
101882,501882,4,朝阳区·睿超充超级充电站(奥森公园场站·华为超充技术支持),北京市北京市朝阳区科荟路33号奥林匹克公园内,6,00:00-24:00,2019/7/26
101883,501883,2,朝阳区·绿能充汽车充电站(绿能东坝智慧FUN快充站),北京市北京市朝阳区东坝金隅汇景苑4区东50米(平房路东)智慧FUN生活文化露天市集停车场内,2,00:00-24:00,2019/7/26
101884,501884,4,朝阳区·能加超充超级充电站 (三元西桥1959时间里超充站),北京市北京市朝阳区曙光南路曙光里社区停车场,1,00:00-24:00,2019/7/26
101885,501885,4,朝阳区·能加超充超级充电站 (能加中心广渠路超充站),北京市北京市朝阳区广渠路11号能加中心停车场,1,00:00-24:00,2019/7/26
101886,501886,4,朝阳区·能加超充超级充电站(三元东桥南银大厦超充站·华为超充,北京市北京市朝阳区东三环北路2号南银大厦停车场(三元桥地铁站G口步行370米),3,00:00-24:00,2019/7/26
101887,501887,4,朝阳区·能加超充超级充电站(东坝公园北门超充站·华为超充技术,北京市北京市朝阳区东坝郊野公园北2门,3,00:00-24:00,2019/7/26
101888,501888,4,朝阳区·能加超充超级充电站(南四环东路城环城超充站·华为超充,北京市北京市朝阳区城环城国际汽车装饰城-城南2门旁,6,00:00-24:00,2019/7/26
101889,501889,4,朝阳区·能加超充超级充电站(太阳宫桥云南大厦超充站·华为超充,北京市北京市朝阳区新云南皇冠假日酒店西门,3,00:00-24:00,2019/7/26
101890,501890,4,朝阳区·能加超充超级充电站(惠新西桥西藏大厦超充站·华为超充,北京市北京市朝阳区北四环东路118号西藏大厦,3,00:00-24:00,2019/7/26
101891,501891,4,朝阳区·能加超充超级充电站(朝阳北路国益超充站·华为超充技术,北京市北京市朝阳区朝阳北路-能中心(国益)(青年路地铁站B东北口步行230米),3,00:00-24:00,2019/7/26
101892,501892,4,朝阳区·能加超充超级充电站(酒仙桥创新园超充站·华为超充技术,北京市北京市朝阳区酒仙桥东路1号院电子城创新产业园内停车场,1,00:00-24:00,2019/7/26
101893,501893,4,朝阳区·茂电·顺顺充超级充电站(亮马桥使馆区超充站·华为超充,北京市北京市朝阳区麦子店街道北京四季酒店中信证券大厦,2,00:00-24:00,2019/7/26
101894,501894,4,朝阳区·茂电·顺顺充超级充电站(百灵大厦超充站·华为超充技术,北京市北京市朝阳区左家庄街道百灵大厦,2,00:00-24:00,2019/7/26
101895,501895,4,朝阳区·茂电·顺顺充超级充电站(通盛会议中心超充站(华为超充,北京市北京市朝阳区王四营乡通盛苑公寓通盛园区,2,00:00-24:00,2019/7/26
101896,501896,2,朝阳区·蔚来换电站,北京市北京市朝阳区广渠路24号,2,00:00-24:00,2019/7/26
101897,501897,2,朝阳区·蔚来能源超级充电站(北京星地中心风冷),北京市北京市朝阳区星地中心停车场,3,00:00-24:00,2019/7/26
101898,501898,3,朝阳区·车联网汽车充电站(十里堡地铁站),北京市北京市朝阳区朝阳区六里屯街道如家酒店neo(北京朝阳北路十里堡地铁站店)朝阳区朝阳北路辅路,1,00:00-24:00,2019/7/26
101899,501899,3,朝阳区·逸安启超级充电站(北京万科时代中心),北京市北京市朝阳区望京街3号,4,00:00-24:00,2019/7/26
101900,501900,2,朝阳区·逸安启超级充电站(北京东坝万达),北京市北京市朝阳区东坝南二街与东坝中路交汇处东坝万达广场西北侧地面停车区,6,00:00-24:00,2019/7/26
101901,501901,2,朝阳区·逸安启超级充电站(北京华普国际大厦),北京市北京市朝阳区华普国际大厦停车场(朝阳门地铁站A东北口步行230米),8,00:00-24:00,2019/7/26
101902,501902,2,朝阳区·逸安启超级充电站(北京双桥万达),北京市北京市朝阳区双桥路3号北京双桥万达广场地面停车场(近出口),4,00:00-24:00,2019/7/26
101903,501903,2,朝阳区·逸安启超级充电站(北京安贞环宇荟),北京市北京市朝阳区安定路5号院6号楼环宇荟B3-161-165车位,2,00:00-24:00,2019/7/26
101904,501904,1,朝阳区·逸安启超级充电站(北京朝阳大悦城),"北京市北京市朝阳区朝阳大悦城B2层D区黄色立柱,6号电梯厅门口",4,00:00-24:00,2019/7/26
101905,501905,2,朝阳区·隆瑞三优汽车充电站(弘善家园充电站快充站),北京市北京市朝阳区左安东路58号(潘家园西地铁站D口步行440米),2,00:00-24:00,2019/7/26
101906,501906,3,海淀区·bp pulse汽车充电站(北京中华世纪坛),北京市北京市海淀区羊坊店街道复兴路甲9号,2,00:00-24:00,2019/7/26
101907,501907,1,海淀区·bp pulse汽车充电站(北京华通大厦),北京市北京市海淀区车公庄西路甲19号(白石桥南地铁站E西北口步行260米),3,00:00-24:00,2019/7/26
101908,501908,1,海淀区·bp pulse汽车充电站(北京远大路),北京市北京市海淀区曙光街道昆明湖路83号(蓝靛厂地铁站D口步行280米),2,00:00-24:00,2019/7/26
101909,501909,2,海淀区·bp pulse汽车充电站(北京铸诚大厦),北京市北京市海淀区铸诚大厦地面停车场,8,00:00-24:00,2019/7/26
101910,501910,2,海淀区·bp pulse汽车充电站(西山商业大厦),北京市北京市海淀区西山商业大厦停车场,1,00:00-24:00,2019/7/26
101911,501911,2,海淀区·万疆智充汽车充电站(万疆智充中关村天创充电站),北京市北京市海淀区海淀大街彩和坊路8号天创科技大厦地下停车场,3,00:00-24:00,2019/7/26
101912,501912,2,海淀区·万秀园电动自行车充电桩,北京市北京市海淀区学院路30号北京科技大学万秀园旁电动自行车充电桩,1,00:00-24:00,2019/7/26
101913,501913,2,海淀区·万马爱充汽车充电站(万马爱充东大停车场站北区),北京市北京市海淀区上地西路与G7京新高速出口交叉口西南50米地面停车场E270,12,00:00-24:00,2019/7/26
101914,501914,2,海淀区·万马爱充汽车充电站(万马爱充东大停车场站南区),北京市北京市海淀区上地西路与G7京新高速出口交叉口西南50米东地面停车场A317,3,00:00-24:00,2019/7/26
101915,501915,3,海淀区·万马爱充汽车充电站(万马爱充稻香湖景酒店站),北京市北京市海淀区稻香湖路稻香湖酒店,4,00:00-24:00,2019/7/26
101916,501916,1,海淀区·两轮电动车自行车充电站,北京市北京市海淀区西北旺东路7号,2,00:00-24:00,2019/7/26
101917,501917,2,海淀区·中国石化汽车充电站(万寿路物美充电站)(暂停营业),北京市北京市海淀区万寿路街道物美大卖场(万寿路店)地面停车场,2,00:00-24:00,2019/7/26
101918,501918,2,海淀区·中国石化汽车充电站(中国石化永丰科技园充电站),北京市北京市海淀区西北旺镇永丰科技园丰智东路5号汉庭优佳酒店院内,12,00:00-24:00,2019/7/26
101919,501919,2,海淀区·中国石化汽车充电站(二河开充电站),北京市北京市海淀区二河开21号艺术区停车场,3,00:00-24:00,2019/7/26
101920,501920,3,海淀区·中国石化汽车充电站(悦秀路充电站),北京市北京市海淀区西三旗街道悦秀路77号蓝天停车场,2,00:00-24:00,2019/7/26
101921,501921,2,海淀区·中国石化汽车充电站(新星石油内部充电站),北京市北京市海淀区北四环中路263号(学院桥地铁站D1口步行180米),2,00:00-24:00,2019/7/26
101922,501922,3,海淀区·中国石化超级充电站(中关村军民融合充电站),北京市北京市海淀区昆明湖南路51号中关村军民融合产业园,1,00:00-24:00,2019/7/26
101923,501923,3,海淀区·中国石化超级充电站(龙禹-北京-安宁庄润滑油有限公司,北京市北京市海淀区安宁庄西路,6,00:00-24:00,2019/7/26
101924,501924,4,海淀区·中国石油北京海淀西三旗超充站,北京市北京市海淀区海淀区育新花园南,2,00:00-24:00,2019/7/26
101925,501925,2,海淀区·云快充汽车充电站(万泉庄路17号充电站),北京市北京市海淀区万泉庄路17号,1,00:00-24:00,2019/7/26
101926,501926,2,海淀区·云快充汽车充电站(久凌大厦北楼充电站),北京市北京市海淀区西三环北路21北京外国语大学南校区久凌大厦F5层,1,00:00-24:00,2019/7/26
101927,501927,2,海淀区·云快充汽车充电站(温泉苗圃-充电站),北京市北京市海淀区温泉镇温泉苗圃路口东南侧停车场,3,00:00-24:00,2019/7/26
101928,501928,2,海淀区·云快充汽车充电站(物美超市安河桥北店),北京市北京市海淀区龙背村路与龙背村南一街交叉口西南120米,4,00:00-24:00,2019/7/26
101929,501929,2,海淀区·云快充汽车充电站(物美超市安河桥北店充电站快充慢充),北京市北京市海淀区马连洼街道龙背村路101号,3,00:00-24:00,2019/7/26
101930,501930,2,海淀区·云快充超级充电站(北京海淀悦邻生活广场充电站),北京市北京市海淀区西三环中路吴家场路1号院甲1号楼,1,00:00-24:00,2019/7/26
101931,501931,2,海淀区·云快充超级充电站(安速充国兴大厦公牛超级充电站),北京市北京市海淀区白石桥南地铁站B东北口步行80米,2,00:00-24:00,2019/7/26
101932,501932,4,海淀区·云快充超级充电站(萌动地带六合居超充站大巴车及4.2,北京市北京市海淀区远大路52号六合居餐饮地上停车场,6,00:00-24:00,2019/7/26
101933,501933,2,海淀区·互联互通云快充互联接入汽车充电站bp pulse快充,北京市北京市海淀区西北旺镇规划一路中关村公园南门停车场,1,00:00-24:00,2019/7/26
101934,501934,1,海淀区·公共电动自行车充电站,北京市北京市海淀区朱房路10号,4,00:00-24:00,2019/7/26
101935,501935,2,海淀区·北京海军总医院汽车充电站,北京市北京市海淀区阜成路6号院内科楼地下停车场B2层B区,3,00:00-24:00,2019/7/26
101936,501936,1,海淀区·北京车联网汽车充电站(中关村e世界)(暂停营业),北京市北京市海淀区海淀街道中关村大街24号(中关村地铁站D西南口步行260米),3,00:00-24:00,2019/7/26
101937,501937,2,海淀区·北京迪晟新能科技有限公司汽车充电站(清华科技园快充站,北京市北京市海淀区中关村东路1号清华科技园爱迪充充电站,2,00:00-24:00,2019/7/26
101938,501938,4,海淀区·北玉河村公共充电站,北京市北京市海淀区沙阳路与梅所屯路交叉口东440米,6,00:00-24:00,2019/7/26
101939,501939,1,海淀区·华商三优汽车充电站(扬招站海淀区节能大厦优易充小站),北京市北京市海淀区西直门北大街道路东侧,6,00:00-24:00,2019/7/26
101940,501940,4,海淀区·卫莱电汽车充电站(苏州桥超充站),北京市北京市海淀区三义庙街二号院内(苏州桥地铁站B口步行340米),3,00:00-24:00,2019/7/26
101941,501941,1,海淀区·双安东充电站,北京市北京市海淀区北三环西路36号(人民大学地铁站F口步行300米),2,00:00-24:00,2019/7/26
101942,501942,2,海淀区·叮叮汽车充电站(大慧寺南路充电站),北京市北京市海淀区大慧寺南路,2,00:00-24:00,2019/7/26
101943,501943,2,海淀区·国家电网充电站(海淀区玉泉慧谷二期南侧),北京市北京市海淀区邓庄路玉泉慧谷2期中国民生银行北京香山支行南侧地面停车场,6,00:00-24:00,2019/7/26
101944,501944,2,海淀区·国家电网汽车充电站(中关村数字产业园),北京市北京市海淀区牡丹园地铁站F口步行360米地面停车场,1,00:00-24:00,2019/7/26
101945,501945,2,海淀区·国家电网汽车充电站(五棵松北路),北京市北京市海淀区华熙Live五棵松地下停车场B2层A2西区A2-136,6,00:00-24:00,2019/7/26
101946,501946,1,海淀区·国家电网汽车充电站(京仪科技大厦B座南),北京市北京市海淀区大钟寺东路9号京仪宾馆地面停车场内,4,00:00-24:00,2019/7/26
101947,501947,2,海淀区·国家电网汽车充电站(北京市海淀区上地三街东口公共充电,北京市北京市海淀区上地东路39号,6,00:00-24:00,2019/7/26
101948,501948,1,海淀区·国家电网汽车充电站(北京市海淀区上地西街东大停车场公,北京市北京市海淀区后厂村路北侧东大停车场,4,00:00-24:00,2019/7/26
101949,501949,2,海淀区·国家电网汽车充电站(北京市海淀区东升花园中心),北京市北京市海淀区G7辅路东升花园中心停车场,1,00:00-24:00,2019/7/26
101950,501950,2,海淀区·国家电网汽车充电站(北京市海淀区中国气象局社区南区公,北京市北京市海淀区中国气象局社区南区19号楼北侧地面停车场,8,00:00-24:00,2019/7/26
101951,501951,2,海淀区·国家电网汽车充电站(北京市海淀区北京师范大学公共超级,北京市北京市海淀区新街口外大街19号(北太平庄地铁站C口步行450米),4,00:00-24:00,2019/7/26
101952,501952,2,海淀区·国家电网汽车充电站(北京市海淀区和盈大厦公共充电站),北京市北京市海淀区清河朱房路临甲68号北京合盈科技发展有限公司,2,00:00-24:00,2019/7/26
101953,501953,2,海淀区·国家电网汽车充电站(北京市海淀区大牛坊小区),北京市北京市海淀区西北旺镇大牛坊小区一期北侧地面停车场,2,00:00-24:00,2019/7/26
101954,501954,1,海淀区·国家电网汽车充电站(北京市海淀区宋庆龄基金会北侧公共,北京市北京市海淀区玉渊潭南路11号院宋庆龄儿童科技馆北侧地面停车场,6,00:00-24:00,2019/7/26
101955,501955,2,海淀区·国家电网汽车充电站(北京市海淀区春晖园公共充电站),北京市北京市海淀区西北旺镇后厂村路春晖园地面停车场,2,00:00-24:00,2019/7/26
101956,501956,2,海淀区·国家电网汽车充电站(北京市海淀区柳林村公共充电站),北京市北京市海淀区苏家坨镇柳林村柳林村村委会,4,00:00-24:00,2019/7/26
101957,501957,3,海淀区·国家电网汽车充电站(北京市海淀区汇通诺尔狂飙运动乐园,北京市北京市海淀区苏家坨镇南安河路1号汇通诺尔狂飙运动乐园停车场,2,00:00-24:00,2019/7/26
101958,501958,2,海淀区·国家电网汽车充电站(北京市海淀区玉带河),北京市北京市海淀区沙阳路南100米,1,00:00-24:00,2019/7/26
101959,501959,2,海淀区·国家电网汽车充电站(北京市海淀区用友软件园公共充电站,北京市北京市海淀区中科院光电技术所食堂楼地面停车场032,2,00:00-24:00,2019/7/26
101960,501960,2,海淀区·国家电网汽车充电站(北京市海淀区金望泽),北京市北京市海淀区西北旺镇金望泽花卉综合市场地面停车场,4,00:00-24:00,2019/7/26
101961,501961,2,海淀区·国家电网汽车充电站(北京市海淀区香山公园2号停车场充,北京市北京市海淀区香山公园2号停车场(香泉环岛西北角),6,00:00-24:00,2019/7/26
101962,501962,3,海淀区·国家电网汽车充电站(北京市海淀区馨瑞嘉园公共充电站),北京市北京市海淀区上庄镇馨瑞东路馨瑞嘉园地面停车场,10,00:00-24:00,2019/7/26
101963,501963,2,海淀区·国家电网汽车充电站(海淀区学院南路33号充电站),北京市北京市海淀区康福瑞连锁酒店(学院南路店)停车场,4,00:00-24:00,2019/7/26
101964,501964,2,海淀区·国家电网汽车充电站(花园路学区管理中心西北),北京市北京市海淀区花园路3号塔院小区晴冬园3号楼东侧,3,00:00-24:00,2019/7/26
101965,501965,3,海淀区·壳牌中央新闻纪录电影制片厂充电站(小桔充电),北京市北京市海淀区北三环中路辅路与福东巷交叉口东北220米,1,00:00-24:00,2019/7/26
101966,501966,2,海淀区·壳牌充电汽车充电站(壳牌充电北京海淀安河桥北商业楼地,北京市北京市海淀区龙背村路101号物美超市B2层,1,00:00-24:00,2019/7/26
101967,501967,2,海淀区·壳牌充电汽车充电站(壳牌充电北京海淀硅谷亮城地下快充,北京市北京市海淀区上地街道硅谷亮城8号楼地下二层停车场,8,00:00-24:00,2019/7/26
101968,501968,3,海淀区·小桔充电汽车充电站(BP快速充电站北京海淀万寿宾馆),北京市北京市海淀区万寿宾馆根据定位导航即可到达充电站入口,2,00:00-24:00,2019/7/26
101969,501969,2,海淀区·小桔充电汽车充电站(BP快速充电站北京海淀万寿宾馆),北京市北京市海淀区万寿路街道万寿路11号万寿宾馆,3,00:00-24:00,2019/7/26
101970,501970,3,海淀区·小桔充电汽车充电站(加速器二区充电站),北京市北京市海淀区永丰路5号院,6,00:00-24:00,2019/7/26
101971,501971,2,海淀区·小桔充电汽车充电站(北京世纪金源大饭店淘淘充超级充电,北京市北京市海淀区世纪金源大饭店地面停车场,3,00:00-24:00,2019/7/26
101972,501972,3,海淀区·小桔充电汽车充电站(北京市海淀区玲珑天地),北京市北京市海淀区金隅大成玲珑天地地面停车场004(出入口),2,00:00-24:00,2019/7/26
101973,501973,1,海淀区·小桔充电汽车充电站(北京市海淀区魏公村佳苑慢充站),北京市北京市海淀区紫竹院街道魏公村(北区)魏公村佳苑直达B3车库,6,00:00-24:00,2019/7/26
101974,501974,1,海淀区·小桔充电汽车充电站(北京海淀世纪华天酒店),北京市北京市海淀区曙光街道北京世纪华天大酒店地面停车场,3,00:00-24:00,2019/7/26
101975,501975,2,海淀区·小桔充电汽车充电站(北京海淀今日家园充电站),北京市北京市海淀区西翠路5号今日家园商业中心地下停车场室内地下B1层,2,00:00-24:00,2019/7/26
101976,501976,2,海淀区·小桔充电汽车充电站(北京海淀区唐家岭),北京市北京市海淀区西北旺镇土井村路甲49号东居物业一库区地面停车场(最东侧),2,00:00-24:00,2019/7/26
101977,501977,3,海淀区·小桔充电汽车充电站(北京海淀嘉德公寓),北京市北京市海淀区复兴路甲38-6号苏宁易购复兴路店停车场,3,00:00-24:00,2019/7/26
101978,501978,3,海淀区·小桔充电汽车充电站(北京海淀嘉豪国际充电站),北京市北京市海淀区嘉豪国际中心西地面停车场(车道沟地铁站D西南口步行190米),6,00:00-24:00,2019/7/26
101979,501979,1,海淀区·小桔充电汽车充电站(北京海淀田村路23号院),北京市北京市海淀区田村路街道长荣酒店(半壁店)地面停车场,10,00:00-24:00,2019/7/26
101980,501980,4,海淀区·小桔充电汽车充电站(北京海淀百旺绿茵500kw超充站,北京市北京市海淀区百旺绿荫地面停车场,1,00:00-24:00,2019/7/26
101981,501981,3,海淀区·小桔充电汽车充电站(北京海淀西山锦绣府),北京市北京市海淀区亮甲店东路11号院3号楼北侧,4,00:00-24:00,2019/7/26
101982,501982,4,海淀区·小桔充电汽车充电站(北京金四季购物中心充电站),北京市北京市海淀区金四季购物中心地面停车场(四季青桥地铁站A口步行390米),6,00:00-24:00,2019/7/26
101983,501983,4,海淀区·小桔充电汽车充电站(北京静态交通久利产业园超充站),北京市北京市海淀区西三旗街道久利产业园,4,00:00-24:00,2019/7/26
101984,501984,2,海淀区·小桔充电汽车充电站(华速快充海淀区环洋大厦停车场),北京市北京市海淀区环洋大厦停车场入口右转(西二旗地铁站A1北入口步行380米),6,00:00-24:00,2019/7/26
101985,501985,4,海淀区·小桔充电汽车充电站(天潮能充·定慧里液冷超充站),北京市北京市海淀区八里庄街道西八里庄路62号院1号楼正源广场地下停车场,1,00:00-24:00,2019/7/26
101986,501986,4,海淀区·小桔充电汽车充电站(志新路11号院充电站),北京市北京市海淀区志新西路11号志新西路11号楼志新路11号立体停车场,4,00:00-24:00,2019/7/26
101987,501987,2,海淀区·小桔充电汽车充电站(桔子酒店北京中关村软件园店充电站,北京市北京市海淀区地面停车场,3,00:00-24:00,2019/7/26
101988,501988,2,海淀区·小桔充电汽车充电站(海淀中关村方正国际大厦)(暂停营,北京市北京市海淀区北四环西路辅路与莺房胡同交叉口东南40米,2,00:00-24:00,2019/7/26
101989,501989,2,海淀区·小桔充电汽车充电站(海淀区北坞创新园超级充电站),北京市北京市海淀区四季青镇北坞创新园南区3号园区西侧地面停车场,2,00:00-24:00,2019/7/26
101990,501990,3,海淀区·小桔充电汽车充电站(西三旗超级充电站),北京市北京市海淀区西三旗育新花园南50米,2,00:00-24:00,2019/7/26
101991,501991,1,海淀区·小桔充电汽车充电站(首发能源静态交通大运村停车楼充电,北京市北京市海淀区知春路辅路与罗庄西路交叉口西160米,1,00:00-24:00,2019/7/26
101992,501992,3,海淀区·小桔汽车充电站(北京海淀银网中心充电站),北京市北京市海淀区中关村街道知春路113号银网中心地下二层,6,00:00-24:00,2019/7/26
101993,501993,2,海淀区·小鹏超级充电站(小鹏S4超快充北京世纪金源大饭店站),北京市北京市海淀区板井路69号世纪金源大饭店地面停车场(入口板井路),4,00:00-24:00,2019/7/26
101994,501994,2,海淀区·小鹏超级充电站(小鹏S4超快充北京中关村软件园站),北京市北京市海淀区上地街道软件园四号路中关村软件园(入口环湖西路),3,00:00-24:00,2019/7/26
101995,501995,2,海淀区·小鹏超级充电站(小鹏S4超快充北京印象城翠微店站),北京市北京市海淀区翠微路12号北京海淀印象城B2层,2,00:00-24:00,2019/7/26
101996,501996,2,海淀区·小鹏超级充电站(小鹏S4超快充北京翠微大厦站),北京市北京市海淀区北京市复兴路33号(入口翠微东三条路),8,00:00-24:00,2019/7/26
101997,501997,2,海淀区·小鹏超级充电站(小鹏S4超快充北京西山锦绣府站),北京市北京市海淀区亮甲店东路9号院西山锦绣府(入口西北旺北路),1,00:00-24:00,2019/7/26
101998,501998,4,海淀区·岚图超级充电站(北京海淀大悦城岚图汽车智慧超充站),北京市北京市海淀区大牛坊二巷8号院1号楼大悦城B2层H174-H179车位,2,00:00-24:00,2019/7/26
101999,501999,3,海淀区·广汽能源超级充电站(北京盈都大厦),北京市北京市海淀区中关村国家自主创新示范区展示交易中心停车场,3,00:00-24:00,2019/7/26
102000,502000,4,海淀区·开迈斯汽车充电站(北京市海淀区领展购物广场站),北京市北京市海淀区海淀街道丹棱街甲1号领展购物广场地下停车场C2区,2,00:00-24:00,2019/7/26
102001,502001,3,海淀区·新电途汽车充电站(五棵松万达广场超级充电站),北京市北京市海淀区万寿路街道五棵松公园-中区北京五棵松万达广场,8,00:00-24:00,2019/7/26
102002,502002,4,海淀区·新电途汽车充电站(优速得西二旗桥下超充站),北京市北京市海淀区上地街道G7京新高速盈创动力科技园,4,00:00-24:00,2019/7/26
102003,502003,2,海淀区·新电途汽车充电站(双安东充电站),北京市北京市海淀区北下关街道北三环西路甲36号双安商场,10,00:00-24:00,2019/7/26
102004,502004,3,海淀区·昆仑网电汽车充电站(中国石油北京海淀中发百旺停车楼充,北京市北京市海淀区圆明园西路18号中发百旺南侧立体停车楼4层,10,00:00-24:00,2019/7/26
102005,502005,1,海淀区·昆仑网电汽车充电站(中国石油北京海淀吴家场充电站),北京市北京市海淀区羊坊店街道吴家场路道乐蒙恩商务街北侧,2,00:00-24:00,2019/7/26
102006,502006,3,海淀区·昆仑网电汽车充电站(中国石油北京蓝天西小口停车场充电,北京市北京市海淀区清河小营西小口路27号蓝天停车-西小口停车场,3,00:00-24:00,2019/7/26
102007,502007,1,海淀区·昆仑网电汽车充电站(中国石油巨山农场充电站),北京市北京市海淀区香山南路74-86号香山巨山农场1号停车场,2,00:00-24:00,2019/7/26
102008,502008,2,海淀区·昆仑网电汽车充电站(中国石油海淀区白石桥南停车场充电,北京市北京市海淀区首体南路16号白石桥南停车场内,3,00:00-24:00,2019/7/26
102009,502009,2,海淀区·昆仑网电汽车充电站(中国石油畅春园充电站),北京市北京市海淀区清溪书屋路畅春新园,4,00:00-24:00,2019/7/26
102010,502010,3,海淀区·昆仑网电汽车充电站(昆仑网电北京中土大厦充电站),北京市北京市海淀区北蜂窝6号东门进入到头左转停车场出口岗亭旁边,6,00:00-24:00,2019/7/26
102011,502011,2,海淀区·昆仑网电汽车充电站(昆仑网电北京恩菲大厦院外充电站),北京市北京市海淀区羊坊店路3-5号,4,00:00-24:00,2019/7/26
102012,502012,1,海淀区·星星充电汽车充电站(学院8号超级充电站),北京市北京市海淀区学院路街道中央芭蕾舞团中芭艺蕾中关村示范基地如家商旅酒店,6,00:00-24:00,2019/7/26
102013,502013,3,海淀区·星星充电汽车充电站(宝盛广场超级充电站),北京市北京市海淀区东升镇黑泉路8号宝盛广场,2,00:00-24:00,2019/7/26
102014,502014,2,海淀区·星星充电汽车充电站(星星充电-汽车快充电站安宁庄西路,北京市北京市海淀区安宁庄西路13号,1,00:00-24:00,2019/7/26
102015,502015,3,海淀区·星星充电汽车充电站(星星充电-海淀-千方大厦充电站),北京市北京市海淀区上地街道软件园三号路千方大厦,2,00:00-24:00,2019/7/26
102016,502016,2,海淀区·星星充电汽车充电站(海淀区-定慧产业园),北京市北京市海淀区八里庄街道西四环中路辅路集美家居定慧桥商场地面停车场85,1,00:00-24:00,2019/7/26
102017,502017,2,海淀区·星星充电汽车充电站(营福路充电站),北京市北京市海淀区西三旗街道雨杰炙子烤肉(福美苑店)福美苑,6,00:00-24:00,2019/7/26
102018,502018,4,海淀区·星星充电汽车充电站(青核便民E中心充电站),北京市北京市海淀区西三旗街道龙港宾馆永泰庄路6号院,3,00:00-24:00,2019/7/26
102019,502019,2,海淀区·极氪能源超级充电站(北京中关村e世界财富中心极充站),北京市北京市海淀区中关村大街11号e世界财富中心地面停车位,2,00:00-24:00,2019/7/26
102020,502020,4,海淀区·极氪能源超级充电站(北京中关村公园南门停车场极充站),北京市北京市海淀区唐家岭土井村路45号中关村公园(东南角)地面停车位,2,00:00-24:00,2019/7/26
102021,502021,3,海淀区·极氪能源超级充电站(北京海淀悦界主题街区极充站),北京市北京市海淀区大牛房一巷与大牛房二环路交叉口南60米悦界主题街区地下停车场负二层,3,00:00-24:00,2019/7/26
102022,502022,1,海淀区·极狐汽车充电站(五棵松冰上中心),北京市北京市海淀区华熙LIVE·冰上中心地上停车场,12,00:00-24:00,2019/7/26
102023,502023,3,海淀区·枫蓝国际充电站,北京市北京市海淀区西直门北大街32院,2,00:00-24:00,2019/7/26
102024,502024,2,海淀区·比亚迪仰望闪充站,北京市北京市海淀区马连洼街道西北旺北路百旺绿谷汽车园,10,00:00-24:00,2019/7/26
102025,502025,2,海淀区·比亚迪闪充汽车充电站(比亚迪北京瑞鹏福瑞4S店),北京市北京市海淀区马连洼街道比亚迪汽车王朝网(北京瑞鹏福瑞4S店),2,00:00-24:00,2019/7/26
102026,502026,1,海淀区·汽车充电站(公共站海淀区紫星苑小区北门优易充小站),北京市北京市海淀区西北旺镇皇后店永玉东二路紫星苑,3,00:00-24:00,2019/7/26
102027,502027,3,海淀区·汽车充电站(卡丘充电-泰富酒店),北京市北京市海淀区北太平庄街道西土城路1号院1号楼地库B2,6,00:00-24:00,2019/7/26
102028,502028,4,海淀区·汽车充电站(小鹏超充北京理想国际大厦站),北京市北京市海淀区海淀街道北四环西路58号理想国际大厦地下停车场345,12,00:00-24:00,2019/7/26
102029,502029,3,海淀区·汽车充电站(海淀实创智谷中心充电站),北京市北京市海淀区玉津东路实创智谷中心,3,00:00-24:00,2019/7/26
102030,502030,1,海淀区·汽车充电站(睿科普盛防震减灾教育公园充电桩),北京市北京市海淀区紫竹院路正福寺76号(四季青桥东),3,00:00-24:00,2019/7/26
102031,502031,2,海淀区·滴滴充电充电站(北京汉庭酒店西直门邮电大学充电站),北京市北京市海淀区汉庭酒店(北京邮电大学西直门店),6,00:00-24:00,2019/7/26
102032,502032,2,海淀区·滴滴充电汽车充电站(BP快速充电站北京海淀唐家岭停车,北京市北京市海淀区西北旺镇规划一路中关村公园南门停车场地面停车场,6,00:00-24:00,2019/7/26
102033,502033,4,海淀区·滴滴充电汽车充电站(Hi ZOOM超充站西二旗桥),北京市北京市海淀区西北旺镇西二旗地面停车场上地东路北侧京新高速桥下停车场,2,00:00-24:00,2019/7/26
102034,502034,4,海淀区·滴滴充电汽车充电站(上地金融科贸大厦-鲸悦能源超充站,北京市北京市海淀区金隅嘉华大厦南门东190米,8,00:00-24:00,2019/7/26
102035,502035,4,海淀区·滴滴充电汽车充电站(五彩飞扬巨山1号停车场充电站),北京市北京市海淀区五彩飞扬巨山1号停车场充电站,1,00:00-24:00,2019/7/26
102036,502036,3,海淀区·滴滴充电汽车充电站(京能超级充电站中发百旺站),北京市北京市海淀区汽车充电站(京能超级充电站中发百旺站),2,00:00-24:00,2019/7/26
102037,502037,4,海淀区·滴滴充电汽车充电站(北京上庄环洲创业园超充站),北京市北京市海淀区上庄环洲创业园停车场西北侧,4,00:00-24:00,2019/7/26
102038,502038,4,海淀区·滴滴充电汽车充电站(北京市海淀区魏公村佳苑充电站),北京市北京市海淀区紫竹院街道魏公村(北区)魏公村佳苑B3层,2,00:00-24:00,2019/7/26
102039,502039,4,海淀区·滴滴充电汽车充电站(北京海淀四季青生命科技园超充站),北京市北京市海淀区小桔充电汽车充电站(北京海淀四季青生命科技园超充站),4,00:00-24:00,2019/7/26
102040,502040,4,海淀区·滴滴充电汽车充电站(北京海淀永泰庄液冷超充站),北京市北京市海淀区上庄镇小翠饭庄北京未名广告基地,2,00:00-24:00,2019/7/26
102041,502041,4,海淀区·滴滴充电汽车充电站(北京海淀沁春汇充电站),北京市北京市海淀区北京·沁春汇地面停车场,2,00:00-24:00,2019/7/26
102042,502042,2,海淀区·滴滴充电汽车充电站(北京西荣阁酒店充电站),北京市北京市海淀区八里庄街道西荣阁B座,1,00:00-24:00,2019/7/26
102043,502043,4,海淀区·滴滴充电汽车充电站(海淀柳林村朋博产业园超充站),北京市北京市海淀区苏家坨镇朋博产业园,3,00:00-24:00,2019/7/26
102044,502044,2,海淀区·滴滴充电汽车充电站(清河站南G7桥下停车场),北京市北京市海淀区京新高速上地桥桥下上地东里第二社区上地东路下,4,00:00-24:00,2019/7/26
102045,502045,4,海淀区·滴滴充电汽车充电站(环保园北侧停车场超充站),北京市北京市海淀区温泉镇北分厂家属区中关村环保科技示范园,1,00:00-24:00,2019/7/26
102046,502046,2,海淀区·特斯拉超级充电站(北京中关村资本大厦),北京市北京市海淀区学院南路62号地上停车场,2,00:00-24:00,2019/7/26
102047,502047,1,海淀区·特斯拉超级充电站(北京中关村软件园),北京市北京市海淀区中关村软件园汉王大厦对面/入口云盘南街,2,00:00-24:00,2019/7/26
102048,502048,2,海淀区·特斯拉超级充电站(北京中关村领展),北京市北京市海淀区丹棱街甲1号地下停车场B3层D区3020-3022车位/入口丹棱街,1,00:00-24:00,2019/7/26
102049,502049,2,海淀区·特斯拉超级充电站(北京凯德晶品),北京市北京市海淀区复兴路51号凯德晶品购物中心地下停车场B1层出口处,4,00:00-24:00,2019/7/26
102050,502050,2,海淀区·特斯拉超级充电站(北京国海广场),北京市北京市海淀区复兴路17号4号楼公寓旁地面停车场6B,4,00:00-24:00,2019/7/26
102051,502051,3,海淀区·特斯拉超级充电站(北京国际财经中心),北京市北京市海淀区西三环北路87国际财经中心B2地下停车场,3,00:00-24:00,2019/7/26
102052,502052,1,海淀区·特斯拉超级充电站(北京学清嘉创大厦),北京市北京市海淀区学清路银泉路交叉口东南地下B2-B区021-037车位/入口银泉路,3,00:00-24:00,2019/7/26
102053,502053,3,海淀区·特斯拉超级充电站(北京市海润大厦),北京市北京市海淀区海淀南路36号地面停车场(苏州街地铁站A西北口步行370米),10,00:00-24:00,2019/7/26
102054,502054,2,海淀区·特斯拉超级充电站(北京智慧谷悦界),北京市北京市海淀区永润路18号院智慧谷悦界地下停车场B2层B2-248车位旁/入口大牛房一巷,6,00:00-24:00,2019/7/26
102055,502055,1,海淀区·特斯拉超级充电站(北京清华科技园),北京市北京市海淀区中关村东路1号清华科技园阳光厅地下停车场B2层218车位旁,8,00:00-24:00,2019/7/26
102056,502056,3,海淀区·特斯拉超级充电站(北京清河万象汇),北京市北京市海淀区清河中街68号万象汇东区地下停车场2A,3,00:00-24:00,2019/7/26
102057,502057,1,海淀区·特斯拉超级充电站(北京科大天工大厦),北京市北京市海淀区学院路30号科大天工大厦地上停车场/入口学院路,12,00:00-24:00,2019/7/26
102058,502058,2,海淀区·特斯拉超级充电站(北京通厦公元99),北京市北京市海淀区西三旗街道悦秀路99号地下B3层,6,00:00-24:00,2019/7/26
102059,502059,2,海淀区·特斯拉超级充电站(北京龙湖星悦荟),北京市北京市海淀区颐和园路208号龙湖星悦荟地下停车场B1层08-19车位/入口二龙闸路,6,00:00-24:00,2019/7/26
102060,502060,3,海淀区·特来电汽车充电站(北京航天城社区充电站),北京市北京市海淀区友谊路102号院,2,00:00-24:00,2019/7/26
102061,502061,1,海淀区·特来电汽车充电站(特来电人大文化科技园充电站),北京市北京市海淀区海淀街道文化大厦中国人民大学文化科技园地面及B1停车场,2,00:00-24:00,2019/7/26
102062,502062,1,海淀区·特来电汽车充电站(特来电农大家属院充电站),北京市北京市海淀区圆明园西路三号院16号楼西侧地面停车场,4,00:00-24:00,2019/7/26
102063,502063,1,海淀区·特来电汽车充电站(特来电北京市海淀区西四环北路119,北京市北京市海淀区四季青镇爱家家居(西四环商城店)金四季购物中心东南侧四季慧谷·数字创新产业园地面停车场,8,00:00-24:00,2019/7/26
102064,502064,3,海淀区·特来电汽车充电站(特来电北京市海淀区金源燕莎充电站),北京市北京市海淀区曙光街道西顶路花园广场地面停车场(长春桥地铁站A西北口步行330米),1,00:00-24:00,2019/7/26
102065,502065,2,海淀区·特来电汽车充电站(特来电鼎好DH3大厦A座地下停车场,北京市北京市海淀区海淀大街3号鼎好DH3大厦A座B3地下停车场,3,00:00-24:00,2019/7/26
102066,502066,2,海淀区·特来电汽车充电站(特来电鼎好DH3大厦B座地下停车场,北京市北京市海淀区海淀大街3号鼎好DH3大厦B座地下停车场B3层,6,00:00-24:00,2019/7/26
102067,502067,3,海淀区·特来电目的地充电站(西三旗充电站),北京市北京市海淀区育新花园东北2门南240米,6,00:00-24:00,2019/7/26
102068,502068,3,海淀区·特来电超级充电站(特来电北京市海淀区五道口购物中心充,北京市北京市海淀区五道口购物中心停车场(五道口地铁站B南口步行300米),4,00:00-24:00,2019/7/26
102069,502069,4,海淀区·理想超级充电站(理想超充站北京五棵松万达广场),北京市北京市海淀区万达广场北京海淀店地面停车场,3,00:00-24:00,2019/7/26
102070,502070,4,海淀区·理想超级充电站(理想超充站北京数码大厦A座),北京市北京市海淀区数码大厦地面停车场(人民大学地铁站F口步行110米),4,00:00-24:00,2019/7/26
102071,502071,4,海淀区·理想超级充电站(理想超充站北京泰山饭店),北京市北京市海淀区北京泰山饭店停车场,4,00:00-24:00,2019/7/26
102072,502072,4,海淀区·理想超级充电站(理想超充站北京清华科技园创业大厦),北京市北京市海淀区清华科技园·创业大厦北侧停车场,8,00:00-24:00,2019/7/26
102073,502073,4,海淀区·理想超级充电站(理想超充站北京西海国际中心),北京市北京市海淀区西海国际中心停车场(苏州桥地铁站B口步行120米),1,00:00-24:00,2019/7/26
102074,502074,4,海淀区·能加超充汽车充电站(北京西客站充电站),北京市北京市海淀区北蜂窝路43号,10,00:00-24:00,2019/7/26
102075,502075,4,海淀区·能加超充超级充电站 (志新路中核中原超充站),北京市北京市海淀区志新路11号立体停车场入口,8,00:00-24:00,2019/7/26
102076,502076,4,海淀区·能加超充超级充电站(上地创业路超充站·华为超充技术支,北京市北京市海淀区上地如家酒店,2,00:00-24:00,2019/7/26
102077,502077,4,海淀区·能加超充超级充电站(上地金隅嘉华大厦超充站·华为超充,北京市北京市海淀区金隅嘉华大厦西门,2,00:00-24:00,2019/7/26
102078,502078,4,海淀区·能加超充超级充电站(东北旺百旺绿荫超充站·华为超充技,北京市北京市海淀区百旺绿茵,1,00:00-24:00,2019/7/26
102079,502079,4,海淀区·能加超充超级充电站(京通宾馆超充站),北京市北京市海淀区万寿路乙-27号京通宾馆停车场,3,00:00-24:00,2019/7/26
102080,502080,4,海淀区·能加超充超级充电站(保福寺桥银谷大厦超充站·华为超充,北京市北京市海淀区银谷大厦,6,00:00-24:00,2019/7/26
102081,502081,4,海淀区·能加超充超级充电站(四季青桥依斯特大厦超充站·华为超,北京市北京市海淀区依斯特大厦,3,00:00-24:00,2019/7/26
102082,502082,4,海淀区·能加超充超级充电站(花园桥外文大厦超充站·华为超充技,北京市北京市海淀区西三环北路89号(花园桥地铁站A西北口步行260米),6,00:00-24:00,2019/7/26
102083,502083,4,海淀区·能加超充超级充电站(西四环北路10号院超充站·华为超,北京市北京市海淀区西四环北路10号院,3,00:00-24:00,2019/7/26
102084,502084,4,海淀区·能加超充超级充电站(黑泉路芳清园超充站·华为超充技术,北京市北京市海淀区东升镇芳清园小区8号楼底商停车场,1,00:00-24:00,2019/7/26
102085,502085,1,海淀区·蔚来换电站(北京海淀明园大学站),北京市北京市海淀区四拨子北路与育新花园西路交叉口西160米,1,00:00-24:00,2019/7/26
102086,502086,2,海淀区·蔚来换电站(北京西山朗丽兹酒店),北京市北京市海淀区丰滢东路9号(永丰南地铁站B东北口步行390米),2,00:00-24:00,2019/7/26
102087,502087,2,海淀区·蔚来能源汽车充电站(北京西苑交通枢纽),北京市北京市海淀区蔚来换电站北京西苑交通枢纽旁,3,00:00-24:00,2019/7/26
102088,502088,2,海淀区·蔚来能源超级充电站(北京海淀五路居),北京市北京市海淀区营慧寺75号(四季青桥地铁站C口步行460米),4,00:00-24:00,2019/7/26
102089,502089,2,海淀区·蔚来能源超级充电站(北京海淀北坞创新园),北京市北京市海淀区北坞村路23号,3,00:00-24:00,2019/7/26
102090,502090,3,海淀区·逸安启超级充电站(北京五棵松万达),北京市北京市海淀区复兴路69号五棵松万达地上停车场(原始车位编号011-015),6,00:00-24:00,2019/7/26
102091,502091,2,海淀区·逸安启超级充电站(北京海淀大悦城),"北京市北京市海淀区大牛房二巷南大悦城地下停车场北入口B2层H区,近H006号车位",2,00:00-24:00,2019/7/26
102092,502092,1,海淀区·逸安启超级充电站(北京清河万象汇),北京市北京市海淀区清河中街68号B2层西区(原始车位编号C218-221),6,00:00-24:00,2019/7/26
102093,502093,3,海淀区·逸安启超级充电站(北京西北旺万象汇),北京市北京市海淀区西北旺万象汇地下停车场(西北旺地铁站B东北口步行300米),2,00:00-24:00,2019/7/26
102094,502094,2,海淀区·逸安启超级充电站(北京银谷大厦),北京市北京市海淀区中关村东路36号,2,00:00-24:00,2019/7/26
102095,502095,3,海淀区·金五星科技园充电站,北京市北京市海淀区中关村东路118号地面停车场,2,00:00-24:00,2019/7/26
102096,502096,1,海淀区·隆瑞三优超级充电站(西二旗超级充电站),北京市北京市海淀区西二旗公共汽车站东南1门旁,2,00:00-24:00,2019/7/26
102097,502097,1,海淀区·隆瑞三优超级充电站(隆瑞三优苏家坨超级充电站),北京市北京市海淀区翠湖北路,2,00:00-24:00,2019/7/26
102098,502098,1,海淀区·隆瑞三优超级充电站(隆瑞三优西黄庄超级充电站),北京市北京市海淀区远大路39号院-2号,4,00:00-24:00,2019/7/26
102099,502099,3,海淀区·隆瑞三优超级充电站(隆瑞三优龙背村超级充电站),北京市北京市海淀区龙背村路(安河桥北地铁站B东北口步行90米),4,00:00-24:00,2019/7/26
102100,502100,3,海淀区·驴充充汽车充电站(易亨环星汽车充电站北京牡丹园),北京市北京市海淀区花园北路14号易亨环星科创园,1,00:00-24:00,2019/7/26
102101,502101,3,海淀区·驴充充汽车充电站(梅所屯西停车场),北京市北京市海淀区梅所屯西南停车场梅所屯电动汽车充电站,4,00:00-24:00,2019/7/26
102102,502102,4,石景山区·K充电汽车充电站(台湾街充电站),北京市北京市石景山区鲁谷路台湾街商业区南侧,3,00:00-24:00,2019/7/26
102103,502103,3,石景山区·K充电汽车充电站(苹果园充电站),北京市北京市石景山区阜石路175号院(苹果园地铁站J口步行430米),3,00:00-24:00,2019/7/26
102104,502104,2,石景山区·bp pulse汽车充电站(北京德瑞凯通足球公园),北京市北京市石景山区北京市老山街道石景山路甲17号,1,00:00-24:00,2019/7/26
102105,502105,1,石景山区·中国石化汽车充电站(中国石化台湾街充电站),北京市北京市石景山区鲁谷路台湾街商业区南侧,8,00:00-24:00,2019/7/26
102106,502106,1,石景山区·中国石化汽车充电站(中国石化爱玛裕足球公园充电站),北京市北京市石景山区龙泉爱玛裕足球公园,3,00:00-24:00,2019/7/26
102107,502107,1,石景山区·中国石化汽车充电站(中国石化鲁谷充电站),北京市北京市石景山区体育场南路北侧鲁谷加油站内,2,00:00-24:00,2019/7/26
102108,502108,1,石景山区·中国石化汽车充电站(八角街道充电站)(不对外开放),北京市北京市石景山区八角北路甲36号,1,00:00-24:00,2019/7/26
102109,502109,2,石景山区·中国石化汽车充电站(石景山八大处甲2号内部充电站),北京市北京市石景山区八大处甲2号,6,00:00-24:00,2019/7/26
102110,502110,2,石景山区·中国石化汽车充电站(苹果园充电站),北京市北京市石景山区苹果园街道阜石路辅路与杨庄大街交叉口西420米,8,00:00-24:00,2019/7/26
102111,502111,4,石景山区·中国石化爱玛裕足球公园充电站(皓能足球公园超充站),北京市北京市石景山区万商青年公寓东北侧130米,2,00:00-24:00,2019/7/26
102112,502112,2,石景山区·中国铁塔汽车充电站(北京石景山蓝天军苑充电站)(内部,北京市北京市石景山区蓝天军苑小区,2,00:00-24:00,2019/7/26
102113,502113,2,石景山区·云快充汽车充电站(石景山中诚大厦充电站),北京市北京市石景山区八角西街36号,2,00:00-24:00,2019/7/26
102114,502114,2,石景山区·云快充汽车充电站(萌动地带中海金鑫),北京市北京市石景山区城泰街与古安路交叉口西北100米,3,00:00-24:00,2019/7/26
102115,502115,2,石景山区·云快充汽车充电站(车之友充电站),北京市北京市石景山区鲁谷东街23号,6,00:00-24:00,2019/7/26
102116,502116,2,石景山区·云快充目的地充电站(石景山模式口中里20号楼西侧充电,北京市北京市石景山区首钢模式口中里小区20号楼西侧,2,00:00-24:00,2019/7/26
102117,502117,2,石景山区·云快充目的地充电站(石景山模式口西里40号楼北侧充电,北京市北京市石景山区首钢模式口西里小区40号楼北侧,4,00:00-24:00,2019/7/26
102118,502118,2,石景山区·云快充目的地充电站(金铸阳光苑小区B4-3059-车,北京市北京市石景山区北京市铸造村中路石景山区金铸阳光苑,1,00:00-24:00,2019/7/26
102119,502119,4,石景山区·云快充超级充电站(鸿蒙智行授权用户中心·北京首钢园超,北京市北京市石景山区古城大街(特钢公司厂内)北京国际汽车贸易服务园区F20号,2,00:00-24:00,2019/7/26
102120,502120,2,石景山区·互联互通云快充互联接入汽车充电站鲁谷,北京市北京市石景山区体育场南路北侧鲁谷加油站内,1,00:00-24:00,2019/7/26
102121,502121,3,石景山区·依威能源汽车充电站(北方中惠国际大厦地下停车场),北京市北京市石景山区鲁谷大街北方中惠国际大厦地下停车场,1,00:00-24:00,2019/7/26
102122,502122,2,石景山区·充电桩APP充电站(首钢站石景山路99号院),北京市北京市石景山区石景山路99号院立体停车库1层2层,6,00:00-24:00,2019/7/26
102123,502123,2,石景山区·充电站,北京市北京市石景山区香山南路105号启迪香山地下三层停车场,10,00:00-24:00,2019/7/26
102124,502124,1,石景山区·八角南路电动车充电站,北京市北京市石景山区八角南路八角街道八角南路小区,1,00:00-24:00,2019/7/26
102125,502125,2,石景山区·利嘉智充充电站(杨庄北区充电站),北京市北京市石景山区杨庄北区中街与杨庄北区南路交叉口西40米,12,00:00-24:00,2019/7/26
102126,502126,4,石景山区·北京宏开超级充电站(宏开花园超级充电站·华为超充技术,北京市北京市石景山区苹果园街道宏开花园进门后左右两侧,4,00:00-24:00,2019/7/26
102127,502127,2,石景山区·北京碧辟汽车充电站(老山公园南门),北京市北京市石景山区老山街道老山西街8-6号,2,00:00-24:00,2019/7/26
102128,502128,1,石景山区·北京苹果园蔚来换电站,北京市北京市石景山区阜石路189号,6,00:00-24:00,2019/7/26
102129,502129,2,石景山区·北方中惠国际中心充电站,北京市北京市石景山区鲁谷大街北方中惠国际大厦地下停车场B2层,1,00:00-24:00,2019/7/26
102130,502130,4,石景山区·北汽极狐汽车充电站(极狐-老山公园超充站),北京市北京市石景山区老山西街8-6号,1,00:00-24:00,2019/7/26
102131,502131,4,石景山区·华商三优汽车充电站(公共站石景山区刘娘府超充站),北京市北京市石景山区实兴北街与金府路交叉口东100米,2,00:00-24:00,2019/7/26
102132,502132,2,石景山区·华商三优汽车充电站(扬招站石景山区远洋山水小区西门优,北京市北京市石景山区鲁谷东街-道路停车位,6,00:00-24:00,2019/7/26
102133,502133,2,石景山区·华商三优汽车充电站(扬招站石景山区鲁谷东街中国检察院,北京市北京市石景山区鲁谷东街中国检察院出版社,8,00:00-24:00,2019/7/26
102134,502134,2,石景山区·华商三优汽车充电站(扬招站石景山区鲁谷东街北京国际雕,北京市北京市石景山区石景山路2-西门(八宝山地铁站D西南口步行220米),2,00:00-24:00,2019/7/26
102135,502135,3,石景山区·华商三优汽车充电站(扬招站石景山区鲁谷东街永乐小区优,北京市北京市石景山区永乐小区东区地面停车场,4,00:00-24:00,2019/7/26
102136,502136,2,石景山区·国家电网充电站(八角北里小区),北京市北京市石景山区八角北里小区院内地面停车场,4,00:00-24:00,2019/7/26
102137,502137,2,石景山区·国家电网汽车充电站(万商大厦),北京市北京市石景山区鲁谷街道石景山路22-8号北京万商大厦地面停车场,1,00:00-24:00,2019/7/26
102138,502138,3,石景山区·国家电网汽车充电站(北京市石景山区上庄大街6号充电站,北京市北京市石景山区老山城市休闲公园东侧地面停车场,8,00:00-24:00,2019/7/26
102139,502139,2,石景山区·国家电网汽车充电站(北京市石景山区中础大厦公共充电站,北京市北京市石景山区中础大厦地面停车场(八角游乐园地铁站A北口步行240米),6,00:00-24:00,2019/7/26
102140,502140,3,石景山区·国家电网汽车充电站(北京市石景山区中科院高能物理所主,北京市北京市石景山区玉泉路乙19号院中国科学院大学内16号楼东南侧配电室门口地面停车场,2,00:00-24:00,2019/7/26
102141,502141,1,石景山区·国家电网汽车充电站(北京市石景山区中科院高能物理所住,北京市北京市石景山区玉泉路乙19号院中国科学院大学内27号楼地面停车场,2,00:00-24:00,2019/7/26
102142,502142,3,石景山区·国家电网汽车充电站(北京市石景山区人民法制杂志社公共,北京市北京市石景山区人民法制杂志社地面停车场,6,00:00-24:00,2019/7/26
102143,502143,2,石景山区·国家电网汽车充电站(北京市石景山区体育场西侧),北京市北京市石景山区体育场西街石景山体育局院内西侧灯杆下地面停车场66,2,00:00-24:00,2019/7/26
102144,502144,2,石景山区·国家电网汽车充电站(北京市石景山区八角公园),北京市北京市石景山区老山南路-道路停车位,2,00:00-24:00,2019/7/26
102145,502145,3,石景山区·国家电网汽车充电站(北京市石景山区八角南里小区),北京市北京市石景山区八角中里小区33号楼东侧地面停车场,3,00:00-24:00,2019/7/26
102146,502146,3,石景山区·国家电网汽车充电站(北京市石景山区八角南里小区公共充,北京市北京市石景山区八角南里小区26号楼北侧地面停车场284,8,00:00-24:00,2019/7/26
102147,502147,3,石景山区·国家电网汽车充电站(北京市石景山区八角游乐园西南门停,北京市北京市石景山区八角东街石景山路25号,8,00:00-24:00,2019/7/26
102148,502148,2,石景山区·国家电网汽车充电站(北京市石景山区北京大公馆),北京市北京市石景山区北京大公馆西侧地面停车场,6,00:00-24:00,2019/7/26
102149,502149,2,石景山区·国家电网汽车充电站(北京市石景山区北京康复医院),北京市北京市石景山区康复医院院内地面停车场,10,00:00-24:00,2019/7/26
102150,502150,3,石景山区·国家电网汽车充电站(北京市石景山区北京银行保险产业园,北京市北京市石景山区金府路32号院3号楼地下停车场A139,6,00:00-24:00,2019/7/26
102151,502151,1,石景山区·国家电网汽车充电站(北京市石景山区北方工业大学校卫生,北京市北京市石景山区北方工业大学内部地面停车场,8,00:00-24:00,2019/7/26
102152,502152,2,石景山区·国家电网汽车充电站(北京市石景山区古城南里西区充电站,北京市北京市石景山区古城南里16号院,6,00:00-24:00,2019/7/26
102153,502153,2,石景山区·国家电网汽车充电站(北京市石景山区古城金融中心B2停,北京市北京市石景山区古城金融中心B2停车场,1,00:00-24:00,2019/7/26
102154,502154,2,石景山区·国家电网汽车充电站(北京市石景山区古城金融中心B3停,北京市北京市石景山区古城金融中心B3停车场,3,00:00-24:00,2019/7/26
102155,502155,2,石景山区·国家电网汽车充电站(北京市石景山区喜隆多新国际购物中,北京市北京市石景山区喜隆多新国际购物中心地面停车场,1,00:00-24:00,2019/7/26
102156,502156,2,石景山区·国家电网汽车充电站(北京市石景山区宏坤盛通大厦),北京市北京市石景山区宏坤盛通大厦院内地面停车场,4,00:00-24:00,2019/7/26
102157,502157,2,石景山区·国家电网汽车充电站(北京市石景山区新安公园充电站),北京市北京市石景山区新安路首钢办公大院西侧,6,00:00-24:00,2019/7/26
102158,502158,1,石景山区·国家电网汽车充电站(北京市石景山区时代花园南路璟宫阁,北京市北京市石景山区时代花园南路璟宫阁8号楼南侧地面停车场,6,00:00-24:00,2019/7/26
102159,502159,3,石景山区·国家电网汽车充电站(北京市石景山区景阳大街公共充电站,北京市北京市石景山区景阳大街北侧路边,2,00:00-24:00,2019/7/26
102160,502160,1,石景山区·国家电网汽车充电站(北京市石景山区朝阳医院附属医院),北京市北京市石景山区八角街道京原路5号首都医科大学附属北京朝阳医院西院地面停车场,2,00:00-24:00,2019/7/26
102161,502161,1,石景山区·国家电网汽车充电站(北京市石景山区杏石口充电站),北京市北京市石景山区杏石口变电站停车场,6,00:00-24:00,2019/7/26
102162,502162,2,石景山区·国家电网汽车充电站(北京市石景山区模式口东里),北京市北京市石景山区模式口东里14号楼北侧地面停车场,2,00:00-24:00,2019/7/26
102163,502163,3,石景山区·国家电网汽车充电站(北京市石景山区沃尔玛山姆会员商店,北京市北京市石景山区山姆会员商店(北京店)地面停车场,1,00:00-24:00,2019/7/26
102164,502164,2,石景山区·国家电网汽车充电站(北京市石景山区海特花园),北京市北京市石景山区实兴大街与苹果园北路交叉口东北方向81米左右,2,00:00-24:00,2019/7/26
102165,502165,3,石景山区·国家电网汽车充电站(北京市石景山区炮厂小区),北京市北京市石景山区五里坨黑石头路炮厂小学旁地面停车场,3,00:00-24:00,2019/7/26
102166,502166,1,石景山区·国家电网汽车充电站(北京市石景山区燕堤西街公共充电站,北京市北京市石景山区燕堤西街与燕堤北路交叉口南60米,3,00:00-24:00,2019/7/26
102167,502167,2,石景山区·国家电网汽车充电站(北京市石景山区瑞达大厦),北京市北京市石景山区老山南路东段地面停车场,2,00:00-24:00,2019/7/26
102168,502168,2,石景山区·国家电网汽车充电站(北京市石景山区石景山供电公司公共,北京市北京市石景山区鲁谷路59号石景山供电公司门口路北侧道路停车位,8,00:00-24:00,2019/7/26
102169,502169,3,石景山区·国家电网汽车充电站(北京市石景山区石景山医院公共充电,北京市北京市石景山区石景山路24号石景山医院地下停车场,3,00:00-24:00,2019/7/26
102170,502170,3,石景山区·国家电网汽车充电站(北京市石景山区石景山路9号充电站,北京市北京市石景山区石景山路9号八宝山殡仪馆地面停车场,3,00:00-24:00,2019/7/26
102171,502171,2,石景山区·国家电网汽车充电站(北京市石景山区老山南路),北京市北京市石景山区老山南路市政道路停车位,1,00:00-24:00,2019/7/26
102172,502172,2,石景山区·国家电网汽车充电站(北京市石景山区重聚园小区公共充电,北京市北京市石景山区鲁谷街道重聚路重聚园小区道路停车位,1,00:00-24:00,2019/7/26
102173,502173,1,石景山区·国家电网汽车充电站(北京市石景山区金隅研究院),北京市北京市石景山区金顶街街道金顶北街69号,1,00:00-24:00,2019/7/26
102174,502174,2,石景山区·国家电网汽车充电站(北京市石景山区金顶山停车场西侧公,北京市北京市石景山区八大路3号地面停车场,3,00:00-24:00,2019/7/26
102175,502175,2,石景山区·国家电网汽车充电站(北京市石景山区金顶山路停车场东),北京市北京市石景山区地面停车场,3,00:00-24:00,2019/7/26
102176,502176,3,石景山区·国家电网汽车充电站(北京市石景山区首钢制氧厂南区公共,北京市北京市石景山区首钢氧气厂石景山路68号地下一层,2,00:00-24:00,2019/7/26
102177,502177,3,石景山区·国家电网汽车充电站(北京市石景山区首钢脱硫车间充电站,北京市北京市石景山区地面停车场,3,00:00-24:00,2019/7/26
102178,502178,3,石景山区·国家电网汽车充电站(北京市石景山区骏宝行公共充电站),北京市北京市石景山区时代花园南路30号地面停车场,2,00:00-24:00,2019/7/26
102179,502179,3,石景山区·国家电网汽车充电站(北京市门头沟区北汽凯翔风4S店),北京市北京市石景山区双峪路24号北汽4S店院内地面停车场,6,00:00-24:00,2019/7/26
102180,502180,2,石景山区·国家电网汽车充电站(石景山区眼科医院),北京市北京市石景山区中国中医科学院眼科医院地面停车场,2,00:00-24:00,2019/7/26
102181,502181,2,石景山区·国家电网汽车充电站(苹果园南路),北京市北京市石景山区苹果园南路物美大卖场地面停车场02,2,00:00-24:00,2019/7/26
102182,502182,2,石景山区·壳牌充电汽车充电站(壳牌充电北京石景山曦景长安地面充,北京市北京市石景山区古城大街75号院,3,00:00-24:00,2019/7/26
102183,502183,2,石景山区·壳牌充电汽车充电站(壳牌充电北京石景山泰然大厦地下快,北京市北京市石景山区古盛路36号院1号楼,10,00:00-24:00,2019/7/26
102184,502184,3,石景山区·壳牌充电汽车充电站(壳牌充电北京石景山金铸阳光苑地面,北京市北京市石景山区金铸阳光苑社区,8,00:00-24:00,2019/7/26
102185,502185,3,石景山区·壳牌汽车充电站(壳牌八大处公园家属院充电站),北京市北京市石景山区八大处停车场路八大处公园家属院,1,00:00-24:00,2019/7/26
102186,502186,3,石景山区·奥迪汽车充电站(北京京西大悦城),北京市北京市石景山区阜石路173号B3层D133至D136,6,00:00-24:00,2019/7/26
102187,502187,2,石景山区·容新智充汽车充电站(泽洋大厦充电站),北京市北京市石景山区阜石路166号泽洋大厦B1层,10,00:00-24:00,2019/7/26
102188,502188,1,石景山区·富电易充汽车充电站(玉泉新城充电点),北京市北京市石景山区玉泉路辅路与金沟河路交叉口西240米,3,00:00-24:00,2019/7/26
102189,502189,2,石景山区·小桔充电汽车充电站(云和桥石景山茂华大厦二期充电站),北京市北京市石景山区八角东街29号,3,00:00-24:00,2019/7/26
102190,502190,2,石景山区·小桔充电汽车充电站(云和桥石景山茂华大厦充电站),北京市北京市石景山区八角街道茂华大厦停车场,2,00:00-24:00,2019/7/26
102191,502191,2,石景山区·小桔充电汽车充电站(北京石景山京汉大厦),北京市北京市石景山区实兴东街3号奥园美谷停车场,2,00:00-24:00,2019/7/26
102192,502192,1,石景山区·小桔充电汽车充电站(北京石景山八角居然之家超级充电站,北京市北京市石景山区居然之家八角店地面停车场,4,00:00-24:00,2019/7/26
102193,502193,2,石景山区·小桔充电汽车充电站(北京石景山泽洋大厦充电站),北京市北京市石景山区阜石路166号泽洋大厦地面停车场07,8,00:00-24:00,2019/7/26
102194,502194,2,石景山区·小桔充电汽车充电站(北京石景山通景大厦充电站),北京市北京市石景山区苹果园街道苹果园路2号通景大厦地下停车场B3层,1,00:00-24:00,2019/7/26
102195,502195,3,石景山区·小桔充电汽车充电站(北京石景山金安环宇荟),北京市北京市石景山区古城街道中海寰宇天下地下停车场2-040,2,00:00-24:00,2019/7/26
102196,502196,2,石景山区·小桔充电汽车充电站(燕保大厦)(暂停营业),北京市北京市石景山区八宝山街道远洋·沁山水燕保大厦,6,00:00-24:00,2019/7/26
102197,502197,2,石景山区·小桔充电汽车充电站(燕房金海洋商业中心充电站),北京市北京市石景山区五里坨西街11号院金海洋商业中心地面停车场021,3,00:00-24:00,2019/7/26
102198,502198,4,石景山区·小桔充电汽车充电站(电莫愁三家店),北京市北京市石景山区西柳路与水闸南路交叉口东北160米,3,00:00-24:00,2019/7/26
102199,502199,4,石景山区·小桔充电汽车充电站(皓能足球公园超充站),北京市北京市石景山区皓能足球公园超充站,10,00:00-24:00,2019/7/26
102200,502200,2,石景山区·小桔充电汽车充电站(紫御国际停车场充电站),北京市北京市石景山区紫御国际西门旁,2,00:00-24:00,2019/7/26
102201,502201,4,石景山区·小桔充电汽车充电站(调色板智慧停车场莲石东路液冷超充,北京市北京市石景山区八宝山街道调色板城市公共空间地下一层B区黄色车位,8,00:00-24:00,2019/7/26
102202,502202,3,石景山区·小桔充电汽车充电站(银建黑石头基地专用充电站),北京市北京市石景山区五里坨街道北京金建黑石头运行基地进门左转地面停车场,1,00:00-24:00,2019/7/26
102203,502203,2,石景山区·小鹏超级充电站(小鹏-BP S4超快充北京老山公园站,北京市北京市石景山区老山街道老山西街8-6号首钢老山居民区,3,00:00-24:00,2019/7/26
102204,502204,2,石景山区·小鹏超级充电站(小鹏S4超快充北京远洋春秋里站),北京市北京市石景山区苹果园大街122号远洋春秋里购物中心地下停车场,2,00:00-24:00,2019/7/26
102205,502205,2,石景山区·小鹏超级充电站(小鹏S4超快充北京香山启迪站),北京市北京市石景山区苹果园街道启迪·香山(入口福田寺西街),3,00:00-24:00,2019/7/26
102206,502206,2,石景山区·平高智联汽车充电站(石景山区古城城通街26号院),北京市北京市石景山区城通街26号院,10,00:00-24:00,2019/7/26
102207,502207,1,石景山区·平高智联汽车充电站(石景山区古城金融街长安中心),北京市北京市石景山区绿地环球文化金融街古城长安中心,1,00:00-24:00,2019/7/26
102208,502208,2,石景山区·开迈斯充电站(北京市老山公园直流站),北京市北京市石景山区老山南路与老山西街交叉口东100米,6,00:00-24:00,2019/7/26
102209,502209,2,石景山区·开迈斯充电站(石景山泰禾长安中心B4),北京市北京市石景山区鲁谷路51号院泰禾新天地B4层,6,00:00-24:00,2019/7/26
102210,502210,3,石景山区·开迈斯汽车充电站(北京市宏昌商务园站),"北京市北京市石景山区双园路1号宏昌商务园进门右转直行10米,左手边",1,00:00-24:00,2019/7/26
102211,502211,3,石景山区·悦来电汽车充电站(悦来电衙府居园充电站),北京市北京市石景山区景颂街2号衙府居园小区地下停车场一层-1042,4,00:00-24:00,2019/7/26
102212,502212,2,石景山区·悦来电汽车充电站(衙府安园充电站),北京市北京市石景山区景顺街与景瑞南路交口衙府安园小区地下停车场一层-1177,3,00:00-24:00,2019/7/26
102213,502213,1,石景山区·捷易电汽车充电站(西府海棠),北京市北京市石景山区五里坨街道秀府西街绿城·西府海棠,12,00:00-24:00,2019/7/26
102214,502214,3,石景山区·捷顺充充电站(北京西府海棠地下充电站),北京市北京市石景山区五里坨街道秀府西街绿城·西府海棠,8,00:00-24:00,2019/7/26
102215,502215,1,石景山区·新电途汽车充电站(中海金鑫阁充电站),北京市北京市石景山区古城街道城泰街城泰街-道路停车位,4,00:00-24:00,2019/7/26
102216,502216,4,石景山区·新电途汽车充电站(优智石景山西黄村南路超充站),北京市北京市石景山区苹果园街道西黄村南路石景山区文化中心,6,00:00-24:00,2019/7/26
102217,502217,4,石景山区·新电途汽车充电站(金都大厦希尔顿超充站),北京市北京市石景山区八角街道时代花园社区八角东街25号院3号楼院内东边,3,00:00-24:00,2019/7/26
102218,502218,4,石景山区·昆仑网电汽车充电站(中国石油北京石景山燕保大厦充电站,北京市北京市石景山区玉泉路辅路与鲁谷路交叉口西南160米,6,00:00-24:00,2019/7/26
102219,502219,3,石景山区·星星充电汽车充电站(内部专用星星充电-石景山-首金顶,北京市北京市石景山区石景山金顶东街东口(苹果园地铁站A口步行410米),6,00:00-24:00,2019/7/26
102220,502220,4,石景山区·星星充电汽车充电站(内部专用星星充电石景山-首钢停车,北京市北京市石景山区北京首钢国际工程技术有限公司,6,00:00-24:00,2019/7/26
102221,502221,1,石景山区·星星充电汽车充电站(动力时代-金都大厦充电站石景山希,北京市北京市石景山区金都大厦停车场,3,00:00-24:00,2019/7/26
102222,502222,2,石景山区·星星充电汽车充电站(北京中海大厦CD座),北京市北京市石景山区古城西街26号院b1-b3,2,00:00-24:00,2019/7/26
102223,502223,3,石景山区·星星充电汽车充电站(星星充电-玉泉西街1号院5号楼充,北京市北京市石景山区老山街道玉泉西街1东门玉泉西街1号院,3,00:00-24:00,2019/7/26
102224,502224,2,石景山区·星星充电汽车充电站(金安中海财富中心地下充电站),北京市北京市石景山区和平西街55号院金安中海财富中心地下停车场,3,00:00-24:00,2019/7/26
102225,502225,1,石景山区·星星充电汽车充电站(金安中海财富中心地下充电站2),北京市北京市石景山区和平西街55号院(金安桥地铁站F西南口步行100米),2,00:00-24:00,2019/7/26
102226,502226,2,石景山区·星星充电汽车充电站(首钢园六工汇PA停车场充电站),北京市北京市石景山区石景山路68号首钢园六工汇A座地下停车场,10,00:00-24:00,2019/7/26
102227,502227,3,石景山区·星星充电汽车充电站(首钢园六工汇PB停车场充电站),北京市北京市石景山区五一剧场路首钢园六工汇PB停车场地下停车场112,6,00:00-24:00,2019/7/26
102228,502228,2,石景山区·星星充电汽车充电站(首钢园六工汇PE停车场充电站),北京市北京市石景山区六工汇PE停车场充电站,3,00:00-24:00,2019/7/26
102229,502229,2,石景山区·星星充电汽车充电站(首钢园六工汇PF停车场充电站),北京市北京市石景山区六工汇PF停车场,6,00:00-24:00,2019/7/26
102230,502230,3,石景山区·星星充电汽车充电站(首钢园六工汇购物中心PD停车场B,北京市北京市石景山区首钢园六工汇购物广场地下停车场B1,6,00:00-24:00,2019/7/26
102231,502231,4,石景山区·星星充电汽车充电站(首钢园六工汇购物中心PD停车场B,北京市北京市石景山区六工汇PD停车场,4,00:00-24:00,2019/7/26
102232,502232,3,石景山区·智充汽车充电站(银河财智),北京市北京市石景山区鲁谷街道银河财智中心B座,2,00:00-24:00,2019/7/26
102233,502233,2,石景山区·极氪能源超级充电站(北京老山城市休闲公园极充站),北京市北京市石景山区老山西街(北京老山公园)8-6号地面停车位,3,00:00-24:00,2019/7/26
102234,502234,3,石景山区·汽车充电站(bp pulse老山公园南门站),北京市北京市石景山区老山街道老山西街8-6号,8,00:00-24:00,2019/7/26
102235,502235,2,石景山区·汽车充电站(公共站北京市石景山区中国医学科学院整形外,北京市北京市石景山区八大处路33号,8,00:00-24:00,2019/7/26
102236,502236,3,石景山区·汽车充电站(公共站北京市石景山区北京银保建国酒店充电,北京市北京市石景山区金府路32号院一号楼地下二层,8,00:00-24:00,2019/7/26
102237,502237,2,石景山区·汽车充电站(公共站北京市石景山区首钢园秀池地下停车场,北京市北京市石景山区秀池南路首钢园秀池地下停车场D区,2,00:00-24:00,2019/7/26
102238,502238,4,石景山区·汽车充电站(公共站北京石景山区金鼎时代广场北停车场充,北京市北京市石景山区石景山区阜石路165号,3,00:00-24:00,2019/7/26
102239,502239,4,石景山区·汽车充电站(公共站石景山区首钢园区制氧创新中心充电站,北京市北京市石景山区首钢园区制氧创新中心停车场,6,00:00-24:00,2019/7/26
102240,502240,2,石景山区·汽车充电站(公共站石景山区首钢园区路灯桩示范优易充小,北京市北京市石景山区首钢园区小西门停车场,2,00:00-24:00,2019/7/26
102241,502241,3,石景山区·汽车充电站(公共站石景山区首钢园小西门停车场充电站),北京市北京市石景山区首钢园小西门停车场,6,00:00-24:00,2019/7/26
102242,502242,2,石景山区·汽车充电站(扬招站石景山区远洋山水小区西门优易充小站,北京市北京市石景山区远洋山水小区西门,10,00:00-24:00,2019/7/26
102243,502243,3,石景山区·汽车充电站(扬招站石景山区鲁谷东街北京国际雕塑公园优,北京市北京市石景山区石景山路2-西门(八宝山地铁站D西南口步行200米),6,00:00-24:00,2019/7/26
102244,502244,2,石景山区·汽车充电站(扬招站石景山区鲁谷东街永乐小区优易充小站,北京市北京市石景山区鲁谷东街永乐小区东南门,6,00:00-24:00,2019/7/26
102245,502245,1,石景山区·汽车充电站(智汇充八角中里站),北京市北京市石景山区八角中里附近,2,00:00-24:00,2019/7/26
102246,502246,3,石景山区·汽车充电站(智汇充新岚大厦站),北京市北京市石景山区依翠园小区东区附近,3,00:00-24:00,2019/7/26
102247,502247,1,石景山区·汽车充电站(石景山区首钢一高炉停车场充电站),北京市北京市石景山区首钢一高炉停车场,8,00:00-24:00,2019/7/26
102248,502248,1,石景山区·汽车充电站(老山西里5号楼二单元共享慢充站),北京市北京市石景山区老山西里5号楼2单元,1,00:00-24:00,2019/7/26
102249,502249,4,石景山区·汽车充电站(苹果园南路39号),北京市北京市石景山区苹果园南路39号(杨庄地铁站A西北口步行410米),8,00:00-24:00,2019/7/26
102250,502250,3,石景山区·汽车充电站(茂华大厦店),北京市北京市石景山区八角街道八角东街25院希尔顿欢朋酒店院内,3,00:00-24:00,2019/7/26
102251,502251,2,石景山区·汽车充电站(西井路甲8号院),北京市北京市石景山区西井路甲8号院,10,00:00-24:00,2019/7/26
102252,502252,2,石景山区·汽车换电站(北汽动力石景山苹果园换电站),北京市北京市石景山区阜石路189号鸿坤盛通大厦西南侧,1,00:00-24:00,2019/7/26
102253,502253,2,石景山区·滴滴充电,北京市北京市石景山区石景山路与严正街交叉口西北120米,6,00:00-24:00,2019/7/26
102254,502254,2,石景山区·滴滴充电汽车充电站(中电建睿铂大厦充电站),北京市北京市石景山区中电建睿铂大厦地下三层停车场,12,00:00-24:00,2019/7/26
102255,502255,4,石景山区·滴滴充电汽车充电站(京西国际珠宝城一级超充站),北京市北京市石景山区八宝山街道和街肉饼(珠宝街店)京西珠宝场站位于京西珠宝东侧地上停车场,2,00:00-24:00,2019/7/26
102256,502256,1,石景山区·滴滴充电汽车充电站(北京石景山八角居然之家超级充电站,北京市北京市石景山区八角街道居然之家(八角店)进门左转为快充区域,8,00:00-24:00,2019/7/26
102257,502257,2,石景山区·滴滴充电汽车充电站(北京石景山泽洋大厦充电站),北京市北京市石景山区泽洋大厦-收费停车场,4,00:00-24:00,2019/7/26
102258,502258,2,石景山区·滴滴充电汽车充电站(北京石景山通景大厦充电站),北京市北京市石景山区通景大厦地下停车场下地库B3层即到,3,00:00-24:00,2019/7/26
102259,502259,2,石景山区·滴滴充电汽车充电站(北京石景山金安环宇荟充电站),北京市北京市石景山区古城街道中海寰宇天下B1层(金安桥地铁站J口步行180米),10,00:00-24:00,2019/7/26
102260,502260,3,石景山区·滴滴充电汽车充电站(燕房金海洋商业中心充电站),北京市北京市石景山区五里坨西街11号院金海洋商业中心地上停车场,10,00:00-24:00,2019/7/26
102261,502261,4,石景山区·滴滴充电汽车充电站(石景山燕保大厦充电站),北京市北京市石景山区燕保大厦地库停车场(入口)直走到头右转地面停车场,3,00:00-24:00,2019/7/26
102262,502262,3,石景山区·特斯拉目的地充电站(北京石景山翔鹰大厦目的地充电站),北京市北京市石景山区古城南里地下B2层-2254-2256,10,00:00-24:00,2019/7/26
102263,502263,3,石景山区·特斯拉超级充电站(北京启迪香山),"北京市北京市石景山区香山南路105号院地下B3充电车位区域,3188-3196车位对面车库入口福田寺西街",2,00:00-24:00,2019/7/26
102264,502264,2,石景山区·特斯拉超级充电站(北京居然之家八角店),"北京市北京市石景山区阜石路168号,地上停车场北侧(入口进入后右转)/入口时代花园西街",1,00:00-24:00,2019/7/26
102265,502265,2,石景山区·特斯拉超级充电站(北京翔鹰大厦),北京市北京市石景山区翔鹰大厦地下停车场B2层2185车位对面/入口韵康街,6,00:00-24:00,2019/7/26
102266,502266,1,石景山区·特来电充电桩慢充,北京市北京市石景山区鲁谷东街26号,3,00:00-24:00,2019/7/26
102267,502267,2,石景山区·特来电充电站(北京市京燕饭店),北京市北京市石景山区石景山路29号京燕大厦地面停车场031,2,00:00-24:00,2019/7/26
102268,502268,3,石景山区·特来电汽车充电站(北京石景山区玉泉大厦一层111号),北京市北京市石景山区玉泉大厦一层111号地面停车场,2,00:00-24:00,2019/7/26
102269,502269,3,石景山区·特来电汽车充电站(特来电北京万达嘉华酒店充电站),北京市北京市石景山区石景山路甲18号1号楼(毗邻石景山万达广场),6,00:00-24:00,2019/7/26
102270,502270,3,石景山区·特来电汽车充电站(特来电北京市石景山区古城中海大厦充,"北京市北京市石景山区古城街道中海大厦B1层1-152,1-153,1-154,1-155,1-156,1-157号车位",2,00:00-24:00,2019/7/26
102271,502271,2,石景山区·特来电汽车充电站(特来电北京市石景山区郎园充电站),北京市北京市石景山区上庄东街(八宝山地铁站B东北口步行300米),2,00:00-24:00,2019/7/26
102272,502272,3,石景山区·特来电目的地充电站(北京重型电机厂有限责任公司充电站,北京市北京市石景山区吴家村路57号院重美术馆北侧停车位,6,00:00-24:00,2019/7/26
102273,502273,2,石景山区·特来电目的地充电站(峰达博远特来电充电站),北京市北京市石景山区高井小区东南2门旁,1,00:00-24:00,2019/7/26
102274,502274,1,石景山区·特来电超级充电站(特来电北京融通华北宾馆充电站),北京市北京市石景山区苹果园街道八大处路华北宾馆,2,00:00-24:00,2019/7/26
102275,502275,4,石景山区·电动汽车充电桩,北京市北京市石景山区群明湖大街与秀池北路交叉口东南120米,6,00:00-24:00,2019/7/26
102276,502276,1,石景山区·电动汽车充电站,北京市北京市石景山区鲁谷南路与鲁谷大街交叉口西北180米,1,00:00-24:00,2019/7/26
102277,502277,3,石景山区·石景山供电公司公共充电站,北京市北京市石景山区鲁谷路与翠园西街交叉口西100米,1,00:00-24:00,2019/7/26
102278,502278,4,石景山区·能加超充超级充电站(西山枫林超充站·华为超充技术支持,北京市北京市石景山区香山南路168-88号,4,00:00-24:00,2019/7/26
102279,502279,4,石景山区·茂电·顺顺充超级充电站(西富港超充站·华为超充技术支,北京市北京市石景山区鲁谷街道鲁谷大街西富港商城,3,00:00-24:00,2019/7/26
102280,502280,2,石景山区·蔚来换电站北京首钢篮球中心,北京市北京市石景山区阜石路124号,3,00:00-24:00,2019/7/26
102281,502281,3,石景山区·蔚来能源汽车充电站(北京首钢篮球中心),北京市北京市石景山区阜石路159号地面停车场,1,00:00-24:00,2019/7/26
102282,502282,1,石景山区·蔚来能源目的地充电站(北京首钢园蔚来中心),北京市北京市石景山区群明湖大街与群明湖北路交叉口西北,3,00:00-24:00,2019/7/26
102283,502283,3,石景山区·逸安启超级充电站(北京京西大悦城),北京市北京市石景山区京西大悦城地下停车场,8,00:00-24:00,2019/7/26
102284,502284,4,石景山区·逸安启超级充电站(北京石景山万达),北京市北京市石景山区石景山路乙18号石景山万达广场B2层靠近1号电梯厅,4,00:00-24:00,2019/7/26
102285,502285,2,石景山区·金芒果充电站充电站,北京市北京市石景山区盛景大厦B4C区,3,00:00-24:00,2019/7/26
102286,502286,2,石景山区·隆瑞三优射击场914路充电站,北京市北京市石景山区福田公墓射击场,1,00:00-24:00,2019/7/26
102287,502287,2,石景山区·隆瑞三优老山1路充电站,北京市北京市石景山区上庄大街老山城市休闲公园,2,00:00-24:00,2019/7/26
102288,502288,2,石景山区·隆瑞三优金顶西街337路充电站,北京市北京市石景山区金顶西街12号,1,00:00-24:00,2019/7/26
102289,502289,2,石景山区·隆瑞三优鲁谷78路汽车充电站,北京市北京市石景山区鲁谷路与雕塑园南街交叉口西北160米,10,00:00-24:00,2019/7/26
102290,502290,2,石景山区·首特绿能港充电站,北京市北京市石景山区北辛安南路与嘉安南街交叉口东180米,4,00:00-24:00,2019/7/26
102291,502291,2,石景山区·驴充充充电站(202家属院),北京市北京市石景山区石门路与石门南路交叉口北160米,12,00:00-24:00,2019/7/26
102292,502292,2,石景山区·驿充电新能源汽车充电站(北京石景山中诚大厦),北京市北京市石景山区八角西街36号,3,00:00-24:00,2019/7/26
102293,502293,3,西城区·一号车新能源汽车充电站(龙岳洲),北京市北京市西城区龙岳洲,4,00:00-24:00,2019/7/26
102294,502294,3,西城区·万城万充汽车充电站(华睦大厦),北京市北京市西城区马连道南街6号,10,00:00-24:00,2019/7/26
102295,502295,2,西城区·万城万充汽车充电站(华睦大厦充电站),北京市北京市西城区北京市马连道南街6号院停车位,3,00:00-24:00,2019/7/26
102296,502296,2,西城区·万城万充汽车充电站(翔达大厦)(暂停营业),北京市北京市西城区广安门内街道广安门内大街167号翔达大厦,6,00:00-24:00,2019/7/26
102297,502297,2,西城区·万马爱充充电站(北京西站分局),北京市北京市西城区莲花池东路辅路与莲花池东路入口交叉口南60米,3,00:00-24:00,2019/7/26
102298,502298,2,西城区·中国石化汽车充电站(中国石化东经路充电站),北京市北京市西城区天桥街道东经路40号,1,00:00-24:00,2019/7/26
102299,502299,4,西城区·中国石化汽车充电站(北京设计院二期内部充电站),北京市北京市西城区德胜街道安德路67号,1,00:00-24:00,2019/7/26
102300,502300,4,西城区·中国石化汽车充电站(北京设计院内部充电站),北京市北京市西城区德胜街道安德路67号,6,00:00-24:00,2019/7/26
102301,502301,2,西城区·丰铭共享充电站,北京市北京市西城区丰盛胡同22号丰铭国际大厦B2,4,00:00-24:00,2019/7/26
102302,502302,2,西城区·云快充充电站(北京青少年服务中心北京市青年宫),北京市北京市西城区西章胡同与前章胡同交叉口西南60米(新街口地铁站A西北口旁),3,00:00-24:00,2019/7/26
102303,502303,2,西城区·云快充汽车充电站(石油金融大厦),北京市北京市西城区王府仓北街与民康胡同西巷交叉口东80米,4,00:00-24:00,2019/7/26
102304,502304,2,西城区·云快充汽车充电站(西城区友谊医院门诊楼),北京市北京市西城区友谊医院门诊楼地下车库,4,00:00-24:00,2019/7/26
102305,502305,3,西城区·优易充charge汽车充电站(西城区阜外大街北侧20,北京市北京市西城区阜成门外大街辅路-道路停车位,1,00:00-24:00,2019/7/26
102306,502306,1,西城区·优易充充电站(北京市西城区有研大厦内部充电站),北京市北京市西城区北三环中路辅路与北三环中路入口交叉口南60米,1,00:00-24:00,2019/7/26
102307,502307,1,西城区·优易充汽车充电站,北京市北京市西城区冠英园西区37号华地大厦附近,2,00:00-24:00,2019/7/26
102308,502308,1,西城区·优易充汽车充电站(广安门外大街),北京市北京市西城区广外大街305号首特四区地面停车场(内部专用),6,00:00-24:00,2019/7/26
102309,502309,2,西城区·优易充汽车充电站(茶马北街),北京市北京市西城区茶马北街北京第一实验小学,2,00:00-24:00,2019/7/26
102310,502310,3,西城区·依威能源汽车充电站(中信锦园B3停车场),北京市北京市西城区陶然亭街道菜市口大街8号地下停车场3486,2,00:00-24:00,2019/7/26
102311,502311,3,西城区·依威能源汽车充电站(大观国际)(内部专用),北京市北京市西城区大观国际内部地面停车场,2,00:00-24:00,2019/7/26
102312,502312,2,西城区·依威能源汽车充电站(太仆寺街33号院3号楼),北京市北京市西城区北京市西城区太仆寺街33号院3号楼,10,00:00-24:00,2019/7/26
102313,502313,3,西城区·依威能源汽车充电站(太平洋保险大厦),北京市北京市西城区北京市太平桥大街丰盛胡同28号中国太平洋保险集团股份有限公司停车场B2,3,00:00-24:00,2019/7/26
102314,502314,2,西城区·依威能源汽车充电站(官园公寓),北京市北京市西城区北京市狮子西巷东侧大玉胡同北侧官园公寓地下停车库,8,00:00-24:00,2019/7/26
102315,502315,1,西城区·依威能源汽车充电站(广益大厦B座),北京市北京市西城区北京市广安门内街道广义街5号,4,00:00-24:00,2019/7/26
102316,502316,1,西城区·依威能源汽车充电站(茗筑大厦),北京市北京市西城区北京市北京西站南路茗筑大厦,2,00:00-24:00,2019/7/26
102317,502317,1,西城区·依威能源汽车充电站(西单明珠高登大厦),北京市北京市西城区西长安街街道横二条59号西单明珠高登大厦地下停车场,8,00:00-24:00,2019/7/26
102318,502318,2,西城区·傲途魔方智能充电柜,北京市北京市西城区护国寺大街26号,10,00:00-24:00,2019/7/26
102319,502319,2,西城区·公牛充电汽车充电站(-公牛充电桩盛世景苑b223),北京市北京市西城区什刹海街道景山公园(东南角),4,00:00-24:00,2019/7/26
102320,502320,1,西城区·冀东启明汽车充电站(地质调查局),北京市北京市西城区展览路街道阜成门外大街45号中国地质调查局,1,00:00-24:00,2019/7/26
102321,502321,3,西城区·北京冠华大厦充电站,北京市北京市西城区西直门内大街118号冠华大厦停车场,1,00:00-24:00,2019/7/26
102322,502322,2,西城区·北京市国家新闻出版广电总局充电站,北京市北京市西城区复兴门桥与复兴门外大街交叉口南140米,3,00:00-24:00,2019/7/26
102323,502323,2,西城区·北京汽车汽车充电站,北京市北京市西城区后海北沿与甘露胡同交叉口西北160米,4,00:00-24:00,2019/7/26
102324,502324,2,西城区·北京西城首源物业充电站,北京市北京市西城区莲花池东路辅路与莲花池东路入口交叉口西南40米,3,00:00-24:00,2019/7/26
102325,502325,4,西城区·北京车联网汽车充电站(佟麟阁路液冷超充),北京市北京市西城区北京市金融街街道东太平街甲1号停车场,1,00:00-24:00,2019/7/26
102326,502326,2,西城区·华商三优汽车充电站(西城区三里河路西侧20043充电,北京市北京市西城区甘家口大厦停车场(甘家口地铁站A西北口步行370米),2,00:00-24:00,2019/7/26
102327,502327,2,西城区·华商三优汽车充电站(西城区展览馆路20208充电扬招,北京市北京市西城区展览馆路加油站北,3,00:00-24:00,2019/7/26
102328,502328,1,西城区·华商三优汽车充电站(西城区广安门内大街20017)出,"北京市北京市西城区广安门内大街道路南侧,港中旅大厦门前",1,00:00-24:00,2019/7/26
102329,502329,2,西城区·华商三优汽车充电站(西城区车公庄大街20002充电扬,"北京市北京市西城区车公庄大街道路北侧,官园批发市场天桥下",8,00:00-24:00,2019/7/26
102330,502330,2,西城区·华商三优汽车充电站(西城区阜外大街北侧20205充电,北京市北京市西城区阜成门外大街7号阜成门外大街辅路-道路停车位,3,00:00-24:00,2019/7/26
102331,502331,3,西城区·华商三优汽车充电站(西城区阜外大街北侧20206充电,"北京市北京市西城区阜外大街道路北侧,万龙洲海鲜对面",10,00:00-24:00,2019/7/26
102332,502332,1,西城区·华商三优汽车充电站(阜外大街20207),"北京市北京市西城区阜外大街道路北侧,万龙洲海鲜对面",3,00:00-24:00,2019/7/26
102333,502333,3,西城区·博电电动车充电柜,北京市北京市西城区前半壁街甲2号(新街口地铁站D西南口步行490米),6,00:00-24:00,2019/7/26
102334,502334,2,西城区·卡丘汽车充电站(德胜合生财富广场),北京市北京市西城区德胜门外大街13号院合生财富广场,4,00:00-24:00,2019/7/26
102335,502335,2,西城区·卡泰驰充电站(平安镇路口快充),北京市北京市西城区报国寺东夹道与报国寺前街交叉口东南40米,1,00:00-24:00,2019/7/26
102336,502336,2,西城区·卫莱电充电站(军颐中医医院西侧充电站),北京市北京市西城区居委会军颐中医医院西侧,6,00:00-24:00,2019/7/26
102337,502337,1,西城区·卫莱电汽车充电站(玉桃园一区西侧充电站),北京市北京市西城区西直门北顺城街22号(西直门地铁站B东北口步行240米),6,00:00-24:00,2019/7/26
102338,502338,2,西城区·卫莱电汽车充电站(环境好无占位长城人寿大厦快充站),北京市北京市西城区新街口北大街3号长城人寿大厦地下停车场B2层,10,00:00-24:00,2019/7/26
102339,502339,2,西城区·国家电投充换电储能柜,北京市北京市西城区西直门外南路19号(二里沟地铁站B口步行400米),2,00:00-24:00,2019/7/26
102340,502340,2,西城区·国家电网充电站(北京市西城区景山西街),北京市北京市西城区景山西街44号景山公园西门停车场,4,00:00-24:00,2019/7/26
102341,502341,1,西城区·国家电网充电站(朗琴国际),北京市北京市西城区广安门外大街168号朗琴国际B2层,1,00:00-24:00,2019/7/26
102342,502342,1,西城区·国家电网汽车充电站(北京市西城区中国科学技术交流中心,北京市北京市西城区三里河东辅路与三里河路交叉口东北40米,6,00:00-24:00,2019/7/26
102343,502343,1,西城区·国家电网汽车充电站(北京市西城区儿童医院公共充电站),北京市北京市西城区北京儿童医院停车场,3,00:00-24:00,2019/7/26
102344,502344,2,西城区·国家电网汽车充电站(北京市西城区儿童医院有序公共充电,北京市北京市西城区月坛街道北京儿童医院,6,00:00-24:00,2019/7/26
102345,502345,2,西城区·国家电网汽车充电站(北京市西城区北京基督教会瓦岗市堂,北京市北京市西城区北京基督教会公理会缸瓦市堂地面停车场,4,00:00-24:00,2019/7/26
102346,502346,2,西城区·国家电网汽车充电站(北京市西城区华滨国际大酒店公共充,北京市北京市西城区华滨国际大酒店B4停车场(西单地铁站E西南口步行400米),1,00:00-24:00,2019/7/26
102347,502347,1,西城区·国家电网汽车充电站(北京市西城区华滨国际大酒店公共充,北京市北京市西城区华滨国际大酒店B4停车场(西单地铁站J1西南口步行480米),4,00:00-24:00,2019/7/26
102348,502348,2,西城区·国家电网汽车充电站(北京市西城区大栅栏北京坊B3停车,北京市北京市西城区大栅栏煤市街东北角北京坊B3停车场,2,00:00-24:00,2019/7/26
102349,502349,1,西城区·国家电网汽车充电站(北京市西城区大栅栏北京坊B4停车,北京市北京市西城区煤市街东北角北京坊地下停车场B4层东区052,3,00:00-24:00,2019/7/26
102350,502350,2,西城区·国家电网汽车充电站(北京市西城区天桥演艺中心B3停车,北京市北京市西城区天桥市场斜街天桥演艺中心B3停车场,6,00:00-24:00,2019/7/26
102351,502351,1,西城区·国家电网汽车充电站(北京市西城区天桥艺术大厦公共充电,北京市北京市西城区天桥南大街1号天桥艺术大厦地上停车场,6,00:00-24:00,2019/7/26
102352,502352,4,西城区·国家电网汽车充电站(北京市西城区宣武医院公共充电站),北京市北京市西城区广安门内街道首都医科大学宣武医院,3,00:00-24:00,2019/7/26
102353,502353,3,西城区·国家电网汽车充电站(北京市西城区山水宾馆公共充电站),北京市北京市西城区金融街街道皮库胡同山水宾馆地面停车场,1,00:00-24:00,2019/7/26
102354,502354,2,西城区·国家电网汽车充电站(北京市西城区常青藤希尔顿酒店公共,北京市北京市西城区马连道东街2号北京丽泽商务区希尔顿欢朋酒店停车场,12,00:00-24:00,2019/7/26
102355,502355,4,西城区·国家电网汽车充电站(北京市西城区景山公园西门公共充电,北京市北京市西城区景山西街44号景山公园西门停车场内入口右侧,1,00:00-24:00,2019/7/26
102356,502356,4,西城区·国家电网汽车充电站(北京市西城区景山公园西门公共充电,北京市北京市西城区景山西街景山公司西门北侧拐角地面停车场,2,00:00-24:00,2019/7/26
102357,502357,2,西城区·国家电网汽车充电站(北京市西城区海峡国际大厦B2停车,北京市北京市西城区月坛街道海峡国际大厦,1,00:00-24:00,2019/7/26
102358,502358,2,西城区·国家电网汽车充电站(北京市西城区白云观),北京市北京市西城区白云观街与白云路交叉口东50米白云观地下停车场,3,00:00-24:00,2019/7/26
102359,502359,3,西城区·国家电网汽车充电站(北京市西城区综合行政服务中心),北京市北京市西城区西直门内大街275号西城区综合行政服务中心地面停车场内,8,00:00-24:00,2019/7/26
102360,502360,2,西城区·国家电网汽车充电站(北京市西城区西单老佛爷),北京市北京市西城区灵境胡同43号院地下B2停车场B038-B044号车位,6,00:00-24:00,2019/7/26
102361,502361,1,西城区·国家电网汽车充电站(北京市西城区通港大厦公共充电站),北京市北京市西城区华远北街旁门2号(西单商场对面),2,00:00-24:00,2019/7/26
102362,502362,2,西城区·国家电网汽车充电站(北京市西城区陶然亭街道新建里2号,北京市北京市西城区陶然亭街道新建里5号楼地面停车场,4,00:00-24:00,2019/7/26
102363,502363,2,西城区·国家电网汽车充电站(北京市西城区龙爪槐胡同小区公共充,北京市北京市西城区陶然亭街道龙爪槐胡同小区,1,00:00-24:00,2019/7/26
102364,502364,2,西城区·国家电网汽车充电站(宣武供电所),北京市北京市西城区南横东街附近道路停车位,1,00:00-24:00,2019/7/26
102365,502365,3,西城区·国家电网汽车充电站(西城金融购物中心),北京市北京市西城区金城坊街2号金融购物中心地下车库B2层,4,00:00-24:00,2019/7/26
102366,502366,3,西城区·壳牌充电汽车充电站(壳牌充电北京西城中央电视台音像资,北京市北京市西城区真武庙二条9号,6,00:00-24:00,2019/7/26
102367,502367,1,西城区·壳牌充电汽车充电站(壳牌充电北京西城中电建建筑集团有,北京市北京市西城区六铺炕南小街1号(鼓楼大街地铁站A2西北口步行450米),2,00:00-24:00,2019/7/26
102368,502368,4,西城区·壳牌充电汽车充电站(壳牌充电北京西城南露园地面充电站,北京市北京市西城区展览馆路与扣钟胡同交叉口南侧北南露园社区内,4,00:00-24:00,2019/7/26
102369,502369,2,西城区·壳牌充电汽车充电站(壳牌充电北京西城古代建筑博物馆地,北京市北京市西城区东经路21号北京古代建筑博物馆北门,3,00:00-24:00,2019/7/26
102370,502370,2,西城区·壳牌充电汽车充电站(壳牌充电北京西城真武家园地下充电,北京市北京市西城区真武家园(南礼士路地铁站D1西南口步行400米),3,00:00-24:00,2019/7/26
102371,502371,4,西城区·壳牌充电汽车充电站(壳牌充电北京西城航天开元地面充电,北京市北京市西城区三里河北街1号,4,00:00-24:00,2019/7/26
102372,502372,4,西城区·壳牌充电超级充电站(壳牌充电北京西城万特国际地下超充,北京市北京市西城区新街口街道北大街57号B2停车场车位号1-24,8,00:00-24:00,2019/7/26
102373,502373,2,西城区·大栅栏B19小蚂蚁充电站(电动自行车),北京市北京市西城区大栅栏街道粮食店街红达悦宾馆对面,2,00:00-24:00,2019/7/26
102374,502374,1,西城区·大栅栏万福巷15号自行车充电桩,北京市北京市西城区万福巷15号,3,00:00-24:00,2019/7/26
102375,502375,1,西城区·安心出行-小哈换电站租电动车(远见国际公寓店),北京市北京市西城区红居一巷与广安门外大街辅路交叉口西120米,4,00:00-24:00,2019/7/26
102376,502376,1,西城区·宝马充电站(宝马站中纪委平安里),北京市北京市西城区西四北八条与南兴胡同交叉口西100米,3,00:00-24:00,2019/7/26
102377,502377,1,西城区·宝马充电站(宝马站发改委),北京市北京市西城区月坛南街38号,1,00:00-24:00,2019/7/26
102378,502378,1,西城区·宝马充电站(宝马站金融街洲际酒店),北京市北京市西城区月坛南街与南礼士路交叉口西140米,6,00:00-24:00,2019/7/26
102379,502379,1,西城区·宝马充电站(药监局),北京市北京市西城区莲花池东路辅路与复兴门南大街交叉口西南60米,2,00:00-24:00,2019/7/26
102380,502380,2,西城区·小朗充电汽车充电站(北京汉庭德胜门酒店充电站),北京市北京市西城区六铺炕三区9号楼院3、5、6、9号楼,6,00:00-24:00,2019/7/26
102381,502381,3,西城区·小桔充电(中商大厦),"北京市北京市西城区中商大厦停车场,大厦西侧",4,00:00-24:00,2019/7/26
102382,502382,3,西城区·小桔充电汽车充电站(BP快速充电站北京西城万特珠宝城,北京市北京市西城区新街口北大街57号万特珠宝B3层停车场,6,00:00-24:00,2019/7/26
102383,502383,2,西城区·小桔充电汽车充电站(中石化龙禹首建金融中心),北京市北京市西城区西直门外大街辅路与三里河路交叉口东160米,4,00:00-24:00,2019/7/26
102384,502384,2,西城区·小桔充电汽车充电站(北京市青年宫充电站)(暂停营业),北京市北京市西城区北京市青年宫停车场(内部专用),1,00:00-24:00,2019/7/26
102385,502385,3,西城区·小桔充电汽车充电站(北京西城华睦大厦),北京市北京市西城区兵团大厦西2门北80米,3,00:00-24:00,2019/7/26
102386,502386,3,西城区·小桔充电汽车充电站(北京西城宣武门酒店),北京市北京市西城区椿树街道宣武门商务酒店地面停车场(宣武门地铁站C东南口步行140米),2,00:00-24:00,2019/7/26
102387,502387,3,西城区·小桔充电汽车充电站(北京西城富力摩根中心充电站),北京市北京市西城区太平街6号富力摩根中心地下三层,3,00:00-24:00,2019/7/26
102388,502388,2,西城区·小桔充电汽车充电站(民族文化宫充电站),北京市北京市西城区金融街街道民族饭店(东门)民族文化宫,2,00:00-24:00,2019/7/26
102389,502389,2,西城区·小桔充电汽车充电站(燕莎盛世大厦),北京市北京市西城区德胜街道裕中西里小区燕莎盛世大厦B1,4,00:00-24:00,2019/7/26
102390,502390,1,西城区·小绿人充电站(煤市街站),北京市北京市西城区煤市街与施家胡同交叉口西20米,2,00:00-24:00,2019/7/26
102391,502391,2,西城区·小鹏超级充电站(小鹏S4超快充北京SOGO庄胜崇光百,北京市北京市西城区椿树街道庄胜广场(入口香炉营头条路),2,00:00-24:00,2019/7/26
102392,502392,2,西城区·小麦电站汽车充电站(工商银行白纸坊支行-B1-A01,北京市北京市西城区白纸坊西街3-2号-B1-A017,8,00:00-24:00,2019/7/26
102393,502393,2,西城区·巧克力换电站(西城红莲南路站),北京市北京市西城区北京城区红莲大厦,1,00:00-24:00,2019/7/26
102394,502394,4,西城区·广汽能源汽车充电站(广汽昊铂北京广州大厦超充站),北京市北京市西城区西长安街街道横二条9号广州大厦地面停车场,2,00:00-24:00,2019/7/26
102395,502395,4,西城区·广汽能源汽车充电站(广汽昊铂北京西单更新场超充站),北京市北京市西城区西单北大街180号西单更新场地下停车场B3层(114-119车位),1,00:00-24:00,2019/7/26
102396,502396,3,西城区·广汽能源超级充电站(北京博雅国际中心),北京市北京市西城区马连道南街6号院停车位,1,00:00-24:00,2019/7/26
102397,502397,2,西城区·开迈斯汽车充电站(北京市西城区朗琴国际站),北京市北京市西城区广安门外大街168号朗琴国际B2层,1,00:00-24:00,2019/7/26
102398,502398,3,西城区·开迈斯汽车充电站(北京市西西友谊商场站),北京市北京市西城区金融街街道西西友谊写字楼辟才胡同与华远北街交叉口南侧55米,1,00:00-24:00,2019/7/26
102399,502399,1,西城区·德仕安汽车充电站(电科院华亨院区),北京市北京市西城区广安门外街道广安门南滨河路33号,8,00:00-24:00,2019/7/26
102400,502400,2,西城区·成铭大厦充电站,北京市北京市西城区西直门桥与西直门南大街交叉口东80米,8,00:00-24:00,2019/7/26
102401,502401,2,西城区·捷顺充充电站(厦门英蓝国际金融中心充电站),北京市北京市西城区王府仓胡同与王府仓北街交叉口西南80米,6,00:00-24:00,2019/7/26
102402,502402,1,西城区·新电途充电站(佟麟阁路),北京市北京市西城区佟麟阁路与东太平街交叉口西北40米,4,00:00-24:00,2019/7/26
102403,502403,1,西城区·新电途充电站(广安门南街扬招站充电桩),北京市北京市西城区广安门南街与南菜园西头条交叉口东南20米,4,00:00-24:00,2019/7/26
102404,502404,4,西城区·新电途汽车充电站(能+超充阜成门万通金融中心超充站),北京市北京市西城区阜成门外大街辅路与阜成门南大街交叉口西南60米,3,00:00-24:00,2019/7/26
102405,502405,2,西城区·昆仑网电充电站(北师大附属实验中学),北京市北京市西城区皮库胡同与华远西街交叉口西60米,1,00:00-24:00,2019/7/26
102406,502406,2,西城区·昆仑网电充电站(外经贸大厦),"北京市北京市西城区阜城门外大街22号,北门下地库,直行出地库后左边到达",12,00:00-24:00,2019/7/26
102407,502407,3,西城区·昆仑网电汽车充电站(中国印刷有限公司充电站),北京市北京市西城区车公庄大街乙5号鸿儒大厦马路对面钢构停车楼,3,00:00-24:00,2019/7/26
102408,502408,2,西城区·星星充电充电站(恒源快充-黑通路口),北京市北京市西城区鼓楼西大街与后海夹道交叉口西北40米,3,00:00-24:00,2019/7/26
102409,502409,2,西城区·星星充电汽车充电站(下线华远企业中心充电站),北京市北京市西城区北展北街5号楼华远企业中心地下停车场B3层D1区6090,6,00:00-24:00,2019/7/26
102410,502410,3,西城区·星星充电汽车充电站(不对外开放星星充电北京西城区-月,北京市北京市西城区月坛南街1号院1号楼,3,00:00-24:00,2019/7/26
102411,502411,3,西城区·星星充电汽车充电站(内部专用丰台-常青藤嘉园),北京市北京市西城区马连道东街甲2号院常青藤嘉园地面停车场,2,00:00-24:00,2019/7/26
102412,502412,1,西城区·星星充电汽车充电站(内部专用星星充电-西城-德胜凯旋,北京市北京市西城区德胜门外大街36号,6,00:00-24:00,2019/7/26
102413,502413,1,西城区·星星充电汽车充电站(内部专用星星充电-西城-核安全医,北京市北京市西城区德外新康街2号,2,00:00-24:00,2019/7/26
102414,502414,3,西城区·星星充电汽车充电站(卓著中心大厦充电站),北京市北京市西城区武定侯街6号,2,00:00-24:00,2019/7/26
102415,502415,1,西城区·星星充电汽车充电站(广源小区西区外南停车场1广安门),北京市北京市西城区广安门外大街广源小区西区外南地面停车场,2,00:00-24:00,2019/7/26
102416,502416,1,西城区·星星充电汽车充电站(星星充电-建行柳州分行八一支行慢,北京市北京市西城区中国建设银行(柳州八一支行),8,00:00-24:00,2019/7/26
102417,502417,3,西城区·星星充电汽车充电站(星星充电-西城-凯晨大厦充电站),北京市北京市西城区金融街街道凯晨世贸中心,3,00:00-24:00,2019/7/26
102418,502418,3,西城区·星星充电汽车充电站(星星充电-西城-和平门小区),北京市北京市西城区西长安街街道新壁街6号院和平门小区,3,00:00-24:00,2019/7/26
102419,502419,2,西城区·星星充电汽车充电站(星星充电-西城民族事务委员会内部,北京市北京市西城区太平湖东里1号,6,00:00-24:00,2019/7/26
102420,502420,3,西城区·星星充电站(首特四区停车场),北京市北京市西城区广安门外大街广源小区西区外南停车场,6,00:00-24:00,2019/7/26
102421,502421,2,西城区·普天新能源充电站(普天站国资委西便门),北京市北京市西城区宣武门西大街26号院停车场,3,00:00-24:00,2019/7/26
102422,502422,2,西城区·有盾充电,北京市北京市西城区西黄城根南街31号,10,00:00-24:00,2019/7/26
102423,502423,4,西城区·极氪能源汽车充电站(北京华睦大厦超充站),北京市北京市西城区马连道南街6号华睦大厦地下停车场负二层001-006号车位,3,00:00-24:00,2019/7/26
102424,502424,2,西城区·极狐-金隅大厦汽车充电站快充站,北京市北京市西城区长椿街地铁站A1西北口步行460米,4,00:00-24:00,2019/7/26
102425,502425,2,西城区·极狐汽车充电站(西单更新场快充站),北京市北京市西城区西长安街街道西单北大街180号西单更新场地下停车场,8,00:00-24:00,2019/7/26
102426,502426,1,西城区·极狐汽车充电站(金隅大厦),北京市北京市西城区西便门桥与宣武门西大街辅路交叉口西北100米,2,00:00-24:00,2019/7/26
102427,502427,1,西城区·极狐汽车充电站(锦什坊),北京市北京市西城区锦什坊街35号地下停车场,2,00:00-24:00,2019/7/26
102428,502428,2,西城区·汽车充电站(卡丘新能源红莲中里站),北京市北京市西城区红莲中里,3,00:00-24:00,2019/7/26
102429,502429,1,西城区·汽车充电站(扬招站西城区三里河东路20040优易充小,北京市北京市西城区三里河东路19号,8,00:00-24:00,2019/7/26
102430,502430,3,西城区·汽车充电站(扬招站西城区三里河路东侧20042优易充,北京市北京市西城区三里河路甲36号(甘家口地铁站A西北口步行390米),3,00:00-24:00,2019/7/26
102431,502431,3,西城区·汽车充电站(扬招站西城区展览馆路20208优易充小站,北京市北京市西城区展览馆路加油站北,1,00:00-24:00,2019/7/26
102432,502432,2,西城区·汽车充电站(扬招站西城区广安门内大街20017优易充,"北京市北京市西城区广安门内大街道路南侧,港中旅大厦门前",2,00:00-24:00,2019/7/26
102433,502433,2,西城区·汽车充电站(扬招站西城区车公庄大街20002优易充小,"北京市北京市西城区车公庄大街道路北侧,官园批发市场天桥下",1,00:00-24:00,2019/7/26
102434,502434,1,西城区·汽车充电站(扬招站西城区阜外大街北侧20205优易充,"北京市北京市西城区阜外大街道路北侧,中复电讯门前",1,00:00-24:00,2019/7/26
102435,502435,2,西城区·汽车充电站(扬招站西城区阜外大街北侧20206优易充,北京市北京市西城区阜成门外大街45号院(甘家口地铁站C东南口步行240米),4,00:00-24:00,2019/7/26
102436,502436,2,西城区·汽车充电站(扬招站西城区阜外大街北侧20207优易充,北京市北京市西城区北礼士路,3,00:00-24:00,2019/7/26
102437,502437,2,西城区·汽车充电站(昊铂北京西单更新场站),北京市北京市西城区西单北大街180号(西单地铁站B北口步行170米),4,00:00-24:00,2019/7/26
102438,502438,3,西城区·汽车充电站(特斯拉超级充电站北京燕京饭店),北京市北京市西城区复兴门外大街19号北京燕京饭店B3层停车场,12,00:00-24:00,2019/7/26
102439,502439,4,西城区·汽车充电站(超充站汐歌儿西四南大街优易充小站),北京市北京市西城区金融街街道西四南大街67号(西四地铁站D西南口步行300米),1,00:00-24:00,2019/7/26
102440,502440,3,西城区·汽车充电站(阿O充电金融街购物中心站),北京市北京市西城区金城坊街3-2号B3层,10,00:00-24:00,2019/7/26
102441,502441,3,西城区·汽车充电站(马连道路),北京市北京市西城区广安门外街道肯德基(马连道西宸里店)北京马连道茶城,3,00:00-24:00,2019/7/26
102442,502442,1,西城区·汽车充电站小桔充电北京西城广益大厦站(内部专用),北京市北京市西城区广益大厦停车场(广安门内地铁站A西北口步行240米),2,00:00-24:00,2019/7/26
102443,502443,3,西城区·沁水县中小企业创业投资有限公司超级充电站(国华村),北京市北京市西城区龙港镇国华村,3,00:00-24:00,2019/7/26
102444,502444,3,西城区·润诚达充电站(中国地质科学院总部六口电单车),北京市北京市西城区百万庄南街与百万庄大街交叉口东南20米,3,00:00-24:00,2019/7/26
102445,502445,1,西城区·深圳车电网充电站(中海国际中心站),北京市北京市西城区新街口街道北礼士路135号中海国际中心地下停车场,10,00:00-24:00,2019/7/26
102446,502446,2,西城区·添依能源目的地充电站(小红庙14号楼),北京市北京市西城区小红庙小区南地面停车场(红莲南路地铁站B东北口步行280米),1,00:00-24:00,2019/7/26
102447,502447,1,西城区·滴滴充电充电站(京西速电交流站·月坛街道办事处),北京市北京市西城区月坛街道南礼士路20号月坛南街7号院,3,00:00-24:00,2019/7/26
102448,502448,2,西城区·滴滴充电充电站(静态红莲大厦快充站),北京市北京市西城区广安门外街道马连道欣园东路红莲大厦停车场西南角,8,00:00-24:00,2019/7/26
102449,502449,1,西城区·滴滴充电汽车充电站(BP快速充电站北京西城华睦大厦),北京市北京市西城区广安门外街道茶源路兵团大厦,2,00:00-24:00,2019/7/26
102450,502450,2,西城区·滴滴充电汽车充电站(中石化龙禹首建金融中心充电站),北京市北京市西城区展览路街道西直门外大街140号首建金融中心北门,2,00:00-24:00,2019/7/26
102451,502451,2,西城区·滴滴充电汽车充电站(燕莎盛世大厦充电站),北京市北京市西城区德胜街道裕中西里小区燕莎盛世大厦B1,12,00:00-24:00,2019/7/26
102452,502452,2,西城区·牛快充汽车充电站(疫情暂不对外西便门外大街10号院快,北京市北京市西城区真武庙路四条与西便门外大街交叉口东120米,1,00:00-24:00,2019/7/26
102453,502453,3,西城区·特斯拉超级充电站(北京君太百货),北京市北京市西城区西单北大街133号君太百货B2层B08-B16/入口民丰胡同,3,00:00-24:00,2019/7/26
102454,502454,2,西城区·特斯拉超级充电站(北京天安天地大厦地下),北京市北京市西城区油坊胡同(宣武门地铁站F东北口步行270米),1,00:00-24:00,2019/7/26
102455,502455,2,西城区·特斯拉超级充电站(北京金融街购物中心),北京市北京市西城区金城坊街2号金融街购物中心B3层F3区655-662车位/入口金城坊东街,3,00:00-24:00,2019/7/26
102456,502456,1,西城区·特斯拉超级充电站(北京阳光大厦),北京市北京市西城区西直门外大街112-3号地下B2层/入口西直门外南路,2,00:00-24:00,2019/7/26
102457,502457,2,西城区·特来电汽车充电站(特来电北京中海国际中心充电站),北京市北京市西城区新街口街道西直门南小街129号楼新时代大厦地下停车场B2,2,00:00-24:00,2019/7/26
102458,502458,4,西城区·特来电汽车充电站(特来电北京华润建工南里充电站),北京市北京市西城区白纸坊西街54号白纸坊中里10号,6,00:00-24:00,2019/7/26
102459,502459,1,西城区·特来电汽车充电站(特来电北京西单更新场二期充电站),北京市北京市西城区西长安街街道西单北大街180号西单更新场地下停车场B3层,1,00:00-24:00,2019/7/26
102460,502460,1,西城区·特来电目的地充电站(北京粤财JW万豪酒店充电站),北京市北京市西城区宣武门外大街18号北京粤财JW万豪酒店B3停车场,1,00:00-24:00,2019/7/26
102461,502461,2,西城区·特瓦特超级充电站(中基大厦)(暂停营业),北京市北京市西城区马连道路25号中基大厦北侧地面停车场,6,00:00-24:00,2019/7/26
102462,502462,3,西城区·知豆汽车充电站(中廊下胡同),北京市北京市西城区中廊下胡同与东廊下胡同交叉口西北80米,6,00:00-24:00,2019/7/26
102463,502463,2,西城区·聚电充电站(金茂大厦地下站),北京市北京市西城区桃柳园西巷与北礼士路西四条交叉口东北60米,6,00:00-24:00,2019/7/26
102464,502464,4,西城区·能加超充超级充电站(西直门宾馆超充站·华为超充技术支,北京市北京市西城区西直门宾馆,3,00:00-24:00,2019/7/26
102465,502465,4,西城区·能加超充超级充电站(阜成门万通金融中心超充站·华为超,北京市北京市西城区万通金融中心(阜成门地铁站D西南口旁),3,00:00-24:00,2019/7/26
102466,502466,2,西城区·能效邻里共享汽车充电站(20KW社区共享充电桩),北京市北京市西城区牛街街道南仙阁街37号院1号楼底商,3,00:00-24:00,2019/7/26
102467,502467,2,西城区·能效邻里共享汽车充电站(清芷园恩辉的小区共享场站),北京市北京市西城区3号库1009,6,00:00-24:00,2019/7/26
102468,502468,2,西城区·蔚景云汽车充电站(北京外交学院地上充电站S),北京市北京市西城区展览路街道外交学院法律救助中心外交学院展览路校区,1,00:00-24:00,2019/7/26
102469,502469,3,西城区·蔚景云汽车充电站(国电投大厦充电站),北京市北京市西城区德胜街道首创·北环国际中心国家电投大厦,12,00:00-24:00,2019/7/26
102470,502470,2,西城区·蔚景云汽车充电站(教育部机关服务中心),北京市北京市西城区金融街街道大木仓胡同大木仓胡同35号院西区,6,00:00-24:00,2019/7/26
102471,502471,1,西城区·蔚景云汽车充电站(避风港北京地质灾害研究所汽车慢充站,北京市北京市西城区德胜街道北京市生态地质研究所办公楼黄寺大街24号院,3,00:00-24:00,2019/7/26
102472,502472,2,西城区·蔚来能源汽车充电站(北京英蓝大厦),北京市北京市西城区金融大街7号英蓝国际金融中心地下停车场,1,00:00-24:00,2019/7/26
102473,502473,4,西城区·蔚来能源汽车充电站(蔚来超充站北京泰和大厦),北京市北京市西城区骡马市大街8号泰和国际大厦B2(虎坊桥地铁站D西南口旁),6,00:00-24:00,2019/7/26
102474,502474,2,西城区·逸安启超级充电站(北京金融街购物中心),北京市北京市西城区金城坊街2号B3层F区(车位编号630-633),1,00:00-24:00,2019/7/26
102475,502475,2,西城区·阜成门外大街42号院电动汽车充电站,北京市北京市西城区阜成门外大街42号院(甘家口地铁站C东南口旁),2,00:00-24:00,2019/7/26
102476,502476,2,西城区·隆瑞三优南菜园10路汽车充电站,北京市北京市西城区白纸坊西街与建功一巷交叉口东40米,4,00:00-24:00,2019/7/26
102477,502477,2,西城区·隆瑞三优汽车充电站(北京市西城区永安路121号天桥营,北京市北京市西城区永安路121号,6,00:00-24:00,2019/7/26
102478,502478,1,西城区·驴充充汽车充电站(秋果酒店北京复兴门中央音乐学院店),北京市北京市西城区莲花池东路丙1号秋果酒店,6,00:00-24:00,2019/7/26
102479,502479,1,西城区·驴充充汽车充电站(西外文化休闲广场地下停车场),北京市北京市西城区展览路街道西直门外大街116号西外文化休闲广场地下停车场,1,00:00-24:00,2019/7/26
102480,502480,2,西城区·驿充电充电站(北京中国科学院充电站),北京市北京市西城区三里河东辅路与三里河南横街交叉口东南100米,6,00:00-24:00,2019/7/26
102481,502481,2,西城区·驿充电充电站(北京国家统计局东区充电站),北京市北京市西城区月坛南街与三里河北二巷交叉口西20米,3,00:00-24:00,2019/7/26
102482,502482,3,西城区·驿充电充电站(国谊宾馆),北京市北京市西城区文兴东街与文兴街交叉口南140米,2,00:00-24:00,2019/7/26
102483,502483,1,西城区·驿充电充电站(枣林前街充电站),北京市北京市西城区广安门南街与白纸坊西街交叉口南40米,6,00:00-24:00,2019/7/26
102484,502484,2,西城区·驿充电汽车充电站(北京市泰和国际大厦充电站),北京市北京市西城区骡马市大街8号地下车库(虎坊桥地铁站D西南口旁),4,00:00-24:00,2019/7/26
102485,502485,2,西城区·驿联新能源汽车充电站(北京国谊宾馆),北京市北京市西城区文兴东街一号,2,00:00-24:00,2019/7/26
102486,502486,1,西城区·高陆通充电站(大唐集团公司B1 B3停车场店)(暂停,北京市北京市西城区牛街街道烂缦胡同信托大厦地下停车场,8,00:00-24:00,2019/7/26
102487,502487,3,西城区·高陆通充电站(成铭大厦),北京市北京市西城区西直门南大街2号成铭大厦B4,4,00:00-24:00,2019/7/26
102488,502488,1,通州区·CHARGING汽车充电站(通州比亚迪华鹏4S店),北京市北京市通州区比亚迪北方瑞鹏4S店停车场,3,00:00-24:00,2019/7/26
102489,502489,3,通州区·万城万充汽车充电站(九棵树西路充电站),北京市北京市通州区北京市九棵树西路164号,3,00:00-24:00,2019/7/26
102490,502490,3,通州区·中国石化汽车充电站(中国石化京教充电站),北京市北京市通州区潞邑街道潞苑南里1号院中国石化京教加油站,4,00:00-24:00,2019/7/26
102491,502491,3,通州区·中国石化汽车充电站(中国石化腾达充电站),北京市北京市通州区北京市通州区通马路205号,6,00:00-24:00,2019/7/26
102492,502492,2,通州区·中国石化汽车充电站(中国石化通州草寺充电站),北京市北京市通州区宋庄镇通顺路悦邻商厦地面停车场,6,00:00-24:00,2019/7/26
102493,502493,1,通州区·中国石化汽车充电站(云景东路贵友充电站),北京市北京市通州区九棵树街道云景东路园景西区停车场入口,6,00:00-24:00,2019/7/26
102494,502494,2,通州区·中国石化汽车充电站(兴华嘉园充电站),北京市北京市通州区马驹桥镇兴华南街325号(兴华嘉园西门),1,00:00-24:00,2019/7/26
102495,502495,4,通州区·中国石化汽车充电站(晟馨园充电站),北京市北京市通州区张家湾镇北大化118号晟馨园,1,00:00-24:00,2019/7/26
102496,502496,2,通州区·中国石化汽车充电站(果园环岛充电站),北京市北京市通州区北苑南路52号楼底商停车场(果园村西牌楼旁),1,00:00-24:00,2019/7/26
102497,502497,3,通州区·中国石化汽车充电站(祥和乐园充电站),北京市北京市通州区张家湾镇祥和乐园格林豪泰酒店西侧院内停车场,3,00:00-24:00,2019/7/26
102498,502498,2,通州区·中国石化汽车充电站(顺兴充电站),北京市北京市通州区宋庄镇中国石化通州顺兴加油站,2,00:00-24:00,2019/7/26
102499,502499,3,通州区·中国石油北京通州政务中心P4汽车充电站,北京市北京市通州区行政办公区4号地面临时停车场,12,00:00-24:00,2019/7/26
102500,502500,1,通州区·中胜智充汽车充电站(向日葵广场),"北京市北京市通州区北京市六合桥西侧100米,向日葵广场北停车场",3,00:00-24:00,2019/7/26
102501,502501,2,通州区·中胜智充汽车充电站(运河明珠家园),北京市北京市通州区玉带河大街2号地面停车场(北运河西地铁站B东北口步行140米),8,00:00-24:00,2019/7/26
102502,502502,2,通州区·久华恒源超级充电站(通州区站),北京市北京市通州区站前街南三街IV-1街区停车场东南角,4,00:00-24:00,2019/7/26
102503,502503,2,通州区·云快充(互联接入)汽车充电站(漷马天乐电站),北京市北京市通州区亦庄马驹桥镇史村80号,1,00:00-24:00,2019/7/26
102504,502504,2,通州区·云快充汽车充电站(于家务电动汽车充电站),北京市北京市通州区格林豪泰(北京于家务科技园店)地面停车点,1,00:00-24:00,2019/7/26
102505,502505,2,通州区·云快充汽车充电站(北京市通州区宋庄镇北寺村),北京市北京市通州区宋庄镇北寺村50号,4,00:00-24:00,2019/7/26
102506,502506,2,通州区·云快充汽车充电站(双埠头村北边小公园充电桩),北京市北京市通州区宋庄镇双埠头村小公园,2,00:00-24:00,2019/7/26
102507,502507,2,通州区·云快充汽车充电站(后尖平快充站),北京市北京市通州区后尖平村,2,00:00-24:00,2019/7/26
102508,502508,2,通州区·云快充汽车充电站(向日葵广场站),北京市北京市通州区向日葵广场,3,00:00-24:00,2019/7/26
102509,502509,2,通州区·云快充汽车充电站(星悦国际地下停车场4号楼北侧200,北京市北京市通州区星悦国际4号楼北侧地下车位200车位,12,00:00-24:00,2019/7/26
102510,502510,4,通州区·云快充汽车充电站(潞能超充徐双路站),北京市北京市通州区徐双路,3,00:00-24:00,2019/7/26
102511,502511,2,通州区·云快充汽车充电站(电光侠超级充电站),北京市北京市通州区于家务回族乡张凤路艾立康仓储,2,00:00-24:00,2019/7/26
102512,502512,2,通州区·云快充汽车充电站(通州郝家府充电站),北京市北京市通州区涌翠西路与通源街交叉口东南120米,4,00:00-24:00,2019/7/26
102513,502513,2,通州区·云快充超级充电站(中诚智行大杜社村充电站),北京市北京市通州区大杜社卫生院东南门西70米,2,00:00-24:00,2019/7/26
102514,502514,2,通州区·云快充超级充电站(及时语超快充电站),北京市北京市通州区马驹桥镇南小营村东口,6,00:00-24:00,2019/7/26
102515,502515,2,通州区·云快充超级充电站(来通电重卡货车综合充电站),北京市北京市通州区宋庄镇双埠头村工业园区西场地,1,00:00-24:00,2019/7/26
102516,502516,2,通州区·云快充超级充电站(永乐停车区充电站进京方向),北京市北京市通州区永乐停车区,8,00:00-24:00,2019/7/26
102517,502517,2,通州区·云快充超级充电站(首环西集服务区北区站),北京市北京市通州区西集停车区,6,00:00-24:00,2019/7/26
102518,502518,2,通州区·云快充超级充电站(首环西集服务区南区站),北京市北京市通州区西集停车区,2,00:00-24:00,2019/7/26
102519,502519,1,通州区·凯工大厦超级汽车充电站,北京市北京市通州区通州区经济技术开发区经海五路77号院1号楼国恒集团地面停车场A092,1,00:00-24:00,2019/7/26
102520,502520,1,通州区·华商三优汽车充电站(台湖公园),北京市北京市通州区台湖公园地面停车场,8,00:00-24:00,2019/7/26
102521,502521,2,通州区·国家电网充电站(西集沙古堆小学),北京市北京市通州区西集镇沙古堆远东加油站南侧,2,00:00-24:00,2019/7/26
102522,502522,3,通州区·国家电网汽车充电站,北京市北京市通州区次渠大街国家电网营业厅(次渠中学东侧),6,00:00-24:00,2019/7/26
102523,502523,3,通州区·国家电网汽车充电站,北京市北京市通州区兴贸北街6号,6,00:00-24:00,2019/7/26
102524,502524,2,通州区·国家电网汽车充电站(京沪高速马驹桥服务区公共充电站北,北京市北京市通州区马驹桥服务区,2,00:00-24:00,2019/7/26
102525,502525,3,通州区·国家电网汽车充电站(京津高速永乐店服务区公共充电站北,北京市北京市通州区永乐店镇永乐服务区(进京方向),2,00:00-24:00,2019/7/26
102526,502526,2,通州区·国家电网汽车充电站(京津高速永乐店服务区公共充电站天,北京市北京市通州区永乐店服务区内,3,00:00-24:00,2019/7/26
102527,502527,3,通州区·国家电网汽车充电站(北京市亦庄开发区定海园三里小区),北京市北京市通州区定海园三里地面停车场,4,00:00-24:00,2019/7/26
102528,502528,2,通州区·国家电网汽车充电站(北京市经开区经海五路同宁公共超级,北京市北京市通州区北京经济技术开发区经海五路与科创十四街交叉口西北角,2,00:00-24:00,2019/7/26
102529,502529,2,通州区·国家电网汽车充电站(北京市通州区于家务中学公共充电站,北京市北京市通州区于家务中学北侧路道路停车位(中学操场北侧),4,00:00-24:00,2019/7/26
102530,502530,2,通州区·国家电网汽车充电站(北京市通州区京洲南街公共充电站S,北京市北京市通州区京洲南街附近(龙湖大方居南侧),1,00:00-24:00,2019/7/26
102531,502531,2,通州区·国家电网汽车充电站(北京市通州区刘庄新村西区北侧公共,北京市北京市通州区刘庄新村西区北侧停车场,3,00:00-24:00,2019/7/26
102532,502532,2,通州区·国家电网汽车充电站(北京市通州区台湖京通水务院外公共,北京市北京市通州区台湖镇前营村东北方向京通水务院外地面停车场,6,00:00-24:00,2019/7/26
102533,502533,3,通州区·国家电网汽车充电站(北京市通州区台湖镇政府),北京市北京市通州区台湖大街13号台湖镇政府院外地面停车场,3,00:00-24:00,2019/7/26
102534,502534,1,通州区·国家电网汽车充电站(北京市通州区台湖镇次渠社区卫生服,北京市北京市通州区次渠社区卫生服务中心地面停车场,3,00:00-24:00,2019/7/26
102535,502535,2,通州区·国家电网汽车充电站(北京市通州区度假区北街公共超级充,北京市北京市通州区大马庄村东南728米,10,00:00-24:00,2019/7/26
102536,502536,1,通州区·国家电网汽车充电站(北京市通州区张家湾环湖小区公共充,北京市北京市通州区张家湾环湖小区1号楼南侧地面停车场,6,00:00-24:00,2019/7/26
102537,502537,1,通州区·国家电网汽车充电站(北京市通州区月亮河温泉假日酒店),北京市北京市通州区滨河路1号月亮河温泉假日酒店公共地面停车场03,2,00:00-24:00,2019/7/26
102538,502538,2,通州区·国家电网汽车充电站(北京市通州区柴务公共超级充电站),北京市北京市通州区马驹桥镇马朱路东侧,1,00:00-24:00,2019/7/26
102539,502539,2,通州区·国家电网汽车充电站(北京市通州区永乐广场公共充电站),北京市北京市通州区永乐店镇永乐广场对面,8,00:00-24:00,2019/7/26
102540,502540,2,通州区·国家电网汽车充电站(北京市通州区甘棠中学公共充电站),北京市北京市通州区甘棠中学东200米地面停车场,6,00:00-24:00,2019/7/26
102541,502541,2,通州区·国家电网汽车充电站(北京市通州区精诚联合汽车维修公司,北京市北京市通州区张家湾镇精诚联合汽车维修公司西侧地面停车场,3,00:00-24:00,2019/7/26
102542,502542,3,通州区·国家电网汽车充电站(北京市通州区蓝呗呗生态园充电站),北京市北京市通州区马驹桥镇马朱路与朱大路交叉口东侧,4,00:00-24:00,2019/7/26
102543,502543,4,通州区·国家电网汽车充电站(北京市通州区西集何各庄公共充电站,北京市北京市通州区西集镇何各庄村村委会西侧,2,00:00-24:00,2019/7/26
102544,502544,2,通州区·国家电网汽车充电站(北京市通州区西集大灰店村公共充电,北京市北京市通州区西集大灰店村委会南侧地面停车场,6,00:00-24:00,2019/7/26
102545,502545,2,通州区·国家电网汽车充电站(北京市通州区西集林业站公共充电站,北京市北京市通州区胜景湖农业生态园对面(西集林业站),6,00:00-24:00,2019/7/26
102546,502546,2,通州区·国家电网汽车充电站(北京市通州区阳光国际会议中心),北京市北京市通州区政府路西集镇儒林村南1号北京阳光国际会议中心,3,00:00-24:00,2019/7/26
102547,502547,2,通州区·国家电网汽车充电站(北京市通州区颐瑞东路公共超级充电,北京市北京市通州区颐瑞东路公交站旁,6,00:00-24:00,2019/7/26
102548,502548,3,通州区·国家电网汽车充电站(北京市通州区黎明家具总部基地充电,北京市北京市通州区镇黎明家具总部基地北侧地面停车场,10,00:00-24:00,2019/7/26
102549,502549,2,通州区·壳牌充电汽车充电站(壳牌充电北京通州城市绿心森林公园,北京市北京市通州区城市绿心森林公园P12停车场,1,00:00-24:00,2019/7/26
102550,502550,2,通州区·壳牌充电汽车充电站(壳牌充电北京通州城市绿心森林公园,北京市北京市通州区城市绿心森林公园P6停车场,3,00:00-24:00,2019/7/26
102551,502551,2,通州区·壳牌充电汽车充电站(壳牌充电北京通州大运河便民服务中,北京市北京市通州区永顺镇运河嘉园大运河市场,3,00:00-24:00,2019/7/26
102552,502552,2,通州区·壳牌充电汽车充电站(壳牌充电北京通州大运河森林公园地,北京市北京市通州区大运河森林公园西6门北停车场,4,00:00-24:00,2019/7/26
102553,502553,2,通州区·壳牌充电汽车充电站(壳牌充电北京通州漕运码头地面快充,北京市北京市通州区云帆路漕运码头停车场,2,00:00-24:00,2019/7/26
102554,502554,2,通州区·壳牌充电汽车充电站(壳牌充电北京通州潞城地面快充站),北京市北京市通州区潞城地铁站D口西侧停车场,8,00:00-24:00,2019/7/26
102555,502555,2,通州区·壳牌充电超级充电站(壳牌充电北京亦庄开发区银和港地下,北京市北京市通州区亦庄开发区台湖镇经济开发区经海六路9号院1号楼地下2层-B2,8,00:00-24:00,2019/7/26
102556,502556,2,通州区·宋庄电动车充电桩(宋庄西街桩),北京市北京市通州区宋庄路与通怀路交叉口西南60米,6,00:00-24:00,2019/7/26
102557,502557,3,通州区·小桔充电汽车充电站(中石化龙禹宋庄小堡充电站),北京市北京市通州区徐宋路与宋庄路交叉口西南80米,2,00:00-24:00,2019/7/26
102558,502558,2,通州区·小桔充电汽车充电站(中石化龙禹通州天骥智谷),北京市北京市通州区天骥·智谷按路引指示牌行至64号楼北侧地面停车场2,2,00:00-24:00,2019/7/26
102559,502559,1,通州区·小桔充电汽车充电站(优智华远好天地充电站),北京市北京市通州区华远·好天地c座旁地面停车场61,3,00:00-24:00,2019/7/26
102560,502560,2,通州区·小桔充电汽车充电站(优智宋庄),北京市北京市通州区壁富路与窑管路交叉口西北140米,2,00:00-24:00,2019/7/26
102561,502561,2,通州区·小桔充电汽车充电站(北京亦庄耐威科技),北京市北京市通州区耐威科技地面停车场056,4,00:00-24:00,2019/7/26
102562,502562,1,通州区·小桔充电汽车充电站(北京市电莫愁-百丽亦庄充电站),北京市北京市通州区兴贸二街5号院,8,00:00-24:00,2019/7/26
102563,502563,2,通州区·小桔充电汽车充电站(北京通州九棵树东路),北京市北京市通州区玉桥街道当代名筑家园南侧地面停车场,1,00:00-24:00,2019/7/26
102564,502564,1,通州区·小桔充电汽车充电站(北京通州北关),北京市北京市通州区富河园碧水明珠金富源宾馆门前地面停车场,4,00:00-24:00,2019/7/26
102565,502565,3,通州区·小桔充电汽车充电站(北京通州城市绿心森林公园P12停,北京市北京市通州区城市绿心森林公园P12停车场,6,00:00-24:00,2019/7/26
102566,502566,2,通州区·小桔充电汽车充电站(北京通州大唐高新技术创业园),北京市北京市通州区电信科学技术仪表研究所停车场,10,00:00-24:00,2019/7/26
102567,502567,2,通州区·小桔充电汽车充电站(北京通州旗舰凯旋),北京市北京市通州区梨园镇万盛北里梧桐苑小区旗舰凯旋九棵树西路与旗舰凯旋路路口东侧地面停车场,10,00:00-24:00,2019/7/26
102568,502568,2,通州区·小桔充电汽车充电站(北京通州米拉小镇充电站),北京市北京市通州区马驹桥镇米拉小镇新米拉MALL地面停车场,3,00:00-24:00,2019/7/26
102569,502569,3,通州区·小桔充电汽车充电站(北京通州鸿坤智谷),北京市北京市通州区马驹桥镇景盛中街13号马驹桥智谷地下停车场10-3,6,00:00-24:00,2019/7/26
102570,502570,3,通州区·小桔充电汽车充电站(景海时代停车场超级充电站),北京市北京市通州区北京现代坦迪斯变速器有限公司南门东南240米,1,00:00-24:00,2019/7/26
102571,502571,4,通州区·小桔充电汽车充电站(极充时代超充站通州怡佳家园站),北京市北京市通州区北苑街道滨惠南二街怡佳家园,3,00:00-24:00,2019/7/26
102572,502572,2,通州区·小桔充电汽车充电站(通州富恒大厦充电站),北京市北京市通州区京榆旧线辅路与陈列馆路交叉口东南80米,3,00:00-24:00,2019/7/26
102573,502573,2,通州区·小米汽车充电站(北京汽车工厂内部1北),北京市北京市通州区马驹桥镇房辛店西路小米汽车工厂停车场(出入口),6,00:00-24:00,2019/7/26
102574,502574,4,通州区·小鹏汽车汽车充电站(北京通州万达购物中心小鹏超充站),北京市北京市通州区北苑街道新华西街58号万达广场(北京通州店)B1层,10,00:00-24:00,2019/7/26
102575,502575,2,通州区·小鹏超级充电站(小鹏S4超快充北京宋庄站),北京市北京市通州区富壁路5号宜硕楼微创空间,8,00:00-24:00,2019/7/26
102576,502576,2,通州区·小鹏超级充电站(小鹏S4超快充北京通州通朝大街站),北京市北京市通州区杨庄街道通朝大街中国石化欣怡乐加油站,3,00:00-24:00,2019/7/26
102577,502577,2,通州区·小鹏超级充电站(小鹏超快充北京天骥智谷站),北京市北京市通州区北京市北京市天骥智谷13号楼,1,00:00-24:00,2019/7/26
102578,502578,4,通州区·广汽能源汽车充电站(广汽昊铂北京通州北投大厦超充站),北京市北京市通州区通济路北投大厦地下停车场B3层(101-112车位),1,00:00-24:00,2019/7/26
102579,502579,4,通州区·广汽能源汽车充电站(广汽昊铂北京通州绿心公园超充站),北京市北京市通州区张家湾镇城市绿心森林公园P12停车场,1,00:00-24:00,2019/7/26
102580,502580,1,通州区·快电超级充电站,北京市北京市通州区东六元园区西北侧290米,8,00:00-24:00,2019/7/26
102581,502581,1,通州区·惠车充(通州物流基地)超级充电站,北京市北京市通州区融商四路20号院北侧充电站,1,00:00-24:00,2019/7/26
102582,502582,3,通州区·新电途汽车充电站(优智天骥智谷充电站),北京市北京市通州区经海三路109北门天骥·智谷地面停车场,6,00:00-24:00,2019/7/26
102583,502583,3,通州区·新电途汽车充电站(动力时代-经海三路天骥智谷超级充电,北京市北京市通州区台湖镇经海三路天骥·智谷,2,00:00-24:00,2019/7/26
102584,502584,1,通州区·新电途汽车充电站(小苹果液冷超级充电站果园环岛),北京市北京市通州区通州区果园通朝大街65号院停车场,3,00:00-24:00,2019/7/26
102585,502585,2,通州区·新电途汽车充电站(橙小鸽充电站通州区牛堡屯充电站),北京市北京市通州区张家湾镇北京永盛昌汽修厂(原东郊汽修),10,00:00-24:00,2019/7/26
102586,502586,2,通州区·新电途汽车充电站(永乐店快充站),北京市北京市通州区永乐店镇德觅路,2,00:00-24:00,2019/7/26
102587,502587,2,通州区·新电途汽车充电站(通州区潞城镇市民中心东侧停车场充电,北京市北京市通州区武兴路6号,1,00:00-24:00,2019/7/26
102588,502588,2,通州区·新电途汽车充电站(通州易代储7号院充电站),北京市北京市通州区景盛南二街10号楼,3,00:00-24:00,2019/7/26
102589,502589,4,通州区·新电途汽车充电站(通瑞友谊医院液冷超级充电站),北京市北京市通州区通瑞嘉苑北门西160米,4,00:00-24:00,2019/7/26
102590,502590,1,通州区·昆仑网电汽车充电站(中国石油北京通州美达大厦充电站),北京市北京市通州区美达大厦,3,00:00-24:00,2019/7/26
102591,502591,1,通州区·昆仑网电汽车充电站(中国石油城市副中心政务中心充电站,北京市北京市通州区故城东路新华小区西南侧70米建设银行对面P1、P8停车场,3,00:00-24:00,2019/7/26
102592,502592,2,通州区·昆仑网电汽车充电站(中国石油潞城地铁站停车场充电站),北京市北京市通州区运河东大街潞城地铁站D口西侧停车场,1,00:00-24:00,2019/7/26
102593,502593,2,通州区·昆仑网电汽车充电站(中国石油通州耿庄充电站),北京市北京市通州区永顺镇潞苑中路与潞苑五街夹角处西南停车场,1,00:00-24:00,2019/7/26
102594,502594,4,通州区·昆仑网电汽车充电站(中国石油通州草寺村充电站),北京市北京市通州区宋庄镇草寺村委会北,2,00:00-24:00,2019/7/26
102595,502595,1,通州区·昆仑网电汽车充电站(昆仑网电北京亚太花园酒店充电站),北京市北京市通州区玉桥西路103号,3,00:00-24:00,2019/7/26
102596,502596,3,通州区·昆仑网电汽车充电站(昆仑网电北京蓝山公寓充电站),北京市北京市通州区新华南路果园47号雅景嘉园小区西侧底商(小区外面),4,00:00-24:00,2019/7/26
102597,502597,1,通州区·昆仑网电汽车充电站(昆仑网电北京通州数码港充电站),北京市北京市通州区兴光二街4号中国数码港科技园北门进入西行30米,10,00:00-24:00,2019/7/26
102598,502598,2,通州区·昆仑网电汽车充电站(昆仑网电北京通州有仓科技园充电站,北京市北京市通州区有仓风景科技园(通马路北100米),2,00:00-24:00,2019/7/26
102599,502599,1,通州区·星星充电汽车充电站(北京海富智慧新能源汽车示范园B区,北京市北京市通州区海富智慧新能源汽车示范园地面停车场,1,00:00-24:00,2019/7/26
102600,502600,4,通州区·星星充电汽车充电站(北京海富智慧新能源汽车示范园B区,北京市北京市通州区漷柏路与六郎庄路交叉口北160米,6,00:00-24:00,2019/7/26
102601,502601,2,通州区·星星充电汽车充电站(星星充电-通州-土桥PLUS充电,北京市北京市通州区梨园镇颐瑞中二路dbc加州小镇-B区北侧,1,00:00-24:00,2019/7/26
102602,502602,3,通州区·星星充电汽车充电站(星星充电-马驹桥益缘液冷超级充电,北京市北京市通州区漷柏路与六郎庄路交叉口北160米,6,00:00-24:00,2019/7/26
102603,502603,2,通州区·星星充电汽车充电站(星星充电-马驹桥益缘超级充电站),北京市北京市通州区北京海富新能源汽车有限公司西门旁,1,00:00-24:00,2019/7/26
102604,502604,4,通州区·星星充电汽车充电站(通州万达广场),北京市北京市通州区北苑街道新华西街110号万达广场(通州店)地下停车场H区H184,8,00:00-24:00,2019/7/26
102605,502605,2,通州区·星星充电汽车充电站(通杭通顺充电站),北京市北京市通州区永乐店镇北京永乐顺通供应链管理有限公司,2,00:00-24:00,2019/7/26
102606,502606,2,通州区·智充科技快充站汽车充电站(乐堤港站),北京市北京市通州区远洋乐堤港地下停车场B2,4,00:00-24:00,2019/7/26
102607,502607,2,通州区·智电时代汽车充电站(智电时代物资学院充电站),北京市北京市通州区物资学院路4号,4,00:00-24:00,2019/7/26
102608,502608,1,通州区·智电速能天骥智谷充电站,北京市北京市通州区经海三路109北门,3,00:00-24:00,2019/7/26
102609,502609,2,通州区·极氪能源超级充电站(北京向日葵广场极充站),北京市北京市通州区京榆旧线与东六环交叉口西北150米向日葵广场地面停车位,3,00:00-24:00,2019/7/26
102610,502610,2,通州区·比亚迪闪充汽车充电站(JBZX),北京市北京市通州区广源东街与梧桐路交叉口东120米,4,00:00-24:00,2019/7/26
102611,502611,2,通州区·比亚迪闪充汽车充电站(北京宋庄宜硕楼微创空间),北京市北京市通州区宋庄镇小桔充电汽车充电站(优智宋庄充电站)宜硕楼微创空间,6,00:00-24:00,2019/7/26
102612,502612,1,通州区·比亚迪闪充汽车充电站(北京物资学院),北京市北京市通州区永顺镇物资学院路4号,2,00:00-24:00,2019/7/26
102613,502613,2,通州区·比亚迪闪充汽车充电站(方程豹北京环耀之星4S店),北京市北京市通州区怡乐西路京洲工业园区方程豹之星,3,00:00-24:00,2019/7/26
102614,502614,2,通州区·比亚迪闪充汽车充电站(比亚迪北京瑞鹏海迪4S店),北京市北京市通州区九棵树西路辅路大稿村工业园,6,00:00-24:00,2019/7/26
102615,502615,2,通州区·比亚迪闪充汽车充电站(腾势北京环耀中心),北京市北京市通州区怡乐西路2号,1,00:00-24:00,2019/7/26
102616,502616,3,通州区·汐歌儿汽车充电站,北京市北京市通州区邢各庄路与镇工业区路交叉口东460米,3,00:00-24:00,2019/7/26
102617,502617,2,通州区·汐歌儿汽车充电站(公共站汐歌儿马驹桥小周易优易充小站,北京市北京市通州区小古二路,2,00:00-24:00,2019/7/26
102618,502618,1,通州区·汽车充电站(中石化通州嘉盛恒成站),北京市北京市通州区梨园日新路一号,2,00:00-24:00,2019/7/26
102619,502619,3,通州区·汽车充电站(公共站通州区潞城优易充小站),北京市北京市通州区通运街道潞邑东路辅路,6,00:00-24:00,2019/7/26
102620,502620,4,通州区·汽车充电站(公共站通州区潞城超充优易充小站),北京市北京市通州区潞邑东路辅路,4,00:00-24:00,2019/7/26
102621,502621,3,通州区·汽车充电站(兴光三街5号院),北京市北京市通州区兴光三街5号宗源机动车检测场,3,00:00-24:00,2019/7/26
102622,502622,3,通州区·汽车充电站(通州区潞城公共充电站免停车费),北京市北京市通州区新通惠捷区域电动小客车出租有限公司院内,6,00:00-24:00,2019/7/26
102623,502623,3,通州区·汽车换电站(蔚来换电站G1京哈高速田家府服务区北京方,北京市北京市通州区东六环g1号,6,00:00-24:00,2019/7/26
102624,502624,2,通州区·派捷充汽车充电站(大杜社充电站),北京市北京市通州区漷马路大杜社中心幼儿园东侧150米考拉爱车东侧,2,00:00-24:00,2019/7/26
102625,502625,4,通州区·派捷充汽车充电站(珠江四季悦城充电站),北京市北京市通州区兴贸三街珠江四季悦城18号楼东北侧停车场,4,00:00-24:00,2019/7/26
102626,502626,4,通州区·派捷充电汽车充电站(派捷充-甘李大型车辆充电站),北京市北京市通州区马驹桥镇景盛北三街8号,1,00:00-24:00,2019/7/26
102627,502627,2,通州区·滴滴充电汽车充电站(中石化龙禹通州云景里充电站),北京市北京市通州区九棵树街道云景里(北区)云景里北区,3,00:00-24:00,2019/7/26
102628,502628,1,通州区·滴滴充电汽车充电站(中石化龙禹通州台湖经略天则充电站,北京市北京市通州区台湖镇经略天则北京·台湖·创意广场北区,2,00:00-24:00,2019/7/26
102629,502629,2,通州区·滴滴充电汽车充电站(北京市电莫愁-世化普利特亦庄充电,北京市北京市通州区马驹桥镇永昌东四路北京东进世美肯科技有限公司,1,00:00-24:00,2019/7/26
102630,502630,1,通州区·滴滴充电汽车充电站(北京市通州区九棵树东路一期充电站,北京市北京市通州区玉桥街道当代名筑家园南侧停车场,4,00:00-24:00,2019/7/26
102631,502631,1,通州区·滴滴充电汽车充电站(北京陆道培医院充电站),北京市北京市通州区马驹桥镇南海户村北京陆道培医院院内北侧停车场,2,00:00-24:00,2019/7/26
102632,502632,4,通州区·滴滴充电汽车充电站(天潮能充·东亚尚品台湖超充站),北京市北京市通州区台湖镇晋香居刀削面川湘菜东亚尚品台湖,1,00:00-24:00,2019/7/26
102633,502633,2,通州区·滴滴充电汽车充电站(玲珑超级液冷充电站),北京市北京市通州区马驹桥镇景盛中街10号停车场西北角,10,00:00-24:00,2019/7/26
102634,502634,4,通州区·滴滴充电汽车充电站(通州区郝家府充电站),北京市北京市通州区潞源街道涌翠东路行政办公区2号地面临时停车场,4,00:00-24:00,2019/7/26
102635,502635,3,通州区·滴滴充电汽车充电站(通州台湖镇卫生院充电站),北京市北京市通州区台湖镇台湖社区卫生服务中心台湖卫生院北侧停车场,6,00:00-24:00,2019/7/26
102636,502636,1,通州区·特斯拉超级充电站(北京经海产业园),北京市北京市通州区经海四路156号经海产业园地下停车场B1层C区283车位对面/入口经海四路,4,00:00-24:00,2019/7/26
102637,502637,2,通州区·特斯拉超级充电站(北京远洋乐堤港),"北京市北京市通州区新华街道新华北路远洋乐堤港地下B2层M区,临近M021车位/入口黄船埠街",8,00:00-24:00,2019/7/26
102638,502638,1,通州区·特斯拉超级充电站(北京领展购物广场·京通),北京市北京市通州区梨园镇九棵树西路76号罗斯福地下停车场B2层B1区B-059车位,1,00:00-24:00,2019/7/26
102639,502639,2,通州区·特来电充电站(北京市通州区史家小学),北京市北京市通州区玉桥街道玉桥东路北京市史家小学通州分校地面停车场,4,00:00-24:00,2019/7/26
102640,502640,1,通州区·特来电汽车充电站(北投静态三大建筑共享空间地下停车场,北京市北京市通州区永顺镇惠林路三大建筑共享空间地下停车场,1,00:00-24:00,2019/7/26
102641,502641,1,通州区·特来电汽车充电站(漷马欧艺充电站),北京市北京市通州区马驹桥镇漷马路(阳光金港建材城),3,00:00-24:00,2019/7/26
102642,502642,1,通州区·特来电汽车充电站(特来电北京市通州区土桥充电站),北京市北京市通州区玉桥街道临河里小区方恒东景商街地面停车场14,1,00:00-24:00,2019/7/26
102643,502643,2,通州区·特来电汽车充电站(特来电北京市通州区太玉园快充充电站,北京市北京市通州区张采路226号张家湾镇张采路张家湾社区卫生服务中心,3,00:00-24:00,2019/7/26
102644,502644,2,通州区·特来电汽车充电站(特来电北京市通州区孙王场充电站),北京市北京市通州区地面停车场,2,00:00-24:00,2019/7/26
102645,502645,2,通州区·特来电汽车充电站(特来电北京市通州区宋庄小堡充电站),北京市北京市通州区东轴街99号宋庄镇北堤路兴惠园,10,00:00-24:00,2019/7/26
102646,502646,2,通州区·特来电汽车充电站(特来电北京市通州区漷县公共充电站),北京市北京市通州区漷县镇漷兴西四南街,8,00:00-24:00,2019/7/26
102647,502647,3,通州区·特来电汽车充电站(特来电北京市通州区马驹桥四季悦城充,北京市北京市通州区珠江四季悦城南地面停车场02,2,00:00-24:00,2019/7/26
102648,502648,2,通州区·特来电汽车充电站(特来电少城科技园),北京市北京市通州区马驹桥镇环科中路6号少城大厦(西门)地面停车场,4,00:00-24:00,2019/7/26
102649,502649,3,通州区·特来电汽车充电站(特来电通州区张采路充电站),北京市北京市通州区牛堡屯派出所内部地面停车场,1,00:00-24:00,2019/7/26
102650,502650,2,通州区·特来电汽车充电站(特来电通州区滨河停车场),北京市北京市通州区永顺镇前上坡村路得乐网球,2,00:00-24:00,2019/7/26
102651,502651,3,通州区·特来电超级充电站(北投静态北人产业园P7停车场充电站,北京市北京市通州区北人产业园P7停车场P7-25至P7-36车位,4,00:00-24:00,2019/7/26
102652,502652,2,通州区·特来电超级充电站(北投静态路县遗址公园地面停车场充电,北京市北京市通州区潞源街道东古城街,1,00:00-24:00,2019/7/26
102653,502653,1,通州区·特来电超级充电站(特来电北京市通州区南火垡充电站),北京市北京市通州区牛样路0523号张家湾镇牛样路,6,00:00-24:00,2019/7/26
102654,502654,2,通州区·特来电超级充电站(特来电北京市通州区通朝大街充电站),北京市北京市通州区杨庄街道通朝大街李老新村,2,00:00-24:00,2019/7/26
102655,502655,2,通州区·特来电超级充电站(特来电北京通州科创五街充电站),北京市北京市通州区台湖镇经海七路北京弘赫国际体育发展有限公司,12,00:00-24:00,2019/7/26
102656,502656,4,通州区·理想超级充电站(理想5C超充站北京通州区玉桥东路近史,北京市北京市通州区梨园南街71号北京市通州区史家小学通州分校南侧停车场,8,00:00-24:00,2019/7/26
102657,502657,1,通州区·田家府服务区国家电网电动汽车充电站,北京市北京市通州区京哈高速田家府服务区(出京方向),6,00:00-24:00,2019/7/26
102658,502658,2,通州区·电动自行车充电站,北京市北京市通州区云景东路339号,1,00:00-24:00,2019/7/26
102659,502659,3,通州区·省直能源电动汽车充电站,北京市北京市通州区大姚辛庄村427号,3,00:00-24:00,2019/7/26
102660,502660,4,通州区·能+超充(通州北京one大厦充电站),北京市北京市通州区中山大街北京ONE写字楼东南角,6,00:00-24:00,2019/7/26
102661,502661,4,通州区·能加超充汽车充电站(通州汇天云端产业园南门站),北京市北京市通州区徐尹路88号,6,00:00-24:00,2019/7/26
102662,502662,4,通州区·能加超充汽车充电站(通州汇天云端产业园西门站),北京市北京市通州区S214(壁富路),4,00:00-24:00,2019/7/26
102663,502663,4,通州区·茂电·顺顺充超级充电站(北京学校超充站·华为超充技术,北京市北京市通州区潞城镇畅和东路北京学校,8,00:00-24:00,2019/7/26
102664,502664,4,通州区·茂电·顺顺充超级充电站(莲花荟超充站·华为超充技术支,北京市北京市通州区玉桥街道运河西大街辅路莲花荟,3,00:00-24:00,2019/7/26
102665,502665,1,通州区·蔚来换电站(城市绿心森林公园店),北京市北京市通州区城市绿心森林公园P12停车场,1,00:00-24:00,2019/7/26
102666,502666,1,通州区·蔚来换电站G2高速马驹桥服务区(北京方向),北京市北京市通州区马驹桥服务区(进京方向)东北角,2,00:00-24:00,2019/7/26
102667,502667,2,通州区·蔚来能源超级充电站(北京方向G1京哈高速田家府服务区,北京市北京市通州区田家府服务区,8,00:00-24:00,2019/7/26
102668,502668,1,通州区·蔚来能源超级充电站(北京通州宋庄),北京市北京市通州区京榆旧线与小堡路交叉口正北方向150米左右,3,00:00-24:00,2019/7/26
102669,502669,2,通州区·西集停车区电动汽车充电站,北京市北京市通州区西集停车区南侧,3,00:00-24:00,2019/7/26
102670,502670,3,通州区·超翔汽车充电站(次渠南里11区外围停车位266),北京市北京市通州区台湖镇次渠南里133号楼西侧地面停车场,2,00:00-24:00,2019/7/26
102671,502671,2,通州区·逸安启超级充电站(北京远洋乐堤港),"北京市北京市通州区新华北路北关桥东北角远洋乐堤港B2层F区,近K-049号车位",4,00:00-24:00,2019/7/26
102672,502672,3,通州区·隆瑞三优超级充电站(临河里超级充电站),北京市北京市通州区张采路562号(临河里地铁站A东北口旁),1,00:00-24:00,2019/7/26
102673,502673,2,通州区·隆瑞三优超级充电站(刘庄超级充电站),北京市北京市通州区S202(张采路),2,00:00-24:00,2019/7/26
102674,502674,1,通州区·隆瑞三优超级充电站(商务园超级充电站),北京市北京市通州区安顺二街57号,6,00:00-24:00,2019/7/26
102675,502675,4,通州区·隆瑞三优超级充电站(隆瑞三优任庄超级充电站),北京市北京市通州区X013(京榆旧线),3,00:00-24:00,2019/7/26
102676,502676,1,通州区·隆瑞三优超级充电站(隆瑞三优施园超级充电站),北京市北京市通州区S202(张采路),12,00:00-24:00,2019/7/26
102677,502677,3,通州区·首发能源充电站(京沪高速马驹桥服务区进京方向),北京市北京市通州区马驹桥服务区(进京方向)蔚来马驹桥换电站旁边,3,00:00-24:00,2019/7/26
102678,502678,2,通州区·驴充充汽车充电站(楠舍公共充电线),北京市北京市通州区X015(张台路)北京楠舍民宿小院附近42米驴充充充电站,6,00:00-24:00,2019/7/26
102679,502679,2,通州区·驴充充汽车充电站(环球快充),北京市北京市通州区X015(张台路)驴充充充电站,10,00:00-24:00,2019/7/26
102680,502680,3,通州区·驴充充汽车充电站(苍头村西充电桩),北京市北京市通州区Y753(三支路)北京市长城塑料增强材料福利厂,4,00:00-24:00,2019/7/26
102681,502681,2,通州区·驴充充汽车充电站(蒋辛庄村西南停车场),北京市北京市通州区[],2,00:00-24:00,2019/7/26
102682,502682,1,门头沟区·中国石化汽车充电站(中国石化泷悦长安充电站),北京市北京市门头沟区龙兴南二路5号院,2,00:00-24:00,2019/7/26
102683,502683,2,门头沟区·中国石化汽车充电站(中国石化金沙西充电站),北京市北京市门头沟区永定镇石龙西公交场站南侧50m金沙西充电站,6,00:00-24:00,2019/7/26
102684,502684,3,门头沟区·中国石化汽车充电站(中国石化龙门新区充电站),北京市北京市门头沟区东辛房街道增北路龙门新区,6,00:00-24:00,2019/7/26
102685,502685,2,门头沟区·中国铁塔汽车充电站(北京门头沟石龙高科大厦充电站),北京市北京市门头沟区门头沟石龙高科大厦(栗园庄地铁站B1东口步行480米),10,00:00-24:00,2019/7/26
102686,502686,2,门头沟区·临镜苑顺吉底商汽车充电站,北京市北京市门头沟区石担路133号,4,00:00-24:00,2019/7/26
102687,502687,2,门头沟区·云亿兆汽车充电站(天合宾馆),北京市北京市门头沟区倪家营镇南台村梨园新村28号,6,00:00-24:00,2019/7/26
102688,502688,2,门头沟区·云快充汽车充电站(南坡小区充电桩),北京市北京市门头沟区中门寺南坡小区8号楼,3,00:00-24:00,2019/7/26
102689,502689,2,门头沟区·云快充汽车充电站(南坡小区充电站),北京市北京市门头沟区中门寺南路与矿建南街交叉口东南100米,2,00:00-24:00,2019/7/26
102690,502690,2,门头沟区·云快充汽车充电站(首开保利欢乐大都汇店),北京市北京市门头沟区冯石环线与石龙南路交汇处北(欢乐大都汇地下2层),8,00:00-24:00,2019/7/26
102691,502691,2,门头沟区·云快充目的地充电站(利嘉充电站门头沟区龙泉税务所站),北京市北京市门头沟区新桥大街与大峪二小北路交叉口北120米,1,00:00-24:00,2019/7/26
102692,502692,2,门头沟区·云快充目的地充电站(诺德彩园东区地下一层1209号车,北京市北京市门头沟区金沙西街5号院北京诺德彩园东区,6,00:00-24:00,2019/7/26
102693,502693,2,门头沟区·云快充目的地充电站(门头沟plus365地下交流充电,北京市北京市门头沟区冯石环路6号院3号楼地下一层停车场,3,00:00-24:00,2019/7/26
102694,502694,2,门头沟区·依威能源汽车充电站(中门寺小区商业停车楼),北京市北京市门头沟区中门寺南坡回迁安置小区立体停车场F040,6,00:00-24:00,2019/7/26
102695,502695,1,门头沟区·保时捷汽车充电站(北京悉昙酒店目的地充电站),北京市北京市门头沟区潭王路288号北京悉昙酒店,3,00:00-24:00,2019/7/26
102696,502696,1,门头沟区·公牛充电汽车充电站(北京乡土生态园民宿),北京市北京市门头沟区清水镇009县道,4,00:00-24:00,2019/7/26
102697,502697,2,门头沟区·公牛充电汽车充电站(四海瑞达潭柘新区),北京市北京市门头沟区潭柘新区4号院,2,00:00-24:00,2019/7/26
102698,502698,1,门头沟区·公牛充电汽车充电站(四海瑞达潭柘新区3号院),北京市北京市门头沟区潭柘新区3号院,2,00:00-24:00,2019/7/26
102699,502699,3,门头沟区·公牛充电汽车充电站(四海瑞达珍珠湖路口),北京市北京市门头沟区京拉线永芳饭店对面,3,00:00-24:00,2019/7/26
102700,502700,1,门头沟区·公牛充电汽车充电站(四海瑞达色树坟社区),北京市北京市门头沟区王平大街17号,1,00:00-24:00,2019/7/26
102701,502701,4,门头沟区·六环军庄出口充电站,北京市北京市门头沟区西六环与S3701京蔚高速(百花山段)出口交叉口东80米,6,00:00-24:00,2019/7/26
102702,502702,2,门头沟区·军庄汽车充电站,北京市北京市门头沟区军庄路与杨东路交叉口西北60米,4,00:00-24:00,2019/7/26
102703,502703,1,门头沟区·冯村共享汽车充电桩,北京市北京市门头沟区冯村嘉园二区9号楼西北角,1,00:00-24:00,2019/7/26
102704,502704,4,门头沟区·北汽极狐充电站(北京西长安中骏世界城超充站),北京市北京市门头沟区曹各庄中路与金沙西街交叉口东60米,8,00:00-24:00,2019/7/26
102705,502705,3,门头沟区·华商三优充电桩,北京市北京市门头沟区灵山路29号,6,00:00-24:00,2019/7/26
102706,502706,1,门头沟区·南庄村电动车充电桩,北京市北京市门头沟区南樱路,4,00:00-24:00,2019/7/26
102707,502707,2,门头沟区·国家电网充电站(下苇甸公路服务站),北京市北京市门头沟区下苇甸公路服务站(下苇甸客运站西北侧),3,00:00-24:00,2019/7/26
102708,502708,2,门头沟区·国家电网充电站(北京市门头沟区兴合家园有序充电站),北京市北京市门头沟区三温路与石门南路交叉口西240米,2,00:00-24:00,2019/7/26
102709,502709,2,门头沟区·国家电网充电站(北京粤宛),北京市北京市门头沟区福源路与安民西路交叉口东北60米,2,00:00-24:00,2019/7/26
102710,502710,2,门头沟区·国家电网充电站(华严小镇充电站内部),北京市北京市门头沟区平原村西路与潭王路旧线交叉口西南20米,2,00:00-24:00,2019/7/26
102711,502711,3,门头沟区·国家电网充电站(永定供电所),北京市北京市门头沟区华园路与泰安路交叉口东北60米,2,00:00-24:00,2019/7/26
102712,502712,3,门头沟区·国家电网充电站(石门营新区6区),北京市北京市门头沟区石园南路与紫金路交叉口西140米,3,00:00-24:00,2019/7/26
102713,502713,2,门头沟区·国家电网充电站(门头沟区剧场东街站)(内部专用),北京市北京市门头沟区新桥大街24号,3,00:00-24:00,2019/7/26
102714,502714,2,门头沟区·国家电网汽车充电站(京西酒店对面),北京市北京市门头沟区南三环78号玉泉营桥西地面停车场,3,00:00-24:00,2019/7/26
102715,502715,3,门头沟区·国家电网汽车充电站(北京市门头沟区临镜苑小区有序),北京市北京市门头沟区大峪街道滨河居住区绮霞苑,2,00:00-24:00,2019/7/26
102716,502716,3,门头沟区·国家电网汽车充电站(北京市门头沟区京浪岛文化体育公园,北京市北京市门头沟区三家店水库附近京浪岛文化体育公园地面停车场内,4,00:00-24:00,2019/7/26
102717,502717,2,门头沟区·国家电网汽车充电站(北京市门头沟区军庄桥),北京市北京市门头沟区龙泉雾村民委员会地面停车场,6,00:00-24:00,2019/7/26
102718,502718,2,门头沟区·国家电网汽车充电站(北京市门头沟区十八潭景区),北京市北京市门头沟区十八潭南侧休息区(龙门清水湾),1,00:00-24:00,2019/7/26
102719,502719,3,门头沟区·国家电网汽车充电站(北京市门头沟区山美庭小区充电站),北京市北京市门头沟区山美庭小区地面停车场,4,00:00-24:00,2019/7/26
102720,502720,3,门头沟区·国家电网汽车充电站(北京市门头沟区峪园),北京市北京市门头沟区峪园小区南侧停车场,2,00:00-24:00,2019/7/26
102721,502721,2,门头沟区·国家电网汽车充电站(北京市门头沟区德露苑小区),北京市北京市门头沟区德露苑小区6号楼西北地面停车场,2,00:00-24:00,2019/7/26
102722,502722,2,门头沟区·国家电网汽车充电站(北京市门头沟区承泽苑公共充电站),北京市北京市门头沟区滨河路72号大峪办事处后街,10,00:00-24:00,2019/7/26
102723,502723,3,门头沟区·国家电网汽车充电站(北京市门头沟区斋堂大街公安消防支,北京市北京市门头沟区斋堂镇东斋堂村,8,00:00-24:00,2019/7/26
102724,502724,1,门头沟区·国家电网汽车充电站(北京市门头沟区水峪嘴幸福广场公共,北京市北京市门头沟区妙峰山镇水峪嘴村幸福广场,2,00:00-24:00,2019/7/26
102725,502725,2,门头沟区·国家电网汽车充电站(北京市门头沟区永定镇小园村公共充,北京市北京市门头沟区永定镇小园(地铁站)云泽嘉苑,3,00:00-24:00,2019/7/26
102726,502726,2,门头沟区·国家电网汽车充电站(北京市门头沟区清水镇),北京市北京市门头沟区清水镇上清水村,3,00:00-24:00,2019/7/26
102727,502727,1,门头沟区·国家电网汽车充电站(北京市门头沟区清水镇政府公共充电,北京市北京市门头沟区清水镇政府,4,00:00-24:00,2019/7/26
102728,502728,2,门头沟区·国家电网汽车充电站(北京市门头沟区潭柘寺风景区),北京市北京市门头沟区潭王路东100米潭柘寺风景区潭柘寺停车场内,8,00:00-24:00,2019/7/26
102729,502729,2,门头沟区·国家电网汽车充电站(北京市门头沟区潭柘新区1号院公共,北京市北京市门头沟区潭柘寺镇潭柘新区1号院地面停车场,3,00:00-24:00,2019/7/26
102730,502730,2,门头沟区·国家电网汽车充电站(北京市门头沟区潭柘新区2号院),北京市北京市门头沟区潭柘新区2号院停车场,2,00:00-24:00,2019/7/26
102731,502731,3,门头沟区·国家电网汽车充电站(北京市门头沟区潭柘新区2号院公共,北京市北京市门头沟区潭柘寺镇潭柘新区2号院地面停车场,3,00:00-24:00,2019/7/26
102732,502732,2,门头沟区·国家电网汽车充电站(北京市门头沟区潭柘新区3号院公共,北京市北京市门头沟区潭柘寺镇潭柘新区3号院地面停车场,1,00:00-24:00,2019/7/26
102733,502733,2,门头沟区·国家电网汽车充电站(北京市门头沟区潭柘新区4号院公共,北京市北京市门头沟区潭柘寺镇潭柘新区4号院地面停车场,6,00:00-24:00,2019/7/26
102734,502734,1,门头沟区·国家电网汽车充电站(北京市门头沟区潭柘新区5号院公共,北京市北京市门头沟区潭柘寺镇潭柘新区5号院地面停车场,2,00:00-24:00,2019/7/26
102735,502735,2,门头沟区·国家电网汽车充电站(北京市门头沟区潭柘新区6号院公共,北京市北京市门头沟区潭柘寺镇潭柘新区6号院地面停车场,3,00:00-24:00,2019/7/26
102736,502736,2,门头沟区·国家电网汽车充电站(北京市门头沟区潭柘新区7号院公共,北京市北京市门头沟区潭柘新区7号院停车场,2,00:00-24:00,2019/7/26
102737,502737,3,门头沟区·国家电网汽车充电站(北京市门头沟区潭柘新区8号院),北京市北京市门头沟区潭柘寺镇潭柘新区8号院,10,00:00-24:00,2019/7/26
102738,502738,2,门头沟区·国家电网汽车充电站(北京市门头沟区潭柘新区8号院公共,北京市北京市门头沟区潭柘寺镇潭柘新区8号院地面停车场,2,00:00-24:00,2019/7/26
102739,502739,2,门头沟区·国家电网汽车充电站(北京市门头沟区潭柘新区8号院公共,北京市北京市门头沟区潭柘新区8号院停车场,12,00:00-24:00,2019/7/26
102740,502740,2,门头沟区·国家电网汽车充电站(北京市门头沟区爨底下景区),北京市北京市门头沟区斋堂镇爨底下村停车场,10,00:00-24:00,2019/7/26
102741,502741,2,门头沟区·国家电网汽车充电站(北京市门头沟区琉璃渠充电站),北京市北京市门头沟区石担路琉璃渠村后街地面停车场,6,00:00-24:00,2019/7/26
102742,502742,3,门头沟区·国家电网汽车充电站(北京市门头沟区石厂地铁站停车场公,北京市北京市门头沟区地铁S1线东北侧地面停车场(石厂地铁站A西口步行190米),4,00:00-24:00,2019/7/26
102743,502743,2,门头沟区·国家电网汽车充电站(北京市门头沟区石厂地铁站停车场公,北京市北京市门头沟区石厂站P+R停车场(石厂地铁站A西口步行90米),8,00:00-24:00,2019/7/26
102744,502744,3,门头沟区·国家电网汽车充电站(北京市门头沟区紫金新园停车场公共,北京市北京市门头沟区龙林路与紫金路交叉路口往西南约110米,1,00:00-24:00,2019/7/26
102745,502745,1,门头沟区·国家电网汽车充电站(北京市门头沟区绿岛家园东侧),北京市北京市门头沟区河滩路绿岛家园小区1号楼东北角地面停车场(临近举人茶府),8,00:00-24:00,2019/7/26
102746,502746,2,门头沟区·国家电网汽车充电站(北京市门头沟区雁翅公路服务站公共,北京市北京市门头沟区军庄镇西杨陀村军庄镇政府,2,00:00-24:00,2019/7/26
102747,502747,2,门头沟区·国家电网汽车充电站(北京市门头沟区马致远故居),北京市北京市门头沟区王平镇马致远故居西侧地面停车场,1,00:00-24:00,2019/7/26
102748,502748,2,门头沟区·国家电网汽车充电站(北京市门头沟区龙泉宾馆),北京市北京市门头沟区水闸北路21号门头沟龙泉宾馆对面六环桥下地面停车场,3,00:00-24:00,2019/7/26
102749,502749,3,门头沟区·国家电网汽车充电站(北京市门头沟区龙泉宾馆公共充电站,北京市北京市门头沟区水闸北路21号门头沟龙泉宾馆对面六环桥下,2,00:00-24:00,2019/7/26
102750,502750,3,门头沟区·国家电网汽车充电站(北京市门头沟区龙泉小学东侧),北京市北京市门头沟区龙泉镇龙泉小学东侧地面停车场,1,00:00-24:00,2019/7/26
102751,502751,1,门头沟区·国家电网汽车充电站(北京市门头沟区龙泉雾居委会公共充,北京市北京市门头沟区龙泉镇龙泉务居委会道路停车位,6,00:00-24:00,2019/7/26
102752,502752,2,门头沟区·国家电网汽车充电站(北京市门头沟区龙泉雾村委会充电站,北京市北京市门头沟区龙泉雾村民委员会停车场,1,00:00-24:00,2019/7/26
102753,502753,2,门头沟区·国家电网汽车充电站(北京市门头沟区龙泉雾社区居委会公,北京市北京市门头沟区龙泉镇龙泉务居委会,8,00:00-24:00,2019/7/26
102754,502754,3,门头沟区·国家电网汽车充电站(北京市门头沟区龙门新区1号停车场,北京市北京市门头沟区龙门新区1号停车场公共充电站,1,00:00-24:00,2019/7/26
102755,502755,3,门头沟区·国家电网汽车充电站(妙峰山景区),北京市北京市门头沟区妙峰山镇涧沟村妙峰山景区停车场,10,00:00-24:00,2019/7/26
102756,502756,2,门头沟区·国家电网汽车充电站(承泽苑小区外),北京市北京市门头沟区承泽苑小区院外(7号楼西侧)道路停车位,3,00:00-24:00,2019/7/26
102757,502757,3,门头沟区·国家电网汽车充电站(桥东街),北京市北京市门头沟区河滩桥东街路10号医院对面地面停车场,8,00:00-24:00,2019/7/26
102758,502758,2,门头沟区·国家电网汽车充电站(福亭公园西),北京市北京市门头沟区地面停车场,4,00:00-24:00,2019/7/26
102759,502759,3,门头沟区·国家电网汽车充电站(门头沟客户服务中心),北京市北京市门头沟区滨河路66号道路停车位,1,00:00-24:00,2019/7/26
102760,502760,3,门头沟区·国家电网电动汽车充电站(内部专用),北京市北京市门头沟区永定镇戒台寺停车场内,3,00:00-24:00,2019/7/26
102761,502761,1,门头沟区·壳牌充电汽车充电站(壳牌充电北京门头沟石龙三期地下充,北京市北京市门头沟区莲石西路98号石龙孵化园石龙三期B2层D区029-048车位,8,00:00-24:00,2019/7/26
102762,502762,2,门头沟区·壳牌充电汽车充电站(壳牌充电北京门头沟石龙创业大厦地,北京市北京市门头沟区莲石湖西路98号院石龙孵化园创业大厦B3,6,00:00-24:00,2019/7/26
102763,502763,2,门头沟区·壳牌充电汽车充电站(壳牌充电北京门头沟石龙创新大厦地,北京市北京市门头沟区莲石西路98号石龙孵化园创新大厦B2,12,00:00-24:00,2019/7/26
102764,502764,2,门头沟区·壳牌充电汽车充电站(壳牌充电北京门头沟石龙阳光大厦地,北京市北京市门头沟区永定石湖西路98号阳光大厦B1,10,00:00-24:00,2019/7/26
102765,502765,3,门头沟区·家充充汽车充电站(欢乐大都会-B2-B区-2297车,北京市北京市门头沟区北京市石担路辅路门头沟区永定保利首开·欢乐大都汇,1,00:00-24:00,2019/7/26
102766,502766,3,门头沟区·小桔充电汽车充电站(北京门头沟金融街融悦中心),北京市北京市门头沟区金融街融悦中心地下停车场(小园地铁站B1口步行400米),12,00:00-24:00,2019/7/26
102767,502767,3,门头沟区·小桔充电汽车充电站(北京门头沟龙泉宾馆),北京市北京市门头沟区龙泉会堂东北门西北190米,3,00:00-24:00,2019/7/26
102768,502768,3,门头沟区·小桔充电汽车充电站(门头沟7号院),北京市北京市门头沟区永定滨河路18号院地面停车场115,8,00:00-24:00,2019/7/26
102769,502769,2,门头沟区·小桔充电汽车充电站(顺充门头沟梨园停车场超级),北京市北京市门头沟区月季园路大峪街道新桥南大街社区梨园停车场,1,00:00-24:00,2019/7/26
102770,502770,2,门头沟区·小鹏超级充电站(小鹏S4超快充北京景阳融鑫大厦站),北京市北京市门头沟区景阳融鑫大厦南门旁(小园地铁站B1口步行330米),2,00:00-24:00,2019/7/26
102771,502771,2,门头沟区·小鹏超级充电站(小鹏S4超快充北京门头沟新桥大街站),北京市北京市门头沟区月季园路大峪街道新桥南大街社区梨园停车场,10,00:00-24:00,2019/7/26
102772,502772,4,门头沟区·小麦电站汽车充电站(中门寺南坡小区2号楼共享充电桩),北京市北京市门头沟区大峪南路,4,00:00-24:00,2019/7/26
102773,502773,3,门头沟区·捷顺充汽车充电站(西山燕庐地下停车场充电站),北京市北京市门头沟区永定镇新城东街西山燕庐,8,00:00-24:00,2019/7/26
102774,502774,2,门头沟区·新电途汽车充电站(门头沟plus365地下充电站),北京市北京市门头沟区永定镇西北环线Plus365购物中心(门头沟店),2,00:00-24:00,2019/7/26
102775,502775,1,门头沟区·新电途汽车充电站(龙门口慢充站),北京市北京市门头沟区斋堂镇龙门口村,2,00:00-24:00,2019/7/26
102776,502776,3,门头沟区·昆仑网电汽车充电站(昆仑网电北京中国铁建梧桐汇充电站,"北京市北京市门头沟区永定镇东辛秤中国铁建梧桐汇梧桐嘉苑清露园北门进入,龙兴南一路南侧,右侧停车场即到",2,00:00-24:00,2019/7/26
102777,502777,2,门头沟区·昆仑网电汽车充电站(昆仑网电北京小园地铁充电站),北京市北京市门头沟区小园地铁站北侧地面停车场,8,00:00-24:00,2019/7/26
102778,502778,2,门头沟区·星星充电汽车充电站(星星充电-门头沟-石龙老年护养中,北京市北京市门头沟区石龙医院地面停车场29,10,00:00-24:00,2019/7/26
102779,502779,3,门头沟区·普天充电站(中国铁建梧桐汇),北京市北京市门头沟区龙兴南一路与玉带西街交叉口东140米,4,00:00-24:00,2019/7/26
102780,502780,1,门头沟区·智电时代鸿博文化园汽车交流站,北京市北京市门头沟区鲁家滩西街6号,8,00:00-24:00,2019/7/26
102781,502781,2,门头沟区·有加充电汽车充电站(北京市华萃西山二期3.4),北京市北京市门头沟区永定地区石龙南路75号,8,00:00-24:00,2019/7/26
102782,502782,2,门头沟区·有加充电目的地充电站(北京市华萃西山二期8号楼),北京市北京市门头沟区永定地区石龙南路75号,8,00:00-24:00,2019/7/26
102783,502783,3,门头沟区·有加充电目的地充电站(华萃西山1期),北京市北京市门头沟区G108辅线与苛罗坨北路交叉口东南方向136米左右,2,00:00-24:00,2019/7/26
102784,502784,2,门头沟区·有加充电目的地充电站(西山艺境),北京市北京市门头沟区西山环路7号院,6,00:00-24:00,2019/7/26
102785,502785,2,门头沟区·来点电汽车充电站(11号快12号快充充电站),北京市北京市门头沟区石龙北路42号永兴小区南侧,3,00:00-24:00,2019/7/26
102786,502786,1,门头沟区·来点电汽车充电站(6号慢充充电站),北京市北京市门头沟区石龙北路42号永兴小区南侧,2,00:00-24:00,2019/7/26
102787,502787,1,门头沟区·来点电汽车充电站(7号慢充充电站),北京市北京市门头沟区石龙北路42号永兴小区南侧,2,00:00-24:00,2019/7/26
102788,502788,1,门头沟区·来点电汽车充电站(8号慢充充电站),北京市北京市门头沟区石龙北路42号永兴小区南侧,3,00:00-24:00,2019/7/26
102789,502789,2,门头沟区·来点电汽车充电站(9号快10号快充充电站),北京市北京市门头沟区石龙北路42号永兴小区南侧,1,00:00-24:00,2019/7/26
102790,502790,2,门头沟区·比邻电驿充电站,北京市北京市门头沟区金沙西街5号院北京诺德彩园东区,2,00:00-24:00,2019/7/26
102791,502791,2,门头沟区·汽车充电站,北京市北京市门头沟区斋堂镇文化中心,8,00:00-24:00,2019/7/26
102792,502792,4,门头沟区·汽车充电站(京能集团能+超充永升嘉园站),北京市北京市门头沟区玉带西街301号院,6,00:00-24:00,2019/7/26
102793,502793,2,门头沟区·汽车充电站(公共站门头沟区西胡林服务区进京方向优易充,北京市北京市门头沟区西胡林东路与京拉线交叉口西南480米,1,00:00-24:00,2019/7/26
102794,502794,1,门头沟区·汽车充电站(北京西山燕庐室外地面)(内部专用),北京市北京市门头沟区永定镇新城东街西山燕庐,6,00:00-24:00,2019/7/26
102795,502795,1,门头沟区·汽车充电站(北汽新能源),北京市北京市门头沟区高家园东街1号院14号15号楼317,1,00:00-24:00,2019/7/26
102796,502796,3,门头沟区·汽车充电站(和平街),北京市北京市门头沟区和平街与和平西街交叉口东北20米,2,00:00-24:00,2019/7/26
102797,502797,1,门头沟区·汽车充电站(小湖智充北京龙湖揽境站),北京市北京市门头沟区永定镇西苑路龙湖北辰揽境地下停车场,12,00:00-24:00,2019/7/26
102798,502798,2,门头沟区·汽车充电站(新源恒远公共站082-人保大厦),北京市北京市门头沟区中门寺大街16号人保大厦东门北侧车位,4,00:00-24:00,2019/7/26
102799,502799,2,门头沟区·汽车充电站(西胡林服务区),北京市北京市门头沟区西胡林东路与京拉线交叉口西420米,12,00:00-24:00,2019/7/26
102800,502800,2,门头沟区·汽车充电站(隆瑞三优斋堂站),北京市北京市门头沟区斋堂大街107号(斋堂城遗址西北侧),3,00:00-24:00,2019/7/26
102801,502801,2,门头沟区·滴滴充电汽车充电站(BP快速充电站北京门头沟金融街融,北京市北京市门头沟区金融街融悦中心(小园地铁站B1口步行360米),6,00:00-24:00,2019/7/26
102802,502802,4,门头沟区·滴滴充电汽车充电站(公牛超充站门头沟象地万玺大厦超级,北京市北京市门头沟区大峪街道新桥大街象地万玺大厦,2,00:00-24:00,2019/7/26
102803,502803,2,门头沟区·滴滴充电汽车充电站(北京门头沟龙泉宾馆充电站),北京市北京市门头沟区龙泉镇龙泉宾馆(东北1门)进门右转即到,4,00:00-24:00,2019/7/26
102804,502804,1,门头沟区·滴滴充电汽车充电站(皓能西山梧桐充电站),北京市北京市门头沟区永定镇友谊路和合苑永定镇政府,3,00:00-24:00,2019/7/26
102805,502805,1,门头沟区·滴滴充电汽车充电站(门头沟精雕智造中心华园路1号充电,北京市北京市门头沟区永定镇华园路1号北京中关村精雕智造科技创新中心停车场西侧,2,00:00-24:00,2019/7/26
102806,502806,4,门头沟区·瀚瑞德汽车充电站(能加超充门头沟国信滨河大厦站),北京市北京市门头沟区滨河路115号,1,00:00-24:00,2019/7/26
102807,502807,3,门头沟区·特斯拉目的地充电站(北京呢喃山居私汤民宿目的地充电站,北京市北京市门头沟区赵家台老村8号地面停车场,4,00:00-24:00,2019/7/26
102808,502808,4,门头沟区·特斯拉超级充电站(北京熙旺中心大厦),北京市北京市门头沟区双峪路35号熙旺中心大厦地下停车场B2层B2123车位对面/入口双峪路辅路,8,00:00-24:00,2019/7/26
102809,502809,2,门头沟区·特斯拉超级充电站(北京长安天街),北京市北京市门头沟区新城大街北京长安天街地下停车场B3-K区,1,00:00-24:00,2019/7/26
102810,502810,1,门头沟区·特斯拉超级充电站(北京门头沟七星长安),北京市北京市门头沟区石龙北路15号鸿坤七星长安地下停车场B2层015车位对面/入口新桥大街,12,00:00-24:00,2019/7/26
102811,502811,3,门头沟区·特来电充电站(中恒熙旺中心),北京市北京市门头沟区大峪街道双峪路35号院1号熙旺中心大厦地下停车场,1,00:00-24:00,2019/7/26
102812,502812,2,门头沟区·特来电汽车充电站(中恒智选假日酒店充电站),北京市北京市门头沟区永定镇西苑路北京门头沟智选假日酒店,3,00:00-24:00,2019/7/26
102813,502813,2,门头沟区·特来电汽车充电站(北京中门寺小区充电站),北京市北京市门头沟区中门寺南路与305乡道交叉口东240米地面停车场,1,00:00-24:00,2019/7/26
102814,502814,3,门头沟区·特来电汽车充电站(特来电北京京西晨光酒店充电站),北京市北京市门头沟区双峪路1号地面停车场08,10,00:00-24:00,2019/7/26
102815,502815,4,门头沟区·理想超级充电站(理想超充站北京西长安壹号南区南门停车,北京市北京市门头沟区西长安壹号南区南门旁(上岸地铁站出入口步行460米),3,00:00-24:00,2019/7/26
102816,502816,1,门头沟区·电动汽车充电站(落坡环路),北京市北京市门头沟区东韭路与东石古岩路交叉口南180米,4,00:00-24:00,2019/7/26
102817,502817,4,门头沟区·能加超充汽车充电站(门头沟国信滨河大厦站),北京市北京市门头沟区滨河路115号国信滨河大厦停车场内,4,00:00-24:00,2019/7/26
102818,502818,4,门头沟区·能加超充超级充电站(门头沟区永升嘉园超充站·华为超充,北京市北京市门头沟区永升嘉园东侧停车场,4,00:00-24:00,2019/7/26
102819,502819,2,门头沟区·能效邻里共享汽车充电站(直流慢充7KV9孔),北京市北京市门头沟区2号楼前74号车位,4,00:00-24:00,2019/7/26
102820,502820,2,门头沟区·蔚来换电站(龙门新区站),北京市北京市门头沟区城子街道龙门新区,8,00:00-24:00,2019/7/26
102821,502821,2,门头沟区·蔚来能源超级充电站(北京门头沟龙门新区),北京市北京市门头沟区龙门新区1号地面停车场,2,00:00-24:00,2019/7/26
102822,502822,3,门头沟区·达克云A汽车充电站(门头沟景阳融鑫大厦充电站),北京市北京市门头沟区紫金路5号院景阳融鑫大厦地面停车场,6,00:00-24:00,2019/7/26
102823,502823,2,门头沟区·达克云汽车充电站(公牛象地万玺大厦超级充电站),北京市北京市门头沟区象地万玺大厦地面停车场,4,00:00-24:00,2019/7/26
102824,502824,2,门头沟区·达克云汽车充电站(场部管理站),北京市北京市门头沟区京西林场管理处场部,6,00:00-24:00,2019/7/26
102825,502825,3,门头沟区·逸安启超级充电站(北京西长安壹号南区),北京市北京市门头沟区新城东街19号西长安壹号南区地面停车场,6,00:00-24:00,2019/7/26
102826,502826,3,门头沟区·阳光充电汽车充电站(金隅琉璃文化创意产业园充电站),北京市北京市门头沟区琉璃渠大街2号,3,00:00-24:00,2019/7/26
102827,502827,2,门头沟区·隆瑞三优下苇甸890路充电站,北京市北京市门头沟区东方小区西侧270米,2,00:00-24:00,2019/7/26
102828,502828,2,门头沟区·隆瑞三优小园M26路M41路充电站,北京市北京市门头沟区云翔嘉苑西北门旁(小园地铁站B2口步行70米),2,00:00-24:00,2019/7/26
102829,502829,1,门头沟区·隆瑞三优德露苑891路充电站,北京市北京市门头沟区滨河路德露苑,10,00:00-24:00,2019/7/26
102830,502830,2,门头沟区·隆瑞三优石厂960路充电站,北京市北京市门头沟区西一路与石龙南路交叉口西南100米,3,00:00-24:00,2019/7/26
102831,502831,3,门头沟区·隆瑞三优超级充电站(隆瑞三优杨坨超级充电站),北京市北京市门头沟区S210(军庄路),2,00:00-24:00,2019/7/26
102832,502832,2,门头沟区·驴充充汽车充电站(门头沟区桃园小区),北京市北京市门头沟区桃园路桃园小区桃园社区-11号楼,2,00:00-24:00,2019/7/26
102833,502833,2,门头沟区·驿充电充电站(北京门头沟欢乐大都汇站),北京市北京市门头沟区冯石环线与石龙南路交叉路口往西北约50米欢乐大都汇,3,00:00-24:00,2019/7/26
102834,502834,3,顺义区·EC动力后沙峪充电站,北京市北京市顺义区蓝山国际北门西150米地面停车场,6,00:00-24:00,2019/7/26
102835,502835,2,顺义区·EC动力塔河村汽车充电站,北京市北京市顺义区双河大街塔河村顺力成电力设备安装工程有限公司,3,00:00-24:00,2019/7/26
102836,502836,3,顺义区·EC动力汽车充电站(航港),北京市北京市顺义区航港物流园地面停车场,3,00:00-24:00,2019/7/26
102837,502837,1,顺义区·bp pulse汽车充电站(北京顺义站前北街),北京市北京市顺义区胜利街道旺久阁美食坊顺义区铁路家属楼,3,00:00-24:00,2019/7/26
102838,502838,2,顺义区·中化新能源汽车充电站(北京蓝星清洗创新产业园充电站),北京市北京市顺义区安祥大街与裕安路交叉口东120米,2,00:00-24:00,2019/7/26
102839,502839,3,顺义区·中国石化汽车充电站(中国石化旺泉充电站),北京市北京市顺义区顺白路12号,3,00:00-24:00,2019/7/26
102840,502840,2,顺义区·中国石化汽车充电站(中国石化高丽营充电站),北京市北京市顺义区顺沙路南侧,3,00:00-24:00,2019/7/26
102841,502841,2,顺义区·中国石化汽车充电站(中国石化麗枫酒店充电站),北京市北京市顺义区丽枫酒店·北京首都机场新国展店地面停车场,3,00:00-24:00,2019/7/26
102842,502842,4,顺义区·中国石化汽车充电站(瑰悦酒店充电站),北京市北京市顺义区空港街道北京临空新国展瑰悦酒店(北1门),1,00:00-24:00,2019/7/26
102843,502843,2,顺义区·中国石化汽车充电站(石园充电站),北京市北京市顺义区石园南大街18号院3号楼西侧,1,00:00-24:00,2019/7/26
102844,502844,3,顺义区·中国石化汽车充电站(顺义华英园充电站),北京市北京市顺义区停车场(华英园东),2,00:00-24:00,2019/7/26
102845,502845,3,顺义区·中国石化汽车充电站(顺义头二营村充电站),北京市北京市顺义区李桥镇李三路小鹏地面停车场,8,00:00-24:00,2019/7/26
102846,502846,2,顺义区·中国石化超级充电站(鲁班充电站),北京市北京市顺义区南彩镇彩园工业区彩祥西路7号北京鲁班院内,3,00:00-24:00,2019/7/26
102847,502847,2,顺义区·于家公寓充电站,北京市北京市顺义区中通街20号,2,00:00-24:00,2019/7/26
102848,502848,2,顺义区·云快充24小时汽车充电站,北京市北京市顺义区陈各庄南街37号,3,00:00-24:00,2019/7/26
102849,502849,2,顺义区·云快充充电站(国展),北京市北京市顺义区裕丰路20号地面停车场09,1,00:00-24:00,2019/7/26
102850,502850,2,顺义区·云快充充电站(艾弘1号),北京市北京市顺义区火寺路白菊汽车零部件有限公司,3,00:00-24:00,2019/7/26
102851,502851,2,顺义区·云快充汽车充电站(博源宏达充电桩),北京市北京市顺义区李桥镇头二营村惠多多洗车北二百米,3,00:00-24:00,2019/7/26
102852,502852,2,顺义区·云快充汽车充电站(天成),北京市北京市顺义区高丽营镇高丽营四村高唐路与九厂路交叉口,6,00:00-24:00,2019/7/26
102853,502853,2,顺义区·云快充汽车充电站(德玉充电站),北京市北京市顺义区北京悦普达环保科技有限公司,6,00:00-24:00,2019/7/26
102854,502854,2,顺义区·云快充汽车充电站(王辛庄村充电站),北京市北京市顺义区杨镇王辛庄村,1,00:00-24:00,2019/7/26
102855,502855,2,顺义区·云快充汽车充电站(科创停车场充电站),北京市北京市顺义区仁和镇双河路北杜杨南街,6,00:00-24:00,2019/7/26
102856,502856,2,顺义区·云快充汽车充电站(空港物流园充电站),北京市北京市顺义区火寺路与順于路交叉路口向东50米路南,8,00:00-24:00,2019/7/26
102857,502857,2,顺义区·云快充汽车充电站(空港物流园充电站三期),北京市北京市顺义区北京市火寺路与順于路交叉路口向东50米路南,1,00:00-24:00,2019/7/26
102858,502858,2,顺义区·云快充汽车充电站(空港物流园充电站二期),北京市北京市顺义区火寺路与順于路交叉路口向东50米路南,4,00:00-24:00,2019/7/26
102859,502859,2,顺义区·云快充汽车充电站(顺义牌楼村充电站),北京市北京市顺义区李遂镇牌楼村三街13号,4,00:00-24:00,2019/7/26
102860,502860,2,顺义区·云快充汽车充电站(首都机场3号航站楼),北京市北京市顺义区三营西主街与一号路交叉口东南100米,4,00:00-24:00,2019/7/26
102861,502861,2,顺义区·云快充超级充电站(世纪全营充电站二期),北京市北京市顺义区赵全营镇卓迈货车有限公司,10,00:00-24:00,2019/7/26
102862,502862,2,顺义区·云快充超级充电站(众鑫合美充电站),北京市北京市顺义区李桥镇四纬东路通顺路口南行150马路西侧,1,00:00-24:00,2019/7/26
102863,502863,2,顺义区·云快充超级充电站(北务服务区充电站出京方向),北京市北京市顺义区北务服务区,2,00:00-24:00,2019/7/26
102864,502864,2,顺义区·云快充超级充电站(北务服务区充电站进京方向),北京市北京市顺义区北务服务区,1,00:00-24:00,2019/7/26
102865,502865,2,顺义区·云快充超级充电站(后沙峪段8号1号院充电站),北京市北京市顺义区京密路后沙峪段8号(后沙峪地铁站C东南口步行450米),6,00:00-24:00,2019/7/26
102866,502866,2,顺义区·云快充超级充电站(电小易衙门村站),北京市北京市顺义区马坡镇衙门村,4,00:00-24:00,2019/7/26
102867,502867,2,顺义区·云快充超级充电站(首都机场生活区充电站),北京市北京市顺义区陆联通地面停车场,1,00:00-24:00,2019/7/26
102868,502868,3,顺义区·优易充charge汽车充电站(东马各庄充电站),北京市北京市顺义区顺义区金马工业区中路,4,00:00-24:00,2019/7/26
102869,502869,2,顺义区·北京市顺义区北小营供电所充电站,北京市北京市顺义区北小营镇西乌鸡村南地面停车场,8,00:00-24:00,2019/7/26
102870,502870,2,顺义区·北京车联网汽车充电站(国门一号),北京市北京市顺义区后沙峪镇安平北街3号,2,00:00-24:00,2019/7/26
102871,502871,1,顺义区·北京车联网汽车充电站(首都机场能源中心),北京市北京市顺义区李桥镇李天路12号,8,00:00-24:00,2019/7/26
102872,502872,4,顺义区·北京首都国展会展中心岚图汽车智慧超充站,北京市北京市顺义区天柱西路14号,8,00:00-24:00,2019/7/26
102873,502873,1,顺义区·北京首都国际机场T3E区汽车充电站,北京市北京市顺义区一经路1号,1,00:00-24:00,2019/7/26
102874,502874,2,顺义区·千翔鸿胜充电站,北京市北京市顺义区史庄村退役军人服务站东侧50米,4,00:00-24:00,2019/7/26
102875,502875,2,顺义区·和瑞众联汽车充电站(EC动力航港二期充电站),北京市北京市顺义区南法信镇南岗路航港物流园,3,00:00-24:00,2019/7/26
102876,502876,2,顺义区·国家电网汽车充电站(五经路),北京市北京市顺义区T3航站楼东南地面停车场(国际要客登机口对面),10,00:00-24:00,2019/7/26
102877,502877,2,顺义区·国家电网汽车充电站(北京市顺义区仁和),北京市北京市顺义区南二环路仁和镇米各庄村北,6,00:00-24:00,2019/7/26
102878,502878,2,顺义区·国家电网汽车充电站(北京市顺义区俸伯地铁站充电站),北京市北京市顺义区顺平辅线俸伯站P+R停车场内,6,00:00-24:00,2019/7/26
102879,502879,1,顺义区·国家电网汽车充电站(北京市顺义区南彩镇社区卫生服务站,北京市北京市顺义区顺平路南彩段3号,3,00:00-24:00,2019/7/26
102880,502880,2,顺义区·国家电网汽车充电站(北京市顺义区后沙峪),北京市北京市顺义区后沙峪镇裕安路4号地面停车场,1,00:00-24:00,2019/7/26
102881,502881,1,顺义区·国家电网汽车充电站(北京市顺义区天竺),北京市北京市顺义区小王辛庄南路8号院附近,1,00:00-24:00,2019/7/26
102882,502882,4,顺义区·国家电网汽车充电站(北京市顺义区奥林匹克水上公园公共,北京市北京市顺义区北小营镇水上公园正门对面,3,00:00-24:00,2019/7/26
102883,502883,1,顺义区·国家电网汽车充电站(北京市顺义区张镇),北京市北京市顺义区[],3,00:00-24:00,2019/7/26
102884,502884,2,顺义区·国家电网汽车充电站(北京市顺义区木林),北京市北京市顺义区木林镇木林教师楼北,2,00:00-24:00,2019/7/26
102885,502885,2,顺义区·国家电网汽车充电站(北京市顺义区李桥),北京市北京市顺义区李桥镇沿河村西,4,00:00-24:00,2019/7/26
102886,502886,1,顺义区·国家电网汽车充电站(北京市顺义区李遂),北京市北京市顺义区李魏路支线与左魏路交叉口东北340米,2,00:00-24:00,2019/7/26
102887,502887,2,顺义区·国家电网汽车充电站(北京市顺义区海洪加油站东侧停车场,北京市北京市顺义区南法信镇中国石化海洪加油站东侧停车场,4,00:00-24:00,2019/7/26
102888,502888,3,顺义区·国家电网汽车充电站(北京市顺义区牛栏山镇北京中医院公,北京市北京市顺义区牛栏山镇北京中医院东侧公共停车场,3,00:00-24:00,2019/7/26
102889,502889,2,顺义区·国家电网汽车充电站(北京市顺义区航港大厦北侧公共充电,北京市北京市顺义区中轴路航港国际大厦北侧地面停车场0337,6,00:00-24:00,2019/7/26
102890,502890,1,顺义区·国家电网汽车充电站(北京市顺义区西外街西辛公共超级充,北京市北京市顺义区西外街21号(石门地铁站A西北口步行410米),4,00:00-24:00,2019/7/26
102891,502891,2,顺义区·国家电网汽车充电站(北京市顺义区赵全营),北京市北京市顺义区赵全营政府对面停车场,1,00:00-24:00,2019/7/26
102892,502892,3,顺义区·国家电网汽车充电站(北石槽供电所院外),北京市北京市顺义区北石槽供电所门口,3,00:00-24:00,2019/7/26
102893,502893,2,顺义区·国家电网汽车充电站(北韩路水色时光花园北410米),北京市北京市顺义区北小营镇西乌鸡村南地面停车场,10,00:00-24:00,2019/7/26
102894,502894,2,顺义区·国家电网汽车充电站(春晖园温泉酒店),北京市北京市顺义区高丽营镇春晖园温泉度假酒店南门地面停车场,2,00:00-24:00,2019/7/26
102895,502895,3,顺义区·国家电网汽车充电站(顺义北务供电所),北京市北京市顺义区龙塘路北50米,3,00:00-24:00,2019/7/26
102896,502896,3,顺义区·国家电网汽车充电站(顺义杨镇供电所),北京市北京市顺义区杨镇开发区,4,00:00-24:00,2019/7/26
102897,502897,2,顺义区·国家电网汽车充电站(龙湾屯供电所),北京市北京市顺义区龙湾屯镇焦庄户村南2000米,3,00:00-24:00,2019/7/26
102898,502898,3,顺义区·国家电网高丽营供电所,北京市北京市顺义区高丽营供电所门口,1,00:00-24:00,2019/7/26
102899,502899,2,顺义区·壳牌充电汽车充电站(壳牌充电北京顺义货运路地面快充站,北京市北京市顺义区府前二街1号院14幢停车场,2,00:00-24:00,2019/7/26
102900,502900,2,顺义区·壳牌充电超级充电站(壳牌充电北京顺义嘉瑞大厦地面快充,北京市北京市顺义区嘉瑞大厦停车场,2,00:00-24:00,2019/7/26
102901,502901,3,顺义区·小桔充电汽车充电站(丰荣大厦西侧充电站),北京市北京市顺义区丰荣大厦西侧90米,3,00:00-24:00,2019/7/26
102902,502902,1,顺义区·小桔充电汽车充电站(北京市顺义区天竺希望家园二期充电,北京市北京市顺义区府右街6号西南停车场,4,00:00-24:00,2019/7/26
102903,502903,2,顺义区·小桔充电汽车充电站(北京市顺义区李桥镇李天路牡丹花园,北京市北京市顺义区牡丹花园(南半壁店东二街)-停车场,6,00:00-24:00,2019/7/26
102904,502904,2,顺义区·小桔充电汽车充电站(北京顺义启航国际充电站),北京市北京市顺义区后沙峪镇绿地启航国际(东门),3,00:00-24:00,2019/7/26
102905,502905,4,顺义区·小桔充电汽车充电站(北京顺义国翼中心),北京市北京市顺义区李桥镇临空经济核心区汇海南路1号院国翼中心东北门进地库,6,00:00-24:00,2019/7/26
102906,502906,3,顺义区·小桔充电汽车充电站(北京顺义易行佳盛停车场充电站),北京市北京市顺义区四纬东路与通顺路交叉口东120米地面停车场23,2,00:00-24:00,2019/7/26
102907,502907,3,顺义区·小桔充电汽车充电站(北京顺义金宝天阶),北京市北京市顺义区顺恒大街与坤安路交叉口西220米,1,00:00-24:00,2019/7/26
102908,502908,3,顺义区·小桔充电汽车充电站(泰仕登酒店),北京市北京市顺义区天竺镇安全生产检查队北门西190米地面停车场,4,00:00-24:00,2019/7/26
102909,502909,2,顺义区·小桔充电汽车充电站(燕丰西马液冷超级充电站有大车位),北京市北京市顺义区高丽营镇北京捷昌达物流有限公司北京厚德天成物流有限责任公司,1,00:00-24:00,2019/7/26
102910,502910,2,顺义区·小桔充电汽车充电站(荣祥广场),北京市北京市顺义区荣祥广场停车场,3,00:00-24:00,2019/7/26
102911,502911,2,顺义区·小鹏超级充电站(小鹏S4超快充北京东亚创展国际站),北京市北京市顺义区顺平路与规划五路交口西北角东亚创展国际,1,00:00-24:00,2019/7/26
102912,502912,2,顺义区·小鹏超级充电站(小鹏S4超快充北京中国石化高丽营站),北京市北京市顺义区北京市高丽营镇中国石化汽车充电站(高丽营充电站),3,00:00-24:00,2019/7/26
102913,502913,2,顺义区·小鹏超级充电站(小鹏S4超快充北京顺义新国展充电站),北京市北京市顺义区裕丰路20号云快充新国展充电站(入口裕丰路),3,00:00-24:00,2019/7/26
102914,502914,2,顺义区·小鹏超级充电站(小鹏S4超快充北京顺义科创二期站),北京市北京市顺义区仁和镇双河路北杜杨南街交叉楼口向东150米,3,00:00-24:00,2019/7/26
102915,502915,2,顺义区·小鹏超级充电站(小鹏S4超快充北京顺义科创停车场站),北京市北京市顺义区仁和镇双河路北杜杨南街交叉楼口向东150米,4,00:00-24:00,2019/7/26
102916,502916,2,顺义区·小鹏超级充电站(小鹏S4超快充北京顺义首都机场站),北京市北京市顺义区李天路与半壁店村东二街交叉口西100米首都机场能源中心,2,00:00-24:00,2019/7/26
102917,502917,2,顺义区·小鹏超级充电站(小鹏S4超快充北京顺义马坡站),北京市北京市顺义区通顺路与永业东大街交叉口西南150米路边充电车位,2,00:00-24:00,2019/7/26
102918,502918,4,顺义区·广汽能源北京顺义张喜庄超充站,北京市北京市顺义区张南路109号,2,00:00-24:00,2019/7/26
102919,502919,4,顺义区·广汽能源汽车充电站(广汽能源北京顺义乾安路建胜街路侧,北京市北京市顺义区双丰街道中建宸庐一期北京恒大上和府,10,00:00-24:00,2019/7/26
102920,502920,4,顺义区·广汽能源汽车充电站(广汽能源北京顺义妇幼保健院超充站,北京市北京市顺义区石园街道顺康路,1,00:00-24:00,2019/7/26
102921,502921,4,顺义区·广汽能源汽车充电站(广汽能源北京顺义张喜庄超充站),北京市北京市顺义区高丽营镇东方一号公寓北京永成兴业轻钢彩板有限公司,6,00:00-24:00,2019/7/26
102922,502922,4,顺义区·广汽能源汽车充电站(广汽能源北京顺义白星汽车园超充站,北京市北京市顺义区麦当劳(牛栏山店),1,00:00-24:00,2019/7/26
102923,502923,4,顺义区·广汽能源汽车充电站(广汽能源北京顺义鲲熙汇西路侧超充,北京市北京市顺义区双丰街道和锦华宸悦境东区,4,00:00-24:00,2019/7/26
102924,502924,2,顺义区·开迈斯北京市顺义能源中心地上直流站,北京市北京市顺义区李天路与南半壁店中心一街交叉口东120米,6,00:00-24:00,2019/7/26
102925,502925,4,顺义区·开迈斯汽车充电站(北京市中国航油科技信息基地站),"北京市北京市顺义区吉祥中路25号(快充在B1,慢充在地面)",4,00:00-24:00,2019/7/26
102926,502926,2,顺义区·意志充电场站,北京市北京市顺义区火寺路88号,2,00:00-24:00,2019/7/26
102927,502927,3,顺义区·新电途汽车充电站(东亚创展国际充电站),北京市北京市顺义区顺平路与裕曦路交叉口北20米入口,2,00:00-24:00,2019/7/26
102928,502928,3,顺义区·新电途汽车充电站(京林大厦充电站),北京市北京市顺义区京林大厦停车场,8,00:00-24:00,2019/7/26
102929,502929,1,顺义区·新电途汽车充电站(优智高丽营充电站),北京市北京市顺义区高丽营镇中国石化汽车充电站(高丽营充电站),3,00:00-24:00,2019/7/26
102930,502930,3,顺义区·新电途汽车充电站(佰特充电站),北京市北京市顺义区李桥镇,1,00:00-24:00,2019/7/26
102931,502931,1,顺义区·新电途汽车充电站(佰特慢充充电站),北京市北京市顺义区佰特充电站,8,00:00-24:00,2019/7/26
102932,502932,2,顺义区·新电途汽车充电站(北京艾迪公园充电站),北京市北京市顺义区ID-PARK艾迪公园地面停车场,3,00:00-24:00,2019/7/26
102933,502933,3,顺义区·新电途汽车充电站(北京顺义区T3综合新能源示范站),北京市北京市顺义区李桥镇北京枫尚智选酒店(首都机场T3航站楼店),6,00:00-24:00,2019/7/26
102934,502934,2,顺义区·新电途汽车充电站(国泰宜宾充电站),北京市北京市顺义区义宾南区B区北1门西120米,1,00:00-24:00,2019/7/26
102935,502935,2,顺义区·新电途汽车充电站(大江洼充电站二期),北京市北京市顺义区南法信镇镇大江洼村公园东侧,8,00:00-24:00,2019/7/26
102936,502936,1,顺义区·新电途汽车充电站(恒富原河北村充电站),北京市北京市顺义区南彩镇顺平辅线,6,00:00-24:00,2019/7/26
102937,502937,2,顺义区·新电途汽车充电站(木北路重卡充电站),北京市北京市顺义区木北路6号,8,00:00-24:00,2019/7/26
102938,502938,2,顺义区·新电途汽车充电站(杨镇二院充电站),北京市北京市顺义区杨镇双阳住宅小区顺义区第二医院,6,00:00-24:00,2019/7/26
102939,502939,2,顺义区·新电途汽车充电站(板桥新苑路南充电站),北京市北京市顺义区家家福购物广场昌金路店地面停车场,1,00:00-24:00,2019/7/26
102940,502940,4,顺义区·新电途汽车充电站(西马超充充电站),北京市北京市顺义区高丽营镇火寺路,1,00:00-24:00,2019/7/26
102941,502941,2,顺义区·新电途汽车充电站(超级快充宁华智充张喜庄站),北京市北京市顺义区首创和园星航社区南(火寺路东),12,00:00-24:00,2019/7/26
102942,502942,2,顺义区·新电途汽车充电站(金马工业充电站),北京市北京市顺义区顺于路9号天龙汽配城斜对面,10,00:00-24:00,2019/7/26
102943,502943,2,顺义区·新电途汽车充电站(顺电驰重卡充电站),北京市北京市顺义区木林镇李魏路,4,00:00-24:00,2019/7/26
102944,502944,1,顺义区·昆仑网电汽车充电站(中国石油京瑞车检充电站),北京市北京市顺义区北京京瑞机动车服务有限公司地面停车场,2,00:00-24:00,2019/7/26
102945,502945,2,顺义区·昆仑网电汽车充电站(中国石油北京顺义南法信地铁充电站,北京市北京市顺义区南焦路南法信中心幼儿园东南侧,2,00:00-24:00,2019/7/26
102946,502946,4,顺义区·昆仑网电汽车充电站(中国石油北京顺义梵希盛宴婚礼城超,北京市北京市顺义区梵希盛宴婚礼艺术中心,3,00:00-24:00,2019/7/26
102947,502947,3,顺义区·昆仑网电汽车充电站(中国石油北京顺义空港安祥充电站),北京市北京市顺义区裕华路27号,6,00:00-24:00,2019/7/26
102948,502948,3,顺义区·昆仑网电汽车充电站(中国石油北京顺义财富广场充电站),北京市北京市顺义区财富广场停车场,2,00:00-24:00,2019/7/26
102949,502949,2,顺义区·昆仑网电汽车充电站(中国石油北京首都机场天竺超级充电,北京市北京市顺义区天竺镇宜必思酒店对面,3,00:00-24:00,2019/7/26
102950,502950,2,顺义区·星星充电(北京顺义李桥站),北京市北京市顺义区防汛路100号(北门进入),1,00:00-24:00,2019/7/26
102951,502951,2,顺义区·星星充电汽车充电站(-顺义-李桥豫鑫宏达),北京市北京市顺义区防汛路102号,2,00:00-24:00,2019/7/26
102952,502952,2,顺义区·星星充电汽车充电站(BMW预约充电服务区1),北京市北京市顺义区北京首都机场T3停车楼B-08(3号航站楼地铁站北出口旁),4,00:00-24:00,2019/7/26
102953,502953,2,顺义区·星星充电汽车充电站(京密路马坡桥华鑫充电站),北京市北京市顺义区马坡镇秦武姚村京密路临9号,3,00:00-24:00,2019/7/26
102954,502954,1,顺义区·星星充电汽车充电站(星星充电-顺义-北京空港宝湾国际,北京市北京市顺义区大孙各庄镇大孙各庄村西宝湾物流(北京顺义宝湾国际物流中心),1,00:00-24:00,2019/7/26
102955,502955,2,顺义区·星星充电汽车充电站(星星充电-顺义合景香悦四季充电站,北京市北京市顺义区合景香悦四季东区停车场,2,00:00-24:00,2019/7/26
102956,502956,2,顺义区·星星充电汽车充电站(顺义蓝巨人充电站),北京市北京市顺义区窑管路288号顺义蓝巨人停车场(岗山村南站公交场南),3,00:00-24:00,2019/7/26
102957,502957,2,顺义区·智电时代超级充电站,北京市北京市顺义区南航主楼附近,4,00:00-24:00,2019/7/26
102958,502958,4,顺义区·极氪能源汽车充电站(北京锦荟港超充站),北京市北京市顺义区站前街13号锦荟港地下停车场负二层C区B2-237车位对面,6,00:00-24:00,2019/7/26
102959,502959,2,顺义区·比亚迪闪充汽车充电站(北京顺义牛栏山京北机车),北京市北京市顺义区京密路与兰马路交叉口东北160米,12,00:00-24:00,2019/7/26
102960,502960,2,顺义区·比亚迪闪充汽车充电站(比亚迪北京北方瑞迪4S店),北京市北京市顺义区顺于路空港物流基地西18号,3,00:00-24:00,2019/7/26
102961,502961,2,顺义区·比亚迪闪充汽车充电站(比亚迪北京环耀王潮4S店),北京市北京市顺义区南法信东支路8号5幢1层101室南大电缆南门,6,00:00-24:00,2019/7/26
102962,502962,2,顺义区·汽车充电站(中石化华英园站),北京市北京市顺义区华英园5号楼西90米,2,00:00-24:00,2019/7/26
102963,502963,2,顺义区·汽车充电站(优易充空港B区站),北京市北京市顺义区顺义区空港工业园B区蓝天云链科技城(裕东路),10,00:00-24:00,2019/7/26
102964,502964,2,顺义区·汽车充电站(公共站顺义区市政路桥养护集团优易充小站),北京市北京市顺义区养护集团俸伯地面停车场(俸伯地铁站C2东南口步行70米),6,00:00-24:00,2019/7/26
102965,502965,2,顺义区·汽车充电站(公共站顺义区相各庄优易充小站),北京市北京市顺义区相各庄后街,2,00:00-24:00,2019/7/26
102966,502966,1,顺义区·汽车充电站(北京华联顺义金街店),北京市北京市顺义区仁和镇新顺南大街8号院北京华联顺义金街购物中心B3停车场,10,00:00-24:00,2019/7/26
102967,502967,1,顺义区·汽车充电站(北河站),北京市北京市顺义区北河精品公寓附近,8,00:00-24:00,2019/7/26
102968,502968,3,顺义区·汽车充电站(燕丰新能源驿站),北京市北京市顺义区顺密路与左堤路交叉口东南80米,10,00:00-24:00,2019/7/26
102969,502969,4,顺义区·汽车充电站(蔚来超充北京顺义朗姿购物广场站),北京市北京市顺义区安庆大街3号,2,00:00-24:00,2019/7/26
102970,502970,2,顺义区·汽车充电站(顺义外环路充电站),北京市北京市顺义区外环路鼎顺嘉园东区南侧,2,00:00-24:00,2019/7/26
102971,502971,2,顺义区·汽车充电站(首发能源京平高速北务服务区进京站),北京市北京市顺义区京平高速北务服务区进京方向地面停车场,4,00:00-24:00,2019/7/26
102972,502972,3,顺义区·汽车换电站(北汽动力朗姿站),北京市北京市顺义区裕华路24号朗姿女装购物广场停车场,3,00:00-24:00,2019/7/26
102973,502973,2,顺义区·汽车换电站(蔚来换电站),北京市北京市顺义区高唐路814号,4,00:00-24:00,2019/7/26
102974,502974,4,顺义区·液冷超充站汽车充电站,北京市北京市顺义区建新路31号,1,00:00-24:00,2019/7/26
102975,502975,4,顺义区·滴滴充电汽车充电站(Hi ZOOM超充站董各庄桥),北京市北京市顺义区后沙峪镇天北路天北路董各庄桥桥下西侧,3,00:00-24:00,2019/7/26
102976,502976,2,顺义区·滴滴充电汽车充电站(万马爱充泊安飞环宇停车场站),北京市北京市顺义区李桥镇环宇车场(南门)环宇商务科技园西侧,4,00:00-24:00,2019/7/26
102977,502977,3,顺义区·滴滴充电汽车充电站(中化新能源汽车充电站中化新能源北,北京市北京市顺义区中化新能源汽车充电站(中化新能源北京怡生园充电站),2,00:00-24:00,2019/7/26
102978,502978,1,顺义区·滴滴充电汽车充电站(中石化龙禹赛点体育公园充电站),北京市北京市顺义区顺通路29号赛点体育公园西侧地上停车场,8,00:00-24:00,2019/7/26
102979,502979,2,顺义区·滴滴充电汽车充电站(中石化龙禹顺义安德信充电站),北京市北京市顺义区仁和镇石马路东方快捷物流商务园地面停车场,6,00:00-24:00,2019/7/26
102980,502980,2,顺义区·滴滴充电汽车充电站(中石化龙禹顺义花水湾充电站),北京市北京市顺义区高丽营镇北高路北京爱陌客花水湾酒店,12,00:00-24:00,2019/7/26
102981,502981,1,顺义区·滴滴充电汽车充电站(公共站顺泰能源充电站河南村二站),"北京市北京市顺义区仁和镇黄家街58号河南村南口西侧,双河大街北侧",4,00:00-24:00,2019/7/26
102982,502982,2,顺义区·滴滴充电汽车充电站(公共站顺泰能源充电站西大坨站),北京市北京市顺义区顺泰恒远汽车充电站(公共站顺泰能源充电站西大坨站)北京市顺义区X201,10,00:00-24:00,2019/7/26
102983,502983,1,顺义区·滴滴充电汽车充电站(公共站顺泰能源充电站马坡联通站),北京市北京市顺义区双丰街道海棠园中国联通(顺义马坡营业厅)院内公共停车场,1,00:00-24:00,2019/7/26
102984,502984,1,顺义区·滴滴充电汽车充电站(北京天竺希望家园充电站),北京市北京市顺义区天竺镇小柒私厨牛肉饭·肉夹馍(天竺店)希望家园停车场西侧,2,00:00-24:00,2019/7/26
102985,502985,2,顺义区·滴滴充电汽车充电站(北京顺义区鹭峰国际充电站),北京市北京市顺义区鹭峯国际停车场,2,00:00-24:00,2019/7/26
102986,502986,4,顺义区·滴滴充电汽车充电站(张喜庄超充站),北京市北京市顺义区高丽营镇北京市顺义区水务局高丽营水务所北京永成兴业轻钢彩板有限公司,8,00:00-24:00,2019/7/26
102987,502987,2,顺义区·滴滴充电汽车充电站(快充无忧姚各庄充电站),北京市北京市顺义区牛栏山镇图书室牛栏山镇姚各庄村党支部,3,00:00-24:00,2019/7/26
102988,502988,4,顺义区·滴滴充电汽车充电站(顺义张喜庄东南超充站可充大车),北京市北京市顺义区高丽营镇文河路北京永成兴业轻钢彩板有限公司,3,00:00-24:00,2019/7/26
102989,502989,2,顺义区·特斯拉超级充电站(丽枫酒店北京首都机场国展店),北京市北京市顺义区南法信镇顺沙路东杜兰段7号丽枫酒店首都机场国展店,8,00:00-24:00,2019/7/26
102990,502990,3,顺义区·特斯拉超级充电站(北京华联BHG Mall顺义店),北京市北京市顺义区新顺南大街8号地下停车场B2层D14通道/入口新顺街,3,00:00-24:00,2019/7/26
102991,502991,2,顺义区·特斯拉超级充电站(北京天博中心),北京市北京市顺义区天博中心地下B2层/入口南焦路,3,00:00-24:00,2019/7/26
102992,502992,2,顺义区·特斯拉超级充电站(北京欧陆广场),北京市北京市顺义区天竺镇裕祥路99号欧陆广场地面停车场,3,00:00-24:00,2019/7/26
102993,502993,2,顺义区·特斯拉超级充电站(北京罗红摄影艺术馆),北京市北京市顺义区林荫路罗红摄影艺术馆西门,2,00:00-24:00,2019/7/26
102994,502994,2,顺义区·特斯拉超级充电站(北京顺义特斯拉直营钣喷中心),北京市北京市顺义区林河大街18号tesla钣喷中心院内地上车位/入口林河大街,2,00:00-24:00,2019/7/26
102995,502995,2,顺义区·特斯拉超级充电站(后沙峪山姆),北京市北京市顺义区后沙峪镇安平街5号院2号楼地下B3层A079车位对面/入口裕曦路西门,3,00:00-24:00,2019/7/26
102996,502996,4,顺义区·特来电汽车充电站(燕京啤酒超充站),北京市北京市顺义区仁和镇顺福路燕京啤酒集团(燕京啤酒科技大厦南),12,00:00-24:00,2019/7/26
102997,502997,2,顺义区·特来电汽车充电站(特来电中恒顺义万仓充电站),北京市北京市顺义区文化营路与顺沙路交叉口东北方向132米左右北京恒泰通源物流有限公司院内停车场,2,00:00-24:00,2019/7/26
102998,502998,2,顺义区·特来电汽车充电站(特来电北京市顺义区闫家营村停车场充,北京市北京市顺义区高丽营镇地面停车场(出入口),6,00:00-24:00,2019/7/26
102999,502999,2,顺义区·特来电汽车充电站(特来电北京顺义居然之家充电站),北京市北京市顺义区顺西路24号地面停车场039,4,00:00-24:00,2019/7/26
103000,503000,1,顺义区·特来电汽车充电站(航城广场),北京市北京市顺义区宏远航城广场A座北侧停车位,10,00:00-24:00,2019/7/26
103001,503001,2,顺义区·特来电汽车充电站(闪电充电站),北京市北京市顺义区李桥镇北河村平沿路272号,3,00:00-24:00,2019/7/26
103002,503002,2,顺义区·特来电超级充电站(特来电北京市顺义区元力体育中心充电,北京市北京市顺义区天竺镇货运路元力体育中心,1,00:00-24:00,2019/7/26
103003,503003,2,顺义区·特来电超级充电站(特来电北京市顺义区樱花园充电站),北京市北京市顺义区李桥镇中国邮政储蓄银行(北京半壁店营业所)西隔墙,2,00:00-24:00,2019/7/26
103004,503004,4,顺义区·理想超级充电站(理想5C超充站北京顺义区医学工程健康,北京市北京市顺义区空港街道安祥大街10号中关村医学工程健康产业化基地,2,00:00-24:00,2019/7/26
103005,503005,4,顺义区·理想超级充电站(理想超充站北京国都大饭店),北京市北京市顺义区北京国都大饭店地面停车场,2,00:00-24:00,2019/7/26
103006,503006,4,顺义区·理想超级充电站(理想超充站北京翼之城),北京市北京市顺义区翼之城11号楼东南侧,6,00:00-24:00,2019/7/26
103007,503007,2,顺义区·电动自行车公共充电站,北京市北京市顺义区顺沙路25号,4,00:00-24:00,2019/7/26
103008,503008,2,顺义区·电动车充电棚,北京市北京市顺义区府前东街鑫海韵通双兴大卖场3层,2,00:00-24:00,2019/7/26
103009,503009,4,顺义区·能加超充超级充电站(顺义航港超充站·华为超充技术支持,北京市北京市顺义区航港国际大厦,3,00:00-24:00,2019/7/26
103010,503010,2,顺义区·能效邻里共享汽车充电站(共享快充),北京市北京市顺义区奇兰公寓北三百米路东,4,00:00-24:00,2019/7/26
103011,503011,2,顺义区·能效邻里共享汽车充电站(沿河村能效充电站),北京市北京市顺义区中心街69号,1,00:00-24:00,2019/7/26
103012,503012,2,顺义区·能效邻里共享汽车充电站(王喆家20直流快充),"北京市北京市顺义区闫家营国槐大街133号,民乐超市西150米二层楼",1,00:00-24:00,2019/7/26
103013,503013,3,顺义区·蔚景云汽车充电站(顺义春晓服装厂充电站),北京市北京市顺义区南彩镇北京市春晓服装厂,1,00:00-24:00,2019/7/26
103014,503014,1,顺义区·蔚来换电站,北京市北京市顺义区李天路,3,00:00-24:00,2019/7/26
103015,503015,2,顺义区·蔚来换电站(北京远洋盈创健康产业园),北京市北京市顺义区远洋盈创健康产业园东门旁,3,00:00-24:00,2019/7/26
103016,503016,2,顺义区·超级饭电双河大街站,北京市北京市顺义区石园街道北京名辰假日酒店,4,00:00-24:00,2019/7/26
103017,503017,2,顺义区·逸安启超级充电站(北京江河中心),北京市北京市顺义区空港街道江河中心B1层,2,00:00-24:00,2019/7/26
103018,503018,2,顺义区·逸安启超级充电站(北京祥云小镇),"北京市北京市顺义区安泰大街9号祥云小镇南区B1层B区,闸机入口处右转即到",6,00:00-24:00,2019/7/26
103019,503019,1,顺义区·逸安启超级充电站(北京首都机场东海康得思酒店),北京市北京市顺义区首都国际机场东海商务中心地面停车场(东入口直行约50米),2,00:00-24:00,2019/7/26
103020,503020,3,顺义区·隆瑞三优超级充电站(隆瑞三优新国展超级充电站),北京市北京市顺义区安毓街,8,00:00-24:00,2019/7/26
103021,503021,2,顺义区·顺泰恒远汽车充电站(公共站顺泰能源充电站龙湾别墅站),北京市北京市顺义区裕园路与安宁大街交叉口西南240米,3,00:00-24:00,2019/7/26
103022,503022,1,顺义区·驴充充充电站(如馨公寓),北京市北京市顺义区南半壁店东三街宜居家园,2,00:00-24:00,2019/7/26
103023,503023,2,顺义区·驴充充汽车充电站(头二营村新建西路34号),北京市北京市顺义区S225(机场东路)北京商务花园大院,6,00:00-24:00,2019/7/26
